pais;anio;motivo;imagen;descrpcion-moneda;fecha-emision;volumen;observaciones;;;
Alemania;2006;Serie Bundesländer (Estados federados): Schleswig-Holstein;;En el centro de la moneda aparece la «Holstentor», puerta emblemática de la ciudad de Lübeck y, debajo, las palabras «Schleswig-Holstein», primero de los dieciséis Estados federados de Alemania con moneda en euros conmemorativa. A la derecha de la imagen aparecen las iniciales del grabador «HH» (Heinz Hoyer) y, a la izquierda, las letras «A», «D», «F», «G» y «J», dependiendo de la Fábrica de la Moneda. Doce estrellas forman una semicircunferencia en la parte superior de la corona circular, interrumpida por el año de acuñación («2006») en la parte superior de la moneda. Las palabras «Bundesrepublik Deutschland» forman una semicircunferencia en la parte inferior de la corona circular.;03 de febrero de 2006;30.000.000;Moneda en la que se presenta la Puerta de Holsten, antigua puerta de la ciudad de Lübeck, que marca el límite occidental de la parte medieval de la ciudad.;;;
Alemania;2007;Serie Bundesländer (Estados federados): Mecklemburgo-Pomerania Occidental;;La moneda reproduce el palacio de Schwerin y presenta la inscripción «MECKLENBURG-VORPOMMERN», el Estado federado de Mecklemburgo-Pomerania Occidental donde está situado dicho palacio. La marca de la Fábrica de la Moneda («A», «D», «F», «G» o «J») aparece sobre la imagen, y debajo figuran las iniciales del grabador, «HH» (Heinz Hoyer). En el anillo exterior de la moneda están representadas las doce estrellas de la Unión Europea, junto con el año de acuñación, «2007», y la leyenda «BUNDESREPUBLIK DEUTSCHLAND».;Febrero de 2007;30.000.000;Dedica al «Estado de Mecklemburgo-Pomerania Occidental» representando en la pieza el «Castillo de Schwerin», situado en la ciudad de mismo nombre, desde 1990, el palacio-castillo de Schwerin es la sede del parlamento de Mecklemburgo.;;;
Alemania;2007;Quincuagésimo aniversario del Tratado de Roma (Diseño común Eurozona);;En el centro de la moneda se representa el documento del Tratado firmado por los seis países fundadores, sobre un fondo que imita el pavimento diseñado por Miguel Ángel para la Piazza del Campidoglio de Roma, en la que tuvo lugar la firma el 25 de marzo de 1957. El nombre del país emisor y las leyendas «TRATADO DE ROMA 50 AÑOS» y «EUROPA» aparecen en latín o en el idioma o idiomas de dicho país de la zona del euro. Así pues, la inscripción varía según el país, aunque la imagen es la misma. El Tratado de Roma estableció la Comunidad Económica Europea, iniciando así un proceso que condujo a la introducción del euro en 1999 y de los billetes y monedas en euros en el 2002. Para celebrar el aniversario del Tratado, el 25 de marzo de 2007, los países miembros de la zona del euro han decidido emitir de forma conjunta esta moneda, cuyo diseño resultó elegido en un concurso organizado por las fábricas de moneda europeas. En el anillo exterior de la moneda están representadas las doce estrellas de la Unión Europea.;Marzo de 2007;30.000.000;Alemania (BUNDESREPUBLIK DEUTSCHLAND);;;
Alemania;2008;Serie de Bundesländer (Estados federados): Hamburgo;;En el centro de la moneda figura la iglesia barroca de San Miguel, conocida popularmente como «Michel», símbolo de la ciudad y del Estado federado de Hamburgo, como indica la inscripción bajo la imagen. A la derecha del monumento, de abajo hacia arriba, aparecen la inicial del grabador «OE» (Erich Ott) y la marca de ceca, representada por una de las letras «A», «D», «F» «G» o «J». El año de emisión «2008», las doce estrellas de la Unión Europea y la leyenda «BUNDESREPUBLIK DEUTSCHLAND» aparecen en la corona circular.;Febrero de 2008;30.000.000;Dedica al «Estado de Hamburgo» representando en la pieza la «Iglesia de San Miguel», situado en la ciudad de Hamburgo. La iglesia está dedicada al arcángel Miguel, en su fachada cuenta con una estatua de bronce que muestra al arcángel conquistando al diablo.;;;
Alemania;2009;Décimo aniversario de la Unión Económica y Monetaria (Diseño común Eurozona);;En la moneda puede verse una figura de diseño primitivo que se funde con el símbolo del €. La idea que se desea transmitir es que la moneda única y, por extensión, la Unión Económica y Monetaria (UEM) constituyen el último eslabón de la larga historia de la integración económica y comercial europea. Esta moneda la emiten todos los países de la zona del euro, figurando en cada caso el nombre del país emisor y la leyenda «UEM 1999-2009» en la lengua o lenguas respectivas. El diseño, elegido entre los cinco preseleccionados por ciudadanos de la Unión Europea mediante votación por Internet, es creación de George Stamatopoulos, escultor del departamento de acuñación del Banco de Grecia. En la corona circular se representan las doce estrellas de la Unión Europea.;Enero de 2009;30.000.000;Alemania (BUNDESREPUBLIK DEUTSCHLAND);;;
Alemania;2009;Serie de Bundesländer (Estados federados): Sarre;;En la moneda se representa la iglesia de San Luis, símbolo de Saarbrücken, capital del Sarre. El diseño reproduce la fachada este y el campanario característicos de la iglesia y, debajo, la inscripción «SAARLAND» y la marca de ceca representada por las letras «A», «D», «F», «G» o «J». Las iniciales del artista, Friedrich Brenner (FB), figuran a la derecha. El año de emisión, «2009», las doce estrellas de la Unión Europea y la leyenda «BUNDESREPUBLIK DEUTSCHLAND» aparecen en la corona circular.;06 de febrero de 2009;30.000.000;Representado en la pieza la «Iglesia de San Luis». Esta iglesia protestante es de estilo barroco y está considerada, no sólo una de las iglesias protestantes más importantes de Alemania, sino, también, un símbolo de la propia ciudad.;;;
Alemania;2010;Serie de Bundesländer (Estados federados): Bremen;;La parte interior de la moneda representa el ayuntamiento de Bremen, con la estatua de Roldán en primer plano. Debajo del ayuntamiento, a la derecha de la estatua, figura la leyenda «BREMEN». Arriba, a la izquierda, la marca de la Fábrica de la Moneda está representada por las letras A, D, F, G o J. En el extremo inferior se encuentran las iniciales del artista Bodo Broschat. En la corona circular de la moneda, la indicación del Estado emisor «D» y el año «2010» se intercalan arriba y abajo, respectivamente, entre las doce estrellas de la bandera europea.;29 de enero de 2010;30.000.000;El edificio del ayuntamiento de Bremen y la estatua de Rolando (o Roldán), ubicados en la plaza del mercado de esta ciudad del noroeste de Alemania, son dos obras muy representativas de las tradiciones de autonomía cívica y soberanía del Sacro Imperio Romano Germánico. El antiguo edificio del ayuntamiento fue construido en estilo gótico a comienzos del siglo XV, después de la adhesión de la ciudad a la Liga Hanseática. Más tarde, a principios del siglo XVII, el edificio fue renovado según el estilo renacentista típico de la región del río Weser. A principios del siglo XX se construyó un nuevo ayuntamiento junto a este antiguo edificio municipal, constituyendo así un conjunto arquitectónico que salió indemne de los bombardeos de la Segunda Guerra Mundial. La estatua, esculpida en 1404, tiene una altura de 5,5 metros.;;;
Alemania;2011;Serie de Bundesländer (Estados federados): Renania del Norte-Westfalia;;En el centro de la moneda aparece la catedral de Colonia sobre las palabras «Nordrhein-Westfalen», nombre original del Estado federado alemán en el que se encuentra. En la corona circular de la moneda figuran las doce estrellas de la Unión Europea, junto con el año de emisión, «2011», en la parte inferior.;28 de enero de 2011;30.000.000;;;;
Alemania;2012;Serie de Bundesländer (Estados federados): Baviera (Bayern);;La parte central de la moneda, diseñada por Erich Ott, muestra la vista este de uno de los monumentos más conocidos de Baviera, el castillo de Neuschwanstein, con la casa del guarda en primer plano, sus románticas torres y torreones y las majestuosas montañas como fondo. Debajo aparece el nombre del estado federado «BAYERN». La marca de ceca de la fábrica correspondiente (A, D, F, G o J) figura a la derecha, y las iniciales del artista, a la izquierda. En la corona circular figuran las doce estrellas de la Unión Europea. Entre las estrellas, en la parte inferior, aparece el año «2012» y, en la parte superior, la indicación del Estado emisor «D».;03 de febrero de 2012;30.000.000;;;;
Alemania;2012;Diez años de billetes y monedas en euros (Diseño común: Eurozona);;La parte central de la moneda, diseñada por Helmut Andexlinger, de la Fábrica de Moneda de Austria, y escogida por los ciudadanos y residentes de la zona del euro como moneda conmemorativa común de 2012, muestra el mundo en forma de símbolo del euro en el centro, aludiendo a cómo el euro se ha convertido en un verdadero actor mundial a lo largo de la última década. Los elementos que rodean al euro simbolizan su importancia para la gente corriente (representada por una familia de cuatro miembros), para el mundo de las finanzas (la Eurotower), para el comercio (un buque), para la industria (una fábrica) y la energía, para la investigación y el desarrollo (dos turbinas eólicas). Las iniciales del diseñador «A.H.» se aprecian (si se observa con mucha atención) entre el buque y la Eurotower. En los bordes superior e inferior de la parte central de la moneda figuran, respectivamente, el país emisor y los años «2002 – 2012». La moneda la emitirán todos los países de la zona del euro. En la corona circular figuran las doce estrellas de la Unión Europea.;enero de 2012;30.000.000;Alemania (BUNDESREPUBLIK DEUTSCHLAND);;;
Alemania;2013;50º aniversario de la firma del Tratado del Elíseo (Diseño común: ALE y FRA);;"La moneda, diseñada por Yves Sampo, de la Fábrica de la Moneda de París; Stefanie Lindner, de la Fábrica de la Moneda de Berlín; Alina Hoyer (Berlín) y Sneschana Russewa-Hoyer (Berlín), muestra los retratos estilizados de los signatarios del Tratado del Elíseo (el entonces canciller de la República Federal de Alemania, Konrad Adenauer, y el antiguo presidente de la República Francesa, Charles de Gaulle), sobre sus respectivas firmas situadas a los lados de la inscripción «50 ANS JAHRE» y el año «2013» en el centro. Las inscripciones «TRAITÉ DE L’ÉLYSÉE» y «ÉLYSÉE-VERTRAG» aparecen centradas, respectivamente, en los bordes superior e inferior del centro de la moneda. En el lado derecho de la parte interior se encuentra, bajo la efigie de Adenauer, la marca de ceca de la fábrica de la moneda correspondiente («A», «D», «F», «G» o «J»), así como el código del país emisor: «D». En la corona circular de la moneda figuran las doce estrellas de la Unión Europea.";22 de enero de 2013;11.000.000;Diseño común. Alemania y Francia.;;;
Alemania;2013;Serie bundesländer (Estados federados): Baden-Württemberg ;;"La parte interior de la moneda muestra el monasterio de Maulbronn, el complejo monástico medieval mejor conservado al norte de los Alpes. Este complejo, incluido en la Lista del Patrimonio Mundial de la UNESCO desde 1993, se fundó en 1147. En la parte superior aparece el año de emisión «2013». En la parte superior, se indica el año de emisión «2013»; en la parte inferior, figura la inscripción BADEN-WÜRTTEMBERG y, debajo, el código del país emisor «D»; la marca de ceca, representada por una de las letras A, D, F, G o J, aparece a la derecha y en la parte inferior izquierda, las iniciales del artista. En la corona circular de la moneda figuran las doce estrellas de la Unión Europea.";01 de febrero de 2013;30.000.000;;;;
Alemania;2014;Serie de Bundesländer (Estados federados): Baja Sajonia;;El centro de la moneda muestra la iglesia de San Miguel de Hildesheim (Baja Sajonia), incluida en la lista del patrimonio cultural mundial de la UNESCO en 1985. En la parte superior figura el año de emisión «2014» y, a la izquierda, la marca de ceca (A, D, F, G, J). En la parte inferior se lee la inscripción «NIEDERSACHSEN» y, debajo, el código del país emisor «D». En la parte superior derecha aparecen las iniciales del grabador OE (Ott Erich). En la corona circular figuran las doce estrellas de la Unión Europea.;07 de febrero de 2014;30.000.000;;;;
Alemania;2015;Serie de Bundesländer (Estados federados): Hesse;;La imagen muestra una perspectiva clásica de la iglesia de San Pablo en Fráncfort (la «Paulskirche» fue la sede del primer órgano legislativo libremente elegido de Alemania, en 1849, y se considera la cuna de la democracia alemana) y, por tanto, la que tiene mayor valor identificativo. El diseño pone de manifiesto la tensión entre el dominio de la torre y la estructura elíptica de la iglesia. El tramo ligeramente exagerado de escalera resulta atrayente al tiempo que refuerza la inscripción subyacente «HESSEN» (la iglesia de San Pablo está en el Estado federal de Hesse).En el interior de la moneda aparece también el año «2015» y la marca de la fábrica de la moneda correspondiente («A», «D», «F», «G» o «J») en el lado izquierdo, así como el código del país emisor «D» y la marca del grabador (las iniciales «HH» — Heinz Hoyer) en el lado derecho. En la corona circular de la moneda figuran las doce estrellas de la Unión Europea.;30 de enero de 2015;30.000.000;;;;
Alemania;2015;25 años de la unidad alemana;;En primer plano figura un grupo de personas, que encarna un nuevo comienzo y el progreso hacia un futuro mejor, ante la Puerta de Brandeburgo, símbolo de la unidad alemana. La reproducción del lema «WIR SIND EIN VOLK» (somos un pueblo), expresión colectiva de la voluntad de los ciudadanos alemanes, evoca el camino hacia la reunificación alemana. En el interior de la moneda también aparece la marca de ceca de la fábrica correspondiente («A», «D», «F», «G» o «J»), así como el código del país emisor «D» y la marca del grabador (las iniciales «BW» — Bernd Wendhut). En la corona circular de la moneda figuran las doce estrellas de la Unión Europea.;30 de enero de 2015;30.000.000;;;;
Alemania;2015;Trigésimo aniversario de la bandera de la UE (Diseño común Eurozona);;El motivo representa la bandera de la UE como símbolo que une pueblos y culturas con visiones e ideales comunes de un futuro mejor. Doce estrellas que se transforman en figuras humanas representan el nacimiento de una nueva Europa. En la parte superior derecha, en semicírculo, figura la mención del país emisor «BUNDESREPUBLIK DEUTSCHLAND» y los años «1985-2015». En la parte inferior derecha aparecen las iniciales del artista (Georgios Stamatopoulos). En la corona circular de la moneda figuran las doce estrellas de la Unión Europea.;05 de noviembre de 2015;30.000.000;Alemania (BUNDESREPUBLIK DEUTSCHLAND);;;
Alemania;2016;Serie de Bundesländer (Estados federados): Sajonia;;"El motivo muestra una vista desde el patio interior del Zwinger de Dresde, un monumento famoso en todo el mundo, hacia la Puerta de la Corona. En la parte interior, abajo, también figuran el nombre «SACHSEN» y el código del país emisor «D»; en la parte superior derecha, la marca de ceca de la casa de la moneda correspondiente («A», «D», «F», «G» o «J») y la marca del grabador (las iniciales «JT»: Jordi Truxa) y, en la parte superior izquierda, el año «2016». En la corona circular de la moneda figuran las doce estrellas de la Unión Europea.";05 de febrero de 2016;30.000.000;;;;
Alemania;2017;Serie de Bundesländer (Estados federados): Renania-Palatinado;;El motivo muestra la Porta Nigra de Tréveris, que es probablemente la puerta urbana romana mejor conservada al norte de los Alpes. En la parte interior figuran el nombre «RHEINLAND-PFALZ» y, debajo, el código del país emisor («D»). La marca de ceca correspondiente («A», «D», «F», «G» o «J») aparece a la izquierda y, arriba, el año «2017». A la derecha se aprecian las iniciales («CH») de la diseñadora (Chocola Frantisek). En la corona circular de la moneda figuran las doce estrellas de la Unión Europea.;03 de febrero de 2017;30.000.000;;;;
Alemania;2018;Serie de Bundesländer (Estados federados): Berlín;;El diseño muestra el edificio principal del Palacio de Charlottenburg visto desde la «Cour d’Honneur». En la parte interior también figura la palabra «BERLIN», además de la marca de ceca respectiva («A», «D», «F», «G» o «J») en la parte inferior, el código del Estado emisor «D» en la parte superior derecha, el año «2018» en la parte superior izquierda y la marca del grabador en la parte inferior izquierda. En la corona circular de la moneda figuran las doce estrellas de la bandera europea.;30 de enero de 2018;30.000.000;;;;
Alemania;2018;100º aniversario del gran estadista y canciller Helmut Schmidt (1918-2015);;El diseño representa a Helmut Schmidt en una pose característica participando en un diálogo con su interlocutor. En un semicírculo en la parte superior derecha figura la inscripción «HELMUT SCHMIDT» y en el lado derecho los años «1918-2015». La marca de ceca figura debajo de los años. En el lado izquierdo figura el código del país emisor, «D», y debajo, el año de emisión, «2018». En la parte inferior figuran las iniciales del artista. En la corona circular de la moneda figuran las doce estrellas de la Unión Europea.;30 de enero de 2018;30.000.000;;;;
Alemania;2019;70º aniversario de la fundación del Bundesrat alemán.;;El motivo muestra una representación detallada y finamente esculpida del edificio del Bundesrat. La mitad superior de la parte interior de la moneda incluye la marca de ceca de la Fábrica de Moneda de que se trate («A», «D», «F», «G» o «J»), las iniciales del artista y el año «2019». En la mitad inferior de la parte interior de la moneda figura la inscripción «BUNDESRAT» y el código de emisión de Alemania:«D». En la corona circular de la moneda figuran las doce estrellas de la bandera europea.;29 de enero de 2019;30.000.000;;;;
Alemania;2019;Se cumplen treinta años de la caída del muro de Berlín;;Hace treinta años cayó el muro de Berlín. Fue un acontecimiento que, además de sus repercusiones en la sociedad alemana, tuvo consecuencias mundiales. El 9 de noviembre de 1989, este hito marcó el final de la guerra fría y anunció un apaciguamiento al cabo de varias décadas de tensiones internacionales. A escala europea, fue el primer paso hacia la reunificación de uno de los principales países de la Unión Europea. Este cambio importante quedó consagrado en el Tratado de Moscú, del que Francia fue signataria. La Unión Europea acogió entonces a dieciséis millones de nuevos ciudadanos en tan solo un año, lo cual suponía un efecto estructural y económico equivalente al de la adhesión de un nuevo país. El motivo representa el muro de Berlín, abierto en su centro, de forma que deja pasar a unas palomas (símbolos del apaciguamiento internacional) y a una multitud jubilosa. En el fondo figura la Puerta de Brandeburgo, el símbolo por excelencia de Berlín. En un lado del muro, se puede ver la inscripción «30 Jahre Mauerfall» (30 años desde la caída del muro de Berlín). En la parte inferior del diseño figura el año de emisión «2019» y, a su derecha, la indicación del país emisor «D», inicial de Deutschland (Alemania). En la corona circular de la moneda figuran las doce estrellas de la bandera europea.;10 de octubre de 2019;30.000.000;;;;
Alemania;2020;Serie de Bundesländer (Estados federados): Brandeburgo;;El motivo muestra el Palacio de Sanssouci en Potsdam. La mitad superior de la parte interior de la moneda incluye la marca de ceca de la Fábrica de Moneda de que se trate («A», «D», «F», «G» o «J»), las iniciales del artista y el año «2020». En la mitad inferior de la parte interior de la moneda figura la inscripción «BRANDENBURG» y el código de emisión de Alemania, «D». En la corona circular de la moneda figuran las doce estrellas de la bandera europea.;28 de enero de 2020;30.000.000;;;;
Alemania;2020;50º aniversario del arrodillamiento de Willy Brandt en Varsovia;;El motivo muestra a Brandt, que en aquel momento era canciller alemán, arrodillándose en un gesto de humildad frente al monumento conmemorativo de los héroes del gueto de Varsovia. La penetrante composición de las imágenes evoca el levantamiento del gueto de Varsovia en 1943. Grabados en un bajorrelieve sumamente delicado, el motivo muestra símbolos de gran peso: una menorá, las víctimas del gueto y el arrodillamiento. En torno al borde del círculo interior y rodeando el motivo se encuentran las iniciales del artista (arriba), la marca de la ceca correspondiente («A», «D», «F», «G» o «J»), el año, «2020» (parte central izquierda), el código del Estado emisor, «D» (parte inferior derecha), y la leyenda «50 JAHRE KNIEFALL VON WARSCHAU». En la corona circular de la moneda figuran las doce estrellas de la bandera europea.;08 de octubre de 2020;30.000.000;;;;
Alemania;2021;Serie Bundesländer (Estados federados): Sajonia-Anhalt ;;En el diseño se muestra la catedral de Magdeburgo, la primera catedral de estilo gótico construida en Alemania. En la cara interna también figura el nombre «SACHSEN-ANHALT» (Sajonia-Anhalt) y, en la parte inferior, el código del país emisor «D», la marca de la ceca correspondiente («A», «D», «F», «G» o «J»), así como el año de emisión «2021» en la parte izquierda y la marca del grabador a la derecha. En la corona circular de la moneda figuran las doce estrellas de la bandera europea.;10 de mayo de 2021;30.000.000;;;;
Alemania;2022;Serie de Bundesländer (Estados federados): Turingia;;El motivo muestra el castillo de Wartburg, el primer castillo alemán en ser declarado Patrimonio Mundial por la Unesco. En la cara interna también figura el nombre «THÜRINGEN» (Turingia) y, en la parte inferior, el código del país emisor «D», la marca de la ceca correspondiente («A», «D», «F», «G» o «J»), así como el año de emisión «2022» en la parte izquierda y la marca del grabador a la derecha. El artista: Olaf Stoy (Rabenau). En la corona circular de la moneda figuran las doce estrellas de la bandera europea.;25 de Enero de 2022;30.000.000;;;;
Alemania;2022;35 años del programa Erasmus (Diseño común Eurozona);;El diseño es una combinación de dos elementos fundamentales del programa Erasmus: la inspiración intelectual original, el propio Erasmus, y la alegoría de su influencia en Europa. El primero se simboliza por una de las representaciones más conocidas de Erasmus. El segundo se simboliza por un haz de enlaces que cruzan la moneda de una baliza a otra, en representación de los numerosos intercambios intelectuales y humanos entre los estudiantes europeos. Como referencia a Europa, algunos de estos enlaces forman otras estrellas, derivadas de la sinergia entre los países. El número 35, por el 35.º aniversario, surge de las estrellas en un estilo gráfico moderno. En la corona circular de la moneda figuran las doce estrellas de la bandera europea.;1 de Julio de 2022;20.000.000;;;;
Alemania;2023;Serie II de Bundesländer (Estados federados): Hamburgo;;El motivo muestra la sala de conciertos Elbphilarmonie (Fliarmonica de Elba), el monumento más reciente de Hamburgo. La impresionante y detallada representación del edificio de conciertos en contraste con el paisaje urbano marítimo representa al Estado federado de Hamburgo de una manera excepcionalmente convincente. La mitad izquierda de la sección interior de la moneda incluye el código de país emisor de Alemania, «D», el año «2023» y la marca de ceca de la fábrica de moneda de que se trate («A», «D», «F», «G» o «J»). En la mitad derecha figuran las iniciales del artista, y en la parte inferior figura la inscripción «HAMBURG». En la corona circular de la moneda figuran las doce estrellas de la bandera europea.;24 de enero de 2023;30.000.000;Es la primera moneda de la serie «Bundesländer II» (Estados Federales II),  y en la que se homenajea anualmente a un Estado con la emisión de una moneda conmemorativa de 2 euros con un lugar emblemático. El orden de los países se basa en la presidencia del Bundesrat. La serie se centra en la identidad cultural y las características regionales de cada Estado. De este modo, sigue a su exitosa serie predecesora, «Bundesländer» (2006 – 2022), que se completó en enero de 2022.;;;
Alemania;2023;1275º aniversario del nacimiento de Carlomagno (748-814), rey de los francos y emperador del Sacro Imperio Romano;;El diseño combina dos elementos contemporáneos: El monograma personal de Carlomagno y el octágono de la catedral de Aquisgrán. Los dos motivos se fusionan hábilmente en una obra artística distintiva. La fuerza del diseño reside en su calidad dinámica y tridimensional. Es un homenaje innovador a una figura destacada de la historia europea. En el anillo interior de la moneda figura también la inscripción «KARL DER GROßE» («Carlomagno») en la parte superior y, en la mitad inferior, el año de emisión «2023», las fechas «748-814», el código de país emisor alemán «D», la marca de ceca de la fábrica de moneda de que se trate («A», «D», «F», «G» o «J») y las iniciales del artista («TW»). En la corona circular de la moneda figuran las doce estrellas de la bandera europea.;30 de marzo de 2023;20.000.000;;;;
Alemania;2024;Serie II de Bundesländer (Estados federados): Mecklemburgo-Pomerania Occidental;;"El diseño muestra el «Königsstuhl» (Silla del Rey), una formación emblemática de acantilados de roca calcárea y hayedos situados en el Parque Nacional de Jasmund, en la isla de Rügen, en el Mar Báltico. Los acantilados están representados desde la perspectiva del litoral, destacando así eficazmente la monumentalidad de este singular fenómeno natural. La imagen bellamente detallada deja apreciar el tamaño de este lugar, combinando la representación del mar, de las aves y de la humanidad. La tipografía moderna, en armonía con la gaviota en pleno vuelo, se integra hábilmente en la inscripción. La mitad superior del círculo interior de la moneda lleva la inscripción «MECKLENBURG VORPOMMERN», el año de expedición «2024», el código alemán de país emisor «D» y, en la parte superior derecha, la letra «X» como espacio reservado para la marca de ceca respectiva («A», «D», «F», «G» o «J»). Las iniciales del artista Michael Otto (de Rodenbach, Alemania) se muestran en la mitad inferior del círculo interior. En la corona circular de la moneda figuran las doce estrellas de la bandera europea.
El canto de la moneda lleva la inscripción «EINIGKEIT UND RECHT UND FREIHEIT» (UNIDAD, JUSTICIA Y LIBERTAD) y un águila federal estilizada.";enero de 2024;30.000.000;La moneda es la segunda emisión de la serie «Bundesländer II» (Estados Federales II),  y en la que se homenajea anualmente a un Estado con la emisión de una moneda conmemorativa de 2 euros con un lugar emblemático. El orden de los países se basa en la presidencia del Bundesrat. La serie se centra en la identidad cultural y las características regionales de cada Estado. De este modo, sigue a su exitosa serie predecesora, «Bundesländer» (2006 – 2022), que se completó en enero de 2022.;;;
Alemania;2024;175 Aniversario de la Constitución de la Paulskirche (Constitución de Fráncfort, también conocida como Constitución de la iglesia de San Pablo, que fue el primer intento de crear un Estado nación unificado alemán);;El diseño presenta varios niveles temáticos. En primer plano, se encuentra una imagen de la iglesia de San Pablo, a la que están llegando los representantes de la asamblea constitucional nacional. Estas imágenes se superponen a una representación del documento constitucional y una pluma, que simboliza el fruto del trabajo del Parlamento de Fráncfort. Por último, el diseño está rematado con tres alegorías femeninas (Unidad, Justicia y Libertad) y la bandera tricolor negra, roja y oro. El dinamismo tridimensional de esta inscripción evoca la atemporalidad de los principios democráticos básicos que se recogieron por escrito por primera vez y de manera fundacional en la Constitución de Fráncfort. El anillo interior de la moneda también incluye la inscripción «PAULSKIRCHENVERFASSUNG 1849» («Constitución de la iglesia de San Pablo 1849») y, en la parte inferior, el año de emisión «2024», el código alemán de país emisor «D», la marca de ceca respectiva («A», «D», «F», «G» o «J») y las iniciales del artista, Bodo Broschat, de Berlín. En la corona circular de la moneda figuran las doce estrellas de la bandera europea.;marzo de 2024;30.000.000;;;;
Alemania;2025;Serie «Unidad, Justicia y Libertad». 35º aniversario de la reunificación de Alemania;;"La moneda representa en su cara nacional una composición tipográfica: en el lado izquierdo, en un eje longitudinal ligeramente desplazado hacia la izquierda, la inscripción «Wir sind ein Volk» (Somos un solo pueblo) . En el lado derecho «35 Jahre Deutsche Einheit»(35 años de unidad alemana). Ambos bloques están ligeramente desplazados a lo largo del eje central y están sujetos en la parte superior e inferior por una línea horizontal. La conexión se crea mediante una D ligeramente ampliada en el centro. El cambio compositivo de los dos bloques de letras subraya el hecho de que ha habido alemanes del Este y del Oeste unidos por la D durante 35 años. A pesar de la composición aparentemente simple de la moneda, evoca una gran variedad de asociaciones, como el muro abierto que indican las líneas separadas.
En la parte superior del diseño figuran también las iniciales del artista Thomas Serres de Hattingen («TS») y la marca de ceca de la Casa de la Moneda respectiva («A», «D», «F», «G» o «J»). En la parte inferior figura el año de acuñación «2025» y, encima, el código «D» del país emisor, Alemania. El anillo exterior de la moneda muestra las doce estrellas de la bandera europea.
El canto de la moneda conmemorativa alemana de 2 euros contiene la siguiente inscripción: «EINIGKEIT UND RECHT UND FREIHEIT» ( UNIDAD, JUSTICIA Y LIBERTAD) y un águila federal estilizada.";25 de Septiembre de 2025;30.000.000;"Para comprender el significado de esta moneda, conviene recordar el camino recorrido. Tras la Segunda Guerra Mundial, Alemania quedó dividida en cuatro zonas de ocupación —y también Berlín, en cuatro sectores—, que en 1949 cristalizaron en dos Estados: la República Federal de Alemania en el oeste y la República Democrática Alemana en el este. La Guerra Fría convirtió esa frontera en símbolo del mundo dividido y, el 13 de agosto de 1961, la construcción del Muro de Berlín consolidó la separación.
A finales de los años ochenta, los movimientos ciudadanos en la RDA cobraron fuerza. Bajo el lema “Wir sind das Volk” (Somos el pueblo), miles de personas exigieron libertades democráticas. La política de apertura impulsada por Mijaíl Gorbachov en la Unión Soviética facilitó que aquella revolución pacífica no fuera sofocada por la fuerza. Así, el 9 de noviembre de 1989, el Muro de Berlín cayó de manera inesperada.
Apenas 328 días después, el 3 de octubre de 1990, la reunificación se hizo realidad, se cumplió el mandato de la Ley Fundamental al pueblo alemán de completar la unidad y la libertad de Alemania. Alemania volvía a ser un solo país. Aunque el camino hacia la plena unidad, externa e interna, fue más arduo de lo previsto, la mayoría de los alemanes considera hoy aquel logro como un acontecimiento afortunado e irrepetible.
La moneda marca también el inicio de una serie denominada «Unidad y Ley y Libertad», en la que se emitirá anualmente una moneda conmemorativa de 2 euros en honor de políticos que han marcado la historia de la República Federal de Alemania.
La serie «Unidad, Justicia y Libertad» tiene como objetivo conmemorar las figuras y los eventos que han sido fundamentales para el progreso de Alemania en los últimos 75 años. A través de estas monedas, el pueblo alemán recuerda a aquellos que han trabajado por una nación más justa, libre y unida.";;;
Alemania;2025;Serie II de Bundesländer (Estados federados): Estado de Sarre;;"La cara nacional, diseñada por el artista Carsten Wolff, se centra en el Meandro del Sarre. El diseño se reduce a los rasgos esenciales de este río serpenteante. El paisaje montañoso y boscoso del pintoresco recodo del Sarre se resume en el curso del río que da forma al paisaje. A vista de pájaro, el característico curso de agua natural se incrusta en cimas de colinas que desaparecen en la distancia. En el área central también se encuentra la denominación de nacionalidad “D” del país emisor, la República Federal de Alemania, el año 2025, la letra de la ceca correspondiente («A», «D», «F», «G» o «J»), la leyenda «SAARLAND» y las iniciales del artista. Las doce estrellas europeas están dispuestas en el anillo exterior de la cara nacional.
El canto de la moneda lleva la inscripción «EINIGKEIT UND RECHT UND FREIHEIT» (UNIDAD, JUSTICIA Y LIBERTAD) y un águila federal estilizada.";??;30.000.000;"El Estado del Sarre es una de las 16 regiones federales de Alemania, ubicada en el suroeste del país, cerca de las fronteras con Francia y Luxemburgo. Con una superficie de aproximadamente 2,570 km², es el estado más pequeño de Alemania, exceptuando las ciudades-estado como Berlín, Hamburgo y Bremen. Su capital y ciudad más grande es Saarbrücken.
Históricamente, el Sarre ha sido una región disputada debido a su ubicación estratégica y su riqueza en recursos naturales, especialmente el carbón. Durante el siglo XX, fue objeto de varias transferencias de soberanía entre Alemania y Francia, hasta que finalmente, en 1957, se incorporó oficialmente a la República Federal de Alemania tras un referéndum.
Hoy en día, el Sarre es conocido por su enfoque en la industria automotriz, la tecnología y su cultura que refleja una mezcla de influencias alemanas y francesas. Además, es un destino popular para los amantes de la naturaleza y la historia.
El Meandro del Sarre (en alemán, Saarschleife) es uno de los paisajes más emblemáticos de la región y un símbolo del Sarre. Se trata de un espectacular giro en forma de herradura que realiza el río Sarre a su paso por la localidad de Mettlach. Este fenómeno natural ha sido moldeado durante miles de años por la erosión del río a través de las colinas boscosas.
La mejor vista del meandro se obtiene desde el mirador de Cloef, un lugar que ofrece una panorámica impresionante del río serpenteando entre los densos bosques. Además, en las cercanías se encuentra un camino de copas de árboles (Baumwipfelpfad), una pasarela elevada que permite a los visitantes explorar la naturaleza desde una perspectiva única.
El Meandro del Sarre no solo es un atractivo turístico, sino también un espacio de tranquilidad que invita a practicar senderismo, ciclismo o paseos en barco. Su belleza y serenidad lo convierten en un destino ideal para quienes buscan conectarse con la naturaleza.
En conjunto, el Estado del Sarre y su famoso meandro representan una mezcla perfecta de historia, cultura y paisajes naturales, atrayendo tanto a turistas como a residentes locales.";;;
Alemania;2026;Serie II de Bundesländer (Estados federados): Estado de Bremen, El Klimahaus Bremerhaven: El Corazón del Diseño.;;"La moneda de 2 euros conmemorativa de Bremen lleva una serie de elementos distintivos que la hacen única. En el anverso, además de la representación del Klimahaus, se pueden encontrar varios detalles grabados: la inscripción “BREMEN”, el código de país “D” que indica a Alemania como emisor, la marca de la ceca de la respectiva casa de la moneda (A, D, F, G o J) y el año “2026”. Estos elementos proporcionan una identificación clara y oficial de la moneda.
Las doce estrellas de la Unión Europea rodean el anillo exterior de la cara nacional de la moneda, representando la pertenencia de Alemania al bloque europeo y reflejando la unidad entre las naciones miembros.";;30.000.000;"El motivo principal de la moneda de 2026 es el Klimahaus Bremerhaven (Casa del Clima de Bremerhaven), un complejo futurista que representa la conexión entre la ciencia, el medio ambiente y la experiencia interactiva. Esta institución, situada en el puerto de Bremerhaven, es un centro de investigación y divulgación científica que permite a los visitantes viajar a través de diferentes zonas climáticas del mundo, experimentando diversas condiciones meteorológicas y aprendiendo sobre los cambios climáticos globales. El Klimahaus no solo es un punto de referencia arquitectónica, sino también un símbolo del compromiso de Bremen con la sostenibilidad y la educación ambiental.
El diseño de la moneda, creado por el artista berlinés Bodo Broschat, captura de manera impactante la esencia de este complejo. La imagen de la moneda muestra una perspectiva desde abajo, resaltando la estructura arquitectónica del Klimahaus. El puente de cristal, el edificio de exposiciones elíptico y la torre se fusionan de manera armoniosa, formando una imagen espectacular que refleja el dinamismo y la modernidad del complejo. La vista que se muestra en la moneda ilustra cómo la arquitectura del edificio, que simula un barco, se integra con la cercanía al mar, lo que refuerza la identidad marítima de Bremen.
Además de la estructura, el diseño presenta dos gaviotas volando en el cielo, un guiño a la vida marina y a la conexión de la ciudad con el mar del Norte, así como una referencia al puerto de Bremerhaven, que ha sido históricamente un centro clave para el comercio internacional y la navegación.";;;
Alemania;2026;Serie «Unidad, Justicia y Libertad». Konrad Adenauer: El Arquitecto de la Alemania Moderna;;La moneda muestra un retrato de tres cuartos de Konrad Adenauer, cuyo 150º cumpleaños se celebrará en 2026. En la parte interior del círculo de la moneda, vemos la cabeza de Adenauer en el centro, enmarcada por su firma y las fechas de nacimiento y muerte. La parte interior de la moneda también presenta el código de país «D» correspondiente al país emisor, Alemania, el año «2026» y la marca de ceca de la ceca correspondiente («A», «D», «F», «G» o «J») en la mitad superior. La mitad inferior luce la firma de la artista berlinesa Marianne Dietz. El anillo exterior de la moneda representa las 12 estrellas de la bandera europea.;;;"La segunda moneda de la serie (Unidad, Justicia y Libertad) rinde homenaje a Konrad Adenauer, una de las figuras más relevantes en la historia contemporánea de Alemania. Nacido el 5 de enero de 1876 en Colonia, Adenauer se destacó como el primer canciller de la República Federal de Alemania, cargo que desempeñó desde 1949 hasta 1963. Fue el arquitecto de la política exterior y económica de la posguerra, y su liderazgo fue fundamental para transformar Alemania en una nación democrática y próspera después de la devastación sufrida en la Segunda Guerra Mundial.
Adenauer jugó un papel esencial en el establecimiento de la «República Federal de Alemania», en la integración del país en organizaciones internacionales clave como la OTAN y la Comunidad Económica Europea (precursora de la actual Unión Europea). Fue también un defensor de la reconciliación europea, especialmente con Francia, promoviendo la paz y la cooperación entre naciones que durante siglos habían sido rivales.
Su política interna ayudó a consolidar la democracia en Alemania, mientras que su visión económica fue crucial para el “milagro económico alemán” (Wirtschaftswunder), que impulsó una rápida recuperación económica en la década de 1950 y 1960.";;;
Alemania;2027;Serie II de Bundesländer (Estados federados). Estado de Renania del Norte-Westfalia, Catedral de Aquisgrana;;;;;;;;
Alemania;2027;Serie “Einigkeit, Recht und Freiheit” (Unidad, Justicia y Libertad): Hans-Dietrich Genscher;;;;;"La emisión de 2027 rendirá homenaje a Hans-Dietrich Genscher, uno de los diplomáticos más influyentes del siglo XX en Europa. Ministro de Asuntos Exteriores durante casi 18 años, Genscher fue una figura clave en la política de distensión entre bloques y en el proceso que desembocó en la Reunificación alemana.
Su famosa intervención desde el balcón de la embajada alemana en Praga en 1989 simboliza el inicio del fin del Telón de Acero para miles de ciudadanos de la RDA. La moneda destacará su defensa del diálogo, la libertad y la unidad europea, valores plenamente alineados con el espíritu de la serie.";;;
Alemania;2028;Serie “Einigkeit, Recht und Freiheit” (Unidad, Justicia y Libertad). Richard von Weizsäcker;;;;;"En 2028, el protagonista será Richard von Weizsäcker, presidente federal entre 1984 y 1994. Su figura está estrechamente ligada a la reconciliación histórica de Alemania consigo misma y con Europa.
Especialmente recordado es su discurso del 8 de mayo de 1985, en el que calificó el final de la Segunda Guerra Mundial como un “día de liberación”, un mensaje que marcó a generaciones enteras. La moneda servirá como recordatorio de la importancia de la memoria, la justicia histórica y la responsabilidad democrática.";;;
Alemania;2029;Serie “Einigkeit, Recht und Freiheit” (Unidad, Justicia y Libertad). Annemarie Renger;;;;;"La moneda de 2029 estará dedicada a Annemarie Renger, una figura clave en la historia parlamentaria alemana. Fue la primera mujer en presidir el Bundestag, rompiendo barreras en una época en la que la política seguía siendo un terreno mayoritariamente masculino.
Su inclusión en la serie pone el foco en la igualdad, la justicia social y el avance democrático, ampliando el mensaje de “Unidad, Justicia y Libertad” hacia una perspectiva más inclusiva.";;;
Alemania;2030;Serie “Einigkeit, Recht und Freiheit” (Unidad, Justicia y Libertad). Helmut Kohl;;;;;"En 2030 se emitirá una de las monedas más esperadas de la serie, dedicada a Helmut Kohl, con motivo del centenario de su nacimiento. Canciller durante 16 años, Kohl fue el principal arquitecto político de la Reunificación alemana de 1990 y uno de los grandes impulsores de la integración europea y del euro.
La moneda subrayará su papel decisivo en la unidad nacional y en la construcción de la Europa moderna, convirtiéndose previsiblemente en una pieza clave para coleccionistas.";;;
Alemania;2031;Serie “Einigkeit, Recht und Freiheit” (Unidad, Justicia y Libertad). Regine Hildebrandt;;;;;"La serie continúa en 2031 con la figura de Regine Hildebrandt, una política profundamente comprometida con la justicia social tras la reunificación. Como ministra de Asuntos Sociales de Brandeburgo, fue una de las voces más cercanas a la ciudadanía en los difíciles años de transición del este alemán.
Su moneda rendirá homenaje a la libertad, la dignidad y la cohesión social, cerrando este primer ciclo de la serie con una fuerte carga humana y social.";;;
Alemania;2002;Cara Nacional 2€;;Las monedas de 1€ y 2€ están presididas por un águila, símbolo tradicional de la soberanía alemana, rodeada de las estrellas que constituyen el símbolo de Europa. Los autores de este diseño son Heinz y Sneschana Russewa-Hoyer. Grabado del canto (virola) de la moneda de 2€: «EINIGKEIT UND RECHT UND FREIHEIT» (unidad, justicia y libertad) y el emblema del águila federal.;01 de enero de 2002;Indefinido;Las monedas de 1€ y 2€ están presididas por un águila, símbolo tradicional de la soberanía alemana, rodeada de las estrellas que constituyen el símbolo de Europa. Los autores de este diseño son Heinz y Sneschana Russewa-Hoyer. Grabado del canto (virola) de la moneda de 2€: «EINIGKEIT UND RECHT UND FREIHEIT» (unidad, justicia y libertad) y el emblema del águila federal.;;;
Andorra;2014;20º aniversario del ingreso de Andorra en el Consejo de Europa;;El motivo muestra, en la parte central a la izquierda, el escudo de Andorra, seguido de la leyenda «20», con el cero estilizado de forma que representa la bandera del Consejo de Europa. En la parte superior figuran las leyendas «ANDORRA» y, debajo, «AL CONSELL D’EUROPA». El año «2014» aparece en la parte inferior a la izquierda, seguido de una línea oblicua. En la corona circular figuran las doce estrellas de la Unión Europea.;29 de febrero de 2016;100.000;;;;
Andorra;2015;25° aniversario de la Firma del Acuerdo Aduanero con la Unión Europea;;En la parte superior, el motivo muestra el mapa de Andorra con el escudo de armas del Principado destacado en el interior. En la parte inferior del motivo, dos flechas entrelazadas en sentido contrario, que simbolizan el Acuerdo Aduanero entre Andorra y la UE, muestran los años que se conmemoran, «1990» y «2015» (este último es también el año de emisión de la moneda) y el nombre del Estado emisor, «ANDORRA». Rodeando el mapa aparece la inscripción «25è aniversari de la Signatura de l’Acord Duaner amb la Unió Europea» (25° aniversario de la Firma del Acuerdo Aduanero con la Unión Europea). En la corona circular de la moneda figuran las doce estrellas de la Unión Europea.;18 de julio de 2016;85.000;;;;
Andorra;2015;30° aniversario de la mayoría de edad y de los derechos políticos para hombres y mujeres a los 18 años;;El motivo muestra una imagen parcial de una persona joven en el momento de emitir su voto. La papeleta que sostiene la figura lleva la inscripción «ANDORRA». A la izquierda de la figura se muestran los años que se conmemoran, «1985» y «2015» (este último es también el año de emisión de la moneda). Rodea todo el diseño una inscripción abreviada de la conmemoración «30è ANIVERSARI MAJORIA D’EDAT ALS 18 ANYS» (30o aniversario de la mayoría de edad a los 18 años). En la corona circular de la moneda figuran las doce estrellas de la Unión Europea.;18 de julio de 2016;85.000;;;;
Andorra;2016;150 años de la nueva reforma de 1866;;El motivo muestra la sala principal de «Casa de la Vall» (sede del Parlamento de Andorra) con la inscripción «150 ANYS DE LA NOVA REFORMA DE 1866», el año de emisión «2016» y el nombre del Estado emisor «ANDORRA». Esta moneda conmemora los 150 años del Decreto de la Nueva Reforma, uno de los principales hitos en la historia de Andorra y del Consell General (Parlamento), que supuso la transformación política y social del Principado de Andorra. En la corona circular de la moneda figuran las doce estrellas de la Unión Europea.;01 de junio de 2017;85.000;;;;
Andorra;2016;25º aniversario de la radio y televisión de Andorra;;El motivo muestra un micrófono y una antena rodeados por varias líneas circulares con la inscripción «25è ANIVERSARI DE RÀDIO I TELEVISIÓ D’ANDORRA», el año de emisión «2016» y el nombre del Estado emisor «ANDORRA». Esta moneda conmemora el 25º aniversario de la creación de los medios de comunicación públicos de Andorra, con el inicio de las emisiones de los servicios públicos andorranos de radio y televisión. En la corona circular de la moneda figuran las doce estrellas de la Unión Europea.;01 de junio de 2017;85.000;;;;
Andorra;2017;100 años del himno de Andorra;;El diseño muestra una reproducción parcial del himno de Andorra, publicado en 1914. La parte central reproduce las primeras notas del himno y, a su alrededor, aparece una decoración floral y la inscripción «Himne Andorrà» (Himno de Andorra). En la parte superior del diseño se encuentran el año de emisión, «2017», y la inscripción «100 anys de l’himne d’Andorra» (100 años del himno de Andorra). La moneda conmemora el centenario de la adopción del himno nacional de Andorra por acuerdo del Consell General (Parlamento de Andorra) el 2 de abril de 1917. En la corona circular de la moneda figuran las doce estrellas de la Unión Europea.;08 de febrero de 2018;85.000;;;;
Andorra;2017;Andorra, el País de los Pirineos;;El diseño reproduce, en la parte superior, un triángulo con tres líneas onduladas que representa la versión simplificada del mapa del país. Aparecen las inscripciones «Andorra» y «EL PAÍS DELS PIRINEUS» (el País de los Pirineos). Estos tres elementos constituyen la marca del Gobierno de Andorra, que se utiliza para proporcionar una imagen uniforme, consistente y coordinada a todas las comunicaciones gráficas y, al mismo tiempo, conseguir una identificación inconfundible e inmediata. La parte inferior del diseño muestra el año de emisión, «2017». En la corona circular de la moneda figuran las doce estrellas de la Unión Europea.;08 de febrero de 2018;85.000;;;;
Andorra;2018;25º aniversario de la Constitución de Andorra;;El diseño representa el «Monumento a los hombres y mujeres de Andorra que quisieron la Constitución», que está situado en la plaza del Consell General (Parlamento de Andorra). Este monumento muestra las siluetas de un hombre y una mujer y conmemora la voluntad expresada por la ciudadanía andorrana, en el referéndum celebrado el 14 de marzo de 1993, de convertirse en un Estado constitucional, democrático y social, como así lo expresa el artículo 1 de la Constitución. A la derecha del monumento figura el mapa de Andorra con la inscripción latina «VIRTVS VNITA FORTIOR» (la virtud unida es más fuerte) en su interior, que es el lema estatal del Principado de Andorra. En torno al diseño figuran las inscripciones «25è ANIVERSARI DE LA CONSTITUCIÓ 1993-2018» (25.o aniversario de la Constitución 1993-2018) y el nombre del país, «ANDORRA». En la corona circular de la moneda figuran las doce estrellas de la Unión Europea.;13 de marzo de 2018;75.000;;;;
Andorra;2018;70 años de la Declaración Universal de Derechos Humanos;;El diseño de las monedas muestra siete escaleras (que representan a las siete parroquias o divisiones administrativas de Andorra) en forma de montañas que llevan al valle, en el que se encuentran el nombre del Estado emisor «ANDORRA» y el año de emisión «2018». Esas escaleras son, al mismo tiempo, las ramas de un árbol que simboliza la humanidad, de la que Andorra es parte integrante. De las ramas del árbol crecen 30 hojas que representan los 30 artículos de la Declaración Universal de los Derechos Humanos. La inscripción en catalán «70 ANYS DE LA DECLARACIÓ UNIVERSAL DELS DRETS HUMANS» (70 años de la Declaración Universal de los Derechos Humanos) rodea el diseño, reforzando su carácter conmemorativo. En la corona circular de la moneda figuran las doce estrellas de la bandera europea.;26 de noviembre de 2018;75.000;;;;
Andorra;2019;Fase final de la Copa del Mundo de esquí alpino de 2019;;La fase final de la Copa del Mundo de Esquí de 2019 se celebró en el Principado de Andorra del 11 al 17 de marzo de 2019. De esta manera, el Principado de Andorra acogió una de las más importantes competiciones de esquí alpino del mundo. Para el Principado de Andorra, fue el evento deportivo de invierno más prestigioso que se haya celebrado jamás en el país y un punto de inflexión en su trayectoria como destino deportivo. El motivo de la moneda presenta en primer plano a un esquiador que se desliza por una ladera. En el fondo, cuatro líneas curvas, tomadas del logotipo oficial de esta fase final de la Copa del Mundo de Esquí, representan las laderas en las que tuvo lugar la competición. Algunos copos de nieve completan el motivo junto con la inscripción «FINALS DE LA COPA DEL MÓN D’ESQUÍ ANDORRA 2019» (fase final de la Copa del Mundo de Esquí de 2019). En la corona circular de la moneda figuran las doce estrellas de la bandera europea.;11 de marzo de 2019;60.000;;;;
Andorra;2019;600 años del Consell de la Terra;;"El diseño conmemora el 600.º aniversario de la creación del Consell de la Terra, que fue un órgano representativo creado en 1419, predecesor del Consell General, el Parlamento de Andorra. El diseño representa la parte superior del portal de la Casa de la Vall (antiguo edificio del Parlamento), con el escudo de armas del país y un fragmento de ventana encima del mismo. Dos grupos compactos de rostros humanos en los dos lados del diseño, como si se tratara de piedras del edificio, representan la cohesión de los andorranos como comunidad social unida en la historia, las instituciones y los valores.
La inscripción «600 ANYS DEL CONSELL DE LA TERRA» en la parte superior, y el nombre del país emisor «ANDORRA» y las fechas «1419» y «2019» en el centro del número «600», completan el diseño. En la corona circular de la moneda figuran las doce estrellas de la bandera europea.";11 de noviembre de 2019;60.000;;;;
Andorra;2020;XXVII Cumbre Iberoamericana en Andorra;;La XXVII Cumbre Iberoamericana de Jefes de Estado y de Gobierno se celebrará en el Principado de Andorra en 2020. Andorra, el miembro más reciente y de menor tamaño de la Conferencia Iberoamericana, albergará este encuentro al más alto nivel político, en el que participarán 19 países de América Latina además de España, Portugal y Andorra, para trabajar en pos de objetivos comunes como el desarrollo sostenible. El motivo de la moneda muestra un árbol formado por siluetas humanas y discos dentados. Las siluetas humanas simbolizan la integración de la sociedad, la cultura y la educación para hacer realidad un futuro sostenible. Los discos dentados simbolizan la energía del movimiento entre las ideas y propuestas de los participantes en la Cumbre. Cerca del árbol puede verse el logotipo de la XXVII Cumbre. En su parte superior, tres triángulos representan los colores de la bandera andorrana. En su parte inferior, seis triángulos representan la apertura de Andorra hacia los Objetivos de Desarrollo Sostenible. Rodeando al motivo, puede leerse la inscripción «XXVII CIMERA IBEROAMERICANA ANDORRA 2020» (XXVII Cumbre Iberoamericana Andorra 2020). En la corona circular de la moneda figuran las doce estrellas de la bandera europea.;14 de diciembre de 2020;73.500;;;;
Andorra;2020;50 años de sufragio femenino universal;;El diseño de la moneda muestra un rostro femenino rodeado de líneas que marcan un movimiento infinito. Esas líneas están formadas por nombres femeninos en lengua catalana yuxtapuestos los unos a los otros, lo que dificulta su lectura individual, como homenaje a la solidaridad entre mujeres en la lucha por sus derechos. Completan el diseño las inscripciones «50 ANYS DEL SUFRAGI UNIVERSAL FEMENÍ» (50 años de sufragio universal femenino) y «ANDORRA 1970-2020». Estas inscripciones aparecen también incorporadas al movimiento de las líneas para dar más importancia al aniversario que se está conmemorando. En la corona circular de la moneda figuran las doce estrellas de la bandera europea.;14 de diciembre de 2020;60.000;;;;
Andorra;2021;Nuestra Señora de Meritxell;;En primer plano se muestra la reproducción de la talla románica de Nuestra Señora de Meritxell (patrona del Principado de Andorra), que data de los siglos XI y XII. En segundo plano se muestra una reproducción parcial del santuario de la basílica donde se encuentra la talla, un elemento gráfico que simboliza una flor, el nombre del país emisor «ANDORRA» y los años «1921-2021». En la corona circular de la moneda figuran las doce estrellas de la bandera europea.;15 de diciembre de 2021;73.750;;;;
Andorra;2021;Cuidemos de nuestros mayores;;El motivo de la moneda «CUIDEM LA NOSTRA GENT GRAN» (Cuidemos de nuestros mayores) está simbolizado por la imagen de la mano de una persona joven con otra mano que muestra todos los signos de envejecimiento, y un estetoscopio debajo. El nombre del país emisor «ANDORRA», rematado por un semicírculo que rodea varias reproducciones del virus SARS-CoV-2, representa el compromiso del Estado con la prevención de su propagación y el cuidado de sus ciudadanos. El motivo también muestra la fecha de emisión «2021». En la corona circular de la moneda figuran las doce estrellas de la bandera europea.;15 de diciembre de 2021;70.000;;;;
Andorra;2022;Diez años de la entrada en vigor del Acuerdo monetario entre Andorra y la Unión Europea;;Las diferentes formas y tamaños de las piezas de rompecabezas representadas en la parte inferior del motivo simbolizan el Principado de Andorra y los países pertenecientes a la Unión Europea. En la parte superior del motivo, las estrellas que rodean el símbolo de la moneda común europea representan que todas ellas forman parte del universo del euro. Junto a ellas figuran el nombre del país emisor «ANDORRA» y los años de la conmemoración «2012» y «2022». En la corona circular de la moneda figuran las doce estrellas de la bandera europea.;16 de enero de 2023;70.000;;;;
Andorra;2022;La leyenda de Carlomagno;;Cuenta la leyenda que el Emperador Carlomagno fundó Andorra en el año 805 y que concedió a sus habitantes su propio estatuto jurídico. El motivo de la moneda representa esta leyenda profundamente arraigada en la historia y la cultura de Andorra y muestra, en su fondo, un paisaje con montañas y un río, símbolos de su rico paisaje, con el nombre del país emisor «ANDORRA». El primer plano del motivo representa una reproducción parcial del famoso retrato del Emperador Carlomagno realizado por el artista Alberto Durero y el año de emisión «2022». En la corona circular de la moneda figuran las doce estrellas de la bandera europea.;16 de enero de 2023;70.000;;;;
Andorra;2023;30 años del ingreso de Andorra en la ONU;;Las Naciones Unidas vienen representadas por dos elementos simbólicos: dos coronas de laurel y un globo terráqueo, el cual forma parte del número «30» que se representa, con la inscripción «ANYS» (años) y el año «2023» debajo. En la parte superior del motivo figura el escudo de armas de Andorra y la inscripción «ANDORRA MEMBRE DE LES NACIONS UNIDES» (Andorra miembro de las Naciones Unidas). En la corona circular de la moneda figuran las doce estrellas de la bandera europea.;27 de noviembre de 2023;70.000;"El ingreso de Andorra en la ONU se produjo el 28 de julio de 1993. El Principado iniciaba su camino con plena soberanía dentro de la esfera internacional. El país pasaba a ser un Estado de derecho, democrático y social, al tiempo que se convertía en un actor internacional más.
El diseño de la moneda conmemora el 30º aniversario de la admisión del Principado de Andorra en las Naciones Unidas. La composición, en un primer plano, del número 30 está representada por dos elementos simbólicos: una corona de ramas de olivo y un globo terráqueo. En la parte superior del diseño aparece el escudo del país y la inscripción ANDORRA MEMBRE DE LES NACIONS UNIDES (Andorra miembro de las Naciones Unidas).";;;
Andorra;2023;Fiestas del fuego del solsticio de verano;;El motivo reproduce una figura humana, denominada «fallaire», que lleva una capa tradicional y traza un círculo de fuego con la «falla». Este es el elemento principal de la fiesta y consiste en cortezas de árboles a las que, una vez encendidas, se hace girar enérgicamente creando grandes círculos de fuego. La composición gráfica de las líneas en el fondo del motivo representa el solsticio de verano junto con el nombre del país emisor «ANDORRA» y el año «2023». En la corona circular de la moneda figuran las doce estrellas de la bandera europea.;27 de noviembre de 2023;70.000;"Las fiestas del fuego del solsticio de verano fueron inscritas en la Lista Representativa del Patrimonio Cultural Inmaterial de la Humanidad de la UNESCO en 2015. Son fiestas tradicionales y populares muy celebradas en Andorra cada año.
El diseño de la moneda reproduce una figura humana, denominada “fallaire”, ataviada con una capa tradicional y trazando un círculo de fuego con la “falla”. Este es el elemento principal del festival y consiste en cortezas de árboles que, una vez encendidas, se hacen girar enérgicamente creando grandes círculos de fuego. La composición gráfica de líneas del fondo del diseño representa el solsticio de verano junto con el nombre del país emisor “ANDORRA” y el año “2023”.";;;
Andorra;2024;Campeonatos del Mundo de Ciclismo de Montaña de la UCI, Andorra 2024;;El motivo de la moneda presenta un ciclista pasando por un paisaje que demuestra el carácter espectacular de este deporte, con la leyenda «CAMPIONATS DEL MÓN UCI DE BTT» (Campeonato Mundial de Ciclismo de Montaña de la UCI de 2024). Las leyendas correspondientes al país emisor «ANDORRA» y el año de emisión «2024» figuran a los lados del ciclista, como si fueran otro elemento de este deporte. En la corona circular de la moneda figuran las doce estrellas de la bandera europea.;;60.000;;;;
Andorra;2024;Centenario del Esquí en Andorra;;El motivo de la moneda conmemora el centenario de la práctica de este deporte en Andorra y reproduce la parte inferior de la silueta de un esquiador junto con el nombre del país emisor «ANDORRA» y el año de emisión «2024». En la corona circular de la moneda figuran las doce estrellas de la bandera europea.;;60.000;Se cree que los primeros contactos de la población andorrana con el esquí fueron en 1924. Hoy en día, el esquí es el deporte rey del país, lo que lo convierte en un destino muy popular gracias a sus montañas nevadas, paisajes espectaculares y estaciones de esquí de categoría mundial.;;;
Andorra;2025;Juegos de los Pequeños Estados de Europa (JPEE);;En el núcleo de la moneda se representan varios elementos deportivos, como balones y pelotas pertenecientes a distintos deportes, con redes estilizadas como fondo. Todos ellos aparecen con un estilo dinámico que evoca movimiento y energía. La inscripción “Jocs dels Petits Estats d’Europa” (Juegos de los Pequeños Estados de Europa) aparece en la parte superior, y en la parte inferior se lee “ANDORRA 2025”. En la corona circular de la moneda figuran las doce estrellas de la bandera europea.;julio de 2025;60.000;La primera moneda está dedicada a los Juegos de los Pequeños Estados de Europa (JPEE), que se celebrarán en el Principado del 26 al 31 de mayo de 2025. Esta competición deportiva reúne a varios países europeos con poblaciones reducidas y promueve el espíritu olímpico en un formato más accesible.;;;
Andorra;2025;Quebrantahuesos (Gypaetus barbatus);;El diseño de la moneda muestra un primer plano de un quebrantahuesos (Gypaetus barbatos), una especie de ave en peligro de extinción, mirando hacia la derecha, con un fondo liso que resalta su expresión imponente. Debajo de la imagen aparece el nombre del país, “ANDORRA”, y el año “2025”, todo enmarcado por el anillo plateado con las doce estrellas de la Unión Europea.;julio de 2025;60.000;"La segunda moneda conmemorativa está dedicada al Quebrantahuesos (Gypaetus barbatus), una de las aves más emblemáticas del Pirineo andorrano. Esta especie de buitre, reconocible por su plumaje denso y su pico ganchudo, está actualmente catalogada como en peligro de extinción. Con esta emisión, Andorra busca visibilizar la importancia de su protección y conservación.

";;;
Andorra;2014;Cara Nacional 2€;;La moneda de 2€ muestra el escudo de armas de Andorra, cuyo lema es «virtus unita fortior» (la virtud unida es más fuerte). Grabado del canto (virola) de la moneda de 2€: «2**», repetido seis veces.;01 de enero de 2014;Indefinido;En virtud del Acuerdo Monetario suscrito con la Unión Europea el 30 de junio de 2011, Andorra puede utilizar el euro como moneda oficial y emitir sus propias monedas en euros. En todas las monedas figuran las doce estrellas de la bandera europea.;;;
Austria;2005;Quincuagésimo aniversario del Tratado de Estado de Austria;;Las doce estrellas de la Unión Europea están dispuestas en el anillo exterior de la moneda. La parte interior reproduce las firmas y sellos de la última página del Tratado de Estado de Austria, firmado en mayo de 1955 por los ministros de Asuntos Exteriores y los embajadores de la Unión Soviética, Gran Bretaña, Estados Unidos y Francia y por el entonces ministro de Asuntos Exteriores austríaco, Leopold Figl. La inscripción «50 JAHRE STAATSVERTRAG» aparece sobre los sellos, recorriendo la zona superior de la parte interior en un semicírculo no totalmente perfecto y ladeado hacia la derecha. En la parte inferior izquierda aparece el año de emisión, «2005». El fondo de barras verticales de la parte interior representa el motivo heráldico de los colores nacionales austríacos (rojo, blanco, rojo).;Mayo de 2005;7.000.000;;;;
Austria;2007;Quincuagésimo aniversario del Tratado de Roma (Diseño común Eurozona);;En el centro de la moneda se representa el documento del Tratado firmado por los seis países fundadores, sobre un fondo que imita el pavimento diseñado por Miguel Ángel para la Piazza del Campidoglio de Roma, en la que tuvo lugar la firma el 25 de marzo de 1957. El nombre del país emisor y las leyendas «TRATADO DE ROMA 50 AÑOS» y «EUROPA» aparecen en latín o en el idioma o idiomas de dicho país de la zona del euro. Así pues, la inscripción varía según el país, aunque la imagen es la misma. El Tratado de Roma estableció la Comunidad Económica Europea, iniciando así un proceso que condujo a la introducción del euro en 1999 y de los billetes y monedas en euros en el 2002. Para celebrar el aniversario del Tratado, el 25 de marzo de 2007, los países miembros de la zona del euro han decidido emitir de forma conjunta esta moneda, cuyo diseño resultó elegido en un concurso organizado por las fábricas de moneda europeas. En el anillo exterior de la moneda están representadas las doce estrellas de la Unión Europea.;Marzo de 2007;9.000.000;Austria (REPUBLIK ÖSTERREICH);;;
Austria;2009;Décimo aniversario de la Unión Económica y Monetaria (Diseño común Eurozona);;En la moneda puede verse una figura de diseño primitivo que se funde con el símbolo del €. La idea que se desea transmitir es que la moneda única y, por extensión, la Unión Económica y Monetaria (UEM) constituyen el último eslabón de la larga historia de la integración económica y comercial europea. Esta moneda la emiten todos los países de la zona del euro, figurando en cada caso el nombre del país emisor y la leyenda «UEM 1999-2009» en la lengua o lenguas respectivas. El diseño, elegido entre los cinco preseleccionados por ciudadanos de la Unión Europea mediante votación por Internet, es creación de George Stamatopoulos, escultor del departamento de acuñación del Banco de Grecia. En la corona circular se representan las doce estrellas de la Unión Europea.;Enero de 2009;5.000.000;Austria (REPUBLIK ÖSTERREICH);;;
Austria;2012;Diez años de billetes y monedas en euros (Diseño común: Eurozona);;La parte central de la moneda, diseñada por Helmut Andexlinger, de la Fábrica de Moneda de Austria, y escogida por los ciudadanos y residentes de la zona del euro como moneda conmemorativa común de 2012, muestra el mundo en forma de símbolo del euro en el centro, aludiendo a cómo el euro se ha convertido en un verdadero actor mundial a lo largo de la última década. Los elementos que rodean al euro simbolizan su importancia para la gente corriente (representada por una familia de cuatro miembros), para el mundo de las finanzas (la Eurotower), para el comercio (un buque), para la industria (una fábrica) y la energía, para la investigación y el desarrollo (dos turbinas eólicas). Las iniciales del diseñador «A.H.» se aprecian (si se observa con mucha atención) entre el buque y la Eurotower. En los bordes superior e inferior de la parte central de la moneda figuran, respectivamente, el país emisor y los años «2002 – 2012». La moneda la emitirán todos los países de la zona del euro. En la corona circular figuran las doce estrellas de la Unión Europea.;enero de 2012;6.000.000;Austria (REPUBLIK ÖSTERREICH);;;
Austria;2015;Trigésimo aniversario de la bandera de la UE (Diseño común Eurozona);;El motivo representa la bandera de la UE como símbolo que une pueblos y culturas con visiones e ideales comunes de un futuro mejor. Doce estrellas que se transforman en figuras humanas representan el nacimiento de una nueva Europa. En la parte superior derecha, en semicírculo, figura la mención del país emisor «REPUBLIK ÖSTERREICH» y los años «1985-2015». En la parte inferior derecha aparecen las iniciales del artista (Georgios Stamatopoulos). En la corona circular de la moneda figuran las doce estrellas de la Unión Europea.;30 de octubre de 2015;2.500.000;Austria (REPUBLIK ÖSTERREICH);;;
Austria;2016;200 años del Oesterreichische Nationalbank;;"El diseño representa a dos dioses de la mitología romana grabados en bajorrelieve frente a la entrada del edificio principal del Oesterreichische Nationalbank (OeNB): a la izquierda, Mercurio, mensajero de los dioses y dios de los comerciantes y el comercio; a la derecha, Fortuna, diosa del destino y la prosperidad, representada con un cuerno de la abundancia. La imagen de fondo, desde la izquierda hasta la derecha del núcleo, representa la sede del OeNB. Una banda ornamental en la parte inferior del centro de la moneda evoca la secuencia roja-blanca-roja de la bandera nacional austriaca, con líneas verticales sombreadas que simbolizan el color rojo, según se establece en las normas de diseño heráldico. Los años «1816» y «2016» a la izquierda de Mercurio hacen referencia al año de fundación del OeNB y a su bicentenario. Las inscripciones que figuran en los bordes del centro dorado son «Republik Österreich» (República de Austria) y «200 Jahre Oesterreichische Nationalbank» (200 años del Banco Nacional Austriaco). En la corona circular de la moneda figuran las doce estrellas de la Unión Europea.";18 de enero de 2016;16.000.000;;;;
Austria;2018;Centenario de la República de Austria;;El motivo muestra la estatua de Palas Atenea delante del edificio de estilo griego del Parlamento austriaco, en Viena. La diosa de la sabiduría simboliza el parlamentarismo austriaco, así como el conocimiento, la razón y el talento estratégico. En el lado izquierdo aparece el año «2018» y, debajo, el texto «100 JAHRE» (100 AÑOS). La leyenda «REPUBLIK ÖSTERREICH» (REPÚBLICA DE AUSTRIA) figura en la parte inferior derecha, en forma de semicircunferencia. En la corona circular de la moneda figuran las doce estrellas de la Unión Europea.;02 de enero de 2018;18.100.100;;;;
Austria;2022;35 años del programa Erasmus (Diseño común Eurozona);;El diseño es una combinación de dos elementos fundamentales del programa Erasmus: la inspiración intelectual original, el propio Erasmus, y la alegoría de su influencia en Europa. El primero se simboliza por una de las representaciones más conocidas de Erasmus. El segundo se simboliza por un haz de enlaces que cruzan la moneda de una baliza a otra, en representación de los numerosos intercambios intelectuales y humanos entre los estudiantes europeos. Como referencia a Europa, algunos de estos enlaces forman otras estrellas, derivadas de la sinergia entre los países. El número 35, por el 35.º aniversario, surge de las estrellas en un estilo gráfico moderno. En la corona circular de la moneda figuran las doce estrellas de la bandera europea.;1 de Julio de 2022;1.060.000;;;;
Austria;2027;200 Aniversasrio de la muerte de Ludwig van Beethoven;;"La cara nacional está dominada por un gran busto frontal de Beethoven. El cabello agitado, el ceño marcado y la mirada fija construyen una imagen inmediatamente reconocible y transmiten el temperamento enérgico con el que el músico ha quedado asociado en el imaginario colectivo.
El retrato se superpone a una estructura de líneas rectas que enmarca la figura y aporta profundidad a la composición. A la izquierda aparece, en disposición vertical y dividida en dos líneas, la leyenda «REPUBLIK ÖSTERREICH», bajo la que se sitúa el año «2027». El apellido «BEETHOVEN» se extiende por la parte inferior y queda parcialmente integrado con el busto. En el anillo exterior figuran las doce estrellas de la bandera europea.";?;?;Beethoven ofrecía numerosas posibilidades para una moneda: desde un fragmento musical hasta una alusión a la Novena Sinfonía y a la «Oda a la alegría», convertida posteriormente en himno europeo. Münze Österreich ha optado, sin embargo, por una solución más sobria y monumental.;;;
Austria;2002;Cara Nacional 2€;;La moneda de 2€ está dedicada a la militante pacifista Bertha von Suttner, símbolo de los esfuerzos desplegados por Austria durante décadas para apoyar la causa de la paz. Grabado del canto (virola) de la moneda de 2€: «2 EURO***», repetido cuatro veces y orientado alternativamente de abajo arriba y de arriba abajo.;01 de enero de 2002;Indefinido;Austria decidió acuñar una serie completa de monedas con motivos florales, arquitectónicos y personajes famosos de su historia. Los diseños fueron elegidos por una comisión nacional y se sometieron a la aprobación pública mediante sondeos de opinión. El autor de los diseños es el artista austríaco Josef Kaiser.;;;
Bélgica;2005;Unión Económica Belgoluxemburguesa;;Las efigies del gran duque Enrique de Luxemburgo y del rey Alberto II de Bélgica aparecen de perfil en el centro de la moneda. El perfil del rey Alberto II está ligeramente superpuesto sobre el del gran duque Enrique. Debajo de las efigies aparece el año de acuñación, «2005». En la parte inferior derecha figuran las iniciales del grabador, «LL». Las dos efigies y la fecha están rodeadas por las doce estrellas y por los monogramas del gran duque Enrique a la izquierda y del rey Alberto II a la derecha. Las marcas de las fábricas de la moneda aparecen cada una entre dos estrellas, situadas a izquierda y derecha de la parte inferior del anillo exterior.;Marzo de 2006;6.000.000;;;;
Bélgica;2006;El Atomium;;En el centro de la moneda aparece una representación del «Atomium» y, a la derecha, las iniciales del grabador, «LL». Dos marcas de la Fábrica de la Moneda figuran junto a su base. En la corona circular aparecen las doce estrellas de la Unión Europea, la letra «B» y el año de acuñación, «2006».;Abril de 2006;5.000.000;;;;
Bélgica;2007;Quincuagésimo aniversario del Tratado de Roma (Diseño común Eurozona);;En el centro de la moneda se representa el documento del Tratado firmado por los seis países fundadores, sobre un fondo que imita el pavimento diseñado por Miguel Ángel para la Piazza del Campidoglio de Roma, en la que tuvo lugar la firma el 25 de marzo de 1957. El nombre del país emisor y las leyendas «TRATADO DE ROMA 50 AÑOS» y «EUROPA» aparecen en latín o en el idioma o idiomas de dicho país de la zona del euro. Así pues, la inscripción varía según el país, aunque la imagen es la misma. El Tratado de Roma estableció la Comunidad Económica Europea, iniciando así un proceso que condujo a la introducción del euro en 1999 y de los billetes y monedas en euros en el 2002. Para celebrar el aniversario del Tratado, el 25 de marzo de 2007, los países miembros de la zona del euro han decidido emitir de forma conjunta esta moneda, cuyo diseño resultó elegido en un concurso organizado por las fábricas de moneda europeas. En el anillo exterior de la moneda están representadas las doce estrellas de la Unión Europea.;Marzo de 2007;5.000.000;Bélgica (BELGIE-BELGIQUE-BELGUIEN);;;
Bélgica;2008;Sexagésimo aniversario de la Declaración Universal de Derechos Humanos;;El motivo de la moneda está compuesto por varias líneas curvas en torno a un rectángulo en el que figura la cifra «60». Sobre el rectángulo aparece inscrito el año de emisión, «2008», y, debajo, las palabras «UNIVERSAL DECLARATION OF HUMAN RIGHTS». En la parte inferior de la imagen se reproduce el nombre del país en sus tres lenguas oficiales, «BELGIE – BELGIQUE – BELGIEN», flanqueado por la marca de la Fábrica de la Moneda y la marca del «Commissaire des Monnaies» a izquierda y derecha, respectivamente. En la corona circular se representan las doce estrellas de la Unión Europea.;Mayo de 2008;5.000.000;;;;
Bélgica;2009;Décimo aniversario de la Unión Económica y Monetaria (Diseño común Eurozona);;En la moneda puede verse una figura de diseño primitivo que se funde con el símbolo del €. La idea que se desea transmitir es que la moneda única y, por extensión, la Unión Económica y Monetaria (UEM) constituyen el último eslabón de la larga historia de la integración económica y comercial europea. Esta moneda la emiten todos los países de la zona del euro, figurando en cada caso el nombre del país emisor y la leyenda «UEM 1999-2009» en la lengua o lenguas respectivas. El diseño, elegido entre los cinco preseleccionados por ciudadanos de la Unión Europea mediante votación por Internet, es creación de George Stamatopoulos, escultor del departamento de acuñación del Banco de Grecia. En la corona circular se representan las doce estrellas de la Unión Europea.;Enero de 2009;5.000.000;Bélgica (BELGIE-BELGIQUE-BELGUIEN);;;
Bélgica;2009;Segundo centenario del nacimiento de Louis Braille;;La moneda reproduce un retrato de Louis Braille y sus iniciales L y B en el alfabeto que inventó. Encima del retrato aparece su nombre y debajo, el código del país emisor, «BE», y los años «1809» y «2009». A la izquierda figura la marca de la Fábrica de la Moneda y a la derecha, la marca del maestro grabador. En la corona circular se representan las doce estrellas de la Unión Europea.;25 de septiembre de 2009;5.000.000;;;;
Bélgica;2010;Presidencia belga del Consejo de la Unión Europea en 2010;;En el centro de la moneda figura el logo conmemorativo, «EU» y «trio.be», escritos con letra estilizada. El motivo central se encuentra rodeado de un círculo formado por las palabras «BELGIAN PRESIDENCY OF THE COUNCIL OF THE EU 2010» y la designación del país en sus tres lenguas «BELGIE BELGIQUE BELGIEN». Bajo el logo, sobre el nombre del país en el centro, puede verse la fecha de emisión, «2010», entre la marca de la Fábrica de la Moneda a la izquierda y la marca del maestro grabador a la derecha. En la corona circular figuran las doce estrellas de la Unión Europea.;10 de junio de 2010;5.000.000;;;;
Bélgica;2011;Centenario del Día Internacional de la Mujer;;La parte central de la moneda, que conmemora el centenario del Día Internacional de la Mujer, 8 de marzo, presenta las efigies de Isala Van Diest, la primera mujer médico de Bélgica, y Marie Popelin, la primera abogada. Debajo de las efigies, y a ambos lados del año 2011, figuran los nombres de las dos mujeres, acompañados del emblema de su profesión. Las letras «BE», referencia a su nacionalidad, aparecen centradas por encima de las efigies, y a izquierda y derecha, respectivamente, la marca del maestro grabador y la marca de ceca. En la corona circular figuran las doce estrellas de la Unión Europea.;03 de mayo de 2011;5.000.000;;;;
Bélgica;2012;Septuagésimoquinto aniversario del concurso musical Reina Isabel;;En la parte central de la moneda figura el logotipo del concurso reina Isabel, superpuesto en el perfil izquierdo de la reina, quien fundó el concurso musical en 1937. A la izquierda aparece la marca del director de la ceca (un cálamo) y, a la derecha, la marca de ceca (la cabeza del arcángel San Miguel). Formando un semicírculo en el borde inferior de la parte central de la moneda figura la inscripción «QUEEN ELISABETH COMPETITION» y, en el borde superior, la inscripción «1937 - 2012» relativa al septuagésimoquinto aniversario del concurso. Las letras «BE» que aparecen a la derecha del perfil indican el país de emisión. En la corona circular figuran las doce estrellas de la Unión Europea.;06 de junio de 2012;5.000.000;;;;
Bélgica;2012;Diez años de billetes y monedas en euros (Diseño común: Eurozona);;La parte central de la moneda, diseñada por Helmut Andexlinger, de la Fábrica de Moneda de Austria, y escogida por los ciudadanos y residentes de la zona del euro como moneda conmemorativa común de 2012, muestra el mundo en forma de símbolo del euro en el centro, aludiendo a cómo el euro se ha convertido en un verdadero actor mundial a lo largo de la última década. Los elementos que rodean al euro simbolizan su importancia para la gente corriente (representada por una familia de cuatro miembros), para el mundo de las finanzas (la Eurotower), para el comercio (un buque), para la industria (una fábrica) y la energía, para la investigación y el desarrollo (dos turbinas eólicas). Las iniciales del diseñador «A.H.» se aprecian (si se observa con mucha atención) entre el buque y la Eurotower. En los bordes superior e inferior de la parte central de la moneda figuran, respectivamente, el país emisor y los años «2002 – 2012». La moneda la emitirán todos los países de la zona del euro. En la corona circular figuran las doce estrellas de la Unión Europea.;enero de 2012;5.000.000;Bélgica (BELGIE-BELGIQUE-BELGUIEN);;;
Bélgica;2013;100º aniversario de la creación del «Institut Royal Météorologique»;;En el centro de la moneda figura el número 100. Dentro del primer cero aparecen las siglas «KMI» e «IRM», y el segundo cero representa un sol. A la izquierda del sol, hay unas isobaras, algunas gotas de lluvia y varios copos de nieve. En los rayos del sol se indica, en la parte superior, el año «2013» y, en la parte inferior, el código del país «BE». Bajo el número 1 de la cifra 100 figura la marca del maestro grabador «Commissaire des Monnaies» y la marca de la Fábrica de la Moneda de Bruselas (la cabeza con casco del arcángel San Miguel). En la corona circular de la moneda figuran las doce estrellas de la Unión Europea.;18 de septiembre de 2013;2.000.000;;;;
Bélgica;2014;Centenario del comienzo de la Primera Guerra Mundial;;El centro de la moneda muestra una amapola sobre las fechas «2014-18». Bajo las fechas figura la leyenda «The Great War Centenary» y debajo, la marca del maestro grabador, la marca de la ceca de Bruselas y la cabeza con yelmo del arcángel San Miguel. En la parte central, arriba, aparece la inscripción trilingüe «BELGIE—BELGIQUE—BELGIEN». En la corona circular figuran las doce estrellas de la Unión Europea.;12 de mayo de 2014;1.750.000;;;;
Bélgica;2014;150 años de la Cruz Roja de Bélgica;;El centro de la moneda muestra una cruz con la cifra «150» en su interior. En los ejes vertical y horizontal de la cruz figuran, respectivamente, las inscripciones «Rode Kruis» y «Croix-Rouge». Rodean la cruz la marca de la Fábrica de la Moneda de Bruselas (la cabeza con yelmo del arcángel San Miguel), la marca del «Commissaire des Monnaies», el año «2014» y el código del país «BE». En la corona circular figuran las doce estrellas de la Unión Europea.;18 de septiembre de 2014;260.000;;;;
Bélgica;2015;Año Europeo del Desarrollo;;El centro de la moneda muestra una mano que sostiene un globo terráqueo con una planta en primer plano. La inscripción «2015 EUROPEAN YEAR FOR DEVELOPMENT» aparece en semicírculo sobre el globo. Bajo la mano figura el código del país «BE» y, a la derecha, la marca del maestro grabador, la marca de la Fábrica de la Moneda de Bruselas y la cabeza con yelmo del arcángel San Miguel. En la corona circular de la moneda figuran las doce estrellas de la Unión Europea.;17 de septiembre de 2015;250.000;;;;
Bélgica;2015;Trigésimo aniversario de la bandera de la UE (Diseño común Eurozona);;El motivo representa la bandera de la UE como símbolo que une pueblos y culturas con visiones e ideales comunes de un futuro mejor. Doce estrellas que se transforman en figuras humanas representan el nacimiento de una nueva Europa. En la parte superior derecha, en semicírculo, figura la mención del país emisor «BELGIE-BELGIQUE-BELGUIEN» y los años «1985-2015». En la parte inferior derecha aparecen las iniciales del artista (Georgios Stamatopoulos). En la corona circular de la moneda figuran las doce estrellas de la Unión Europea.;18 de noviembre de 2015;400.000;Bélgica (BELGIE-BELGIQUE-BELGUIEN);;;
Bélgica;2016;Los Juegos Olímpicos: Equipo Olímpico de Bélgica;;La parte interior de la moneda representa, de arriba abajo, un personaje estilizado, los cinco anillos olímpicos y la inscripción «TEAM BELGIUM». A la izquierda figura el año 2016. A la derecha, el código del país emisor «BE» aparece entre la marca de la ceca de Bruselas (la cabeza del San Miguel Arcángel con casco) y la marca del «comisario de la moneda». En la corona circular de la moneda figuran las doce estrellas de la Unión Europea.;23 de marzo de 2016;375.000;;;;
Bélgica;2016;Día Internacional de los Niños Desaparecidos;;La parte interior de la moneda representa en el centro el rostro de un niño rodeado por la inscripción «MISSING-DISPARU-VERMIST», «WWW.CHILDFOCUS.BE» y por la indicación trilingüe del país emisor «BELGIQUE-BELGIE-BELGIEN», seguida del año «2016». La marca de la ceca de Bruselas (la cabeza del San Miguel Arcángel con casco) y la marca del comisario de la moneda figuran a la izquierda y a la derecha del rostro, respectivamente. En la corona circular figuran las doce estrellas de la bandera europea.;25 de mayo de 2016;1.020.000;;;;
Bélgica;2017;200º aniversario de la Universidad de Lieja;;La parte central de la moneda presenta el logotipo de la Universidad de Lieja, con las fechas 1817 – 2017 debajo, rodeado por la inscripción «200 ANS UNIVERSITE DE LIEGE – 200 YEARS UNIVERSITY OF LIEGE» y la indicación del país «BE». La marca de ceca de la Casa de la Moneda de Bruselas, representada por una cabeza con casco de San Miguel Arcángel, y la marca de ceca de su dirección, representada por el escudo de armas de la municipalidad de Herzele, están colocadas a la derecha y a la izquierda, respectivamente, de la indicación del país. En la corona circular de la moneda figuran las doce estrellas de la Unión Europea.;21 de abril de 2017;200.000;;;;
Bélgica;2017;200º aniversario de la Universidad de Gante;;En la parte central de la moneda figura el logotipo de la Universidad de Gante y, bajo este, las fechas 1817-2017, todo rodeado por la leyenda «200 JAAR UNIVERSITEIT GENT – 200 YEARS GHENT UNIVERSITY» y la indicación del país «BE». La marca de ceca de Bruselas, una cabeza con yelmo de San Miguel Arcángel, y la marca de ceca de su dirección, representada por el escudo de armas de la municipalidad de Herzele, están colocadas a la derecha y a la izquierda, respectivamente, de la indicación del país. En la corona circular de la moneda figuran las doce estrellas de la Unión Europea.;29 de septiembre de 2017;200.000;;;;
Bélgica;2018;El 50º aniversario de los acontecimientos de mayo del 68 en Bélgica;;El diseño, que representa a unos estudiantes con un panfleto y una bandera en las manos, hace referencia a las manifestaciones estudiantiles que tuvieron lugar en Bélgica en el contexto de los cambios socioculturales de mayo del 68. Este importante acontecimiento nacional marcó la política nacional belga e influyó en las reformas gubernamentales posteriores, hace ahora 50 años. La marca de ceca de Utrecht (el caduceo de Mercurio) se reproduce en la parte izquierda junto a la marca del maestro de ceca belga (el escudo de armas del municipio de Herzele). El año de emisión «2018» y el código del país «BE» están igualmente situados a la izquierda, así como las iniciales del diseñador de la moneda, Luc Luycx «LL». Al fondo destaca un auditorio, que constituye otra referencia estudiantil. En la corona circular de la moneda figuran las doce estrellas de la Unión Europea.;18 de junio de 2018;260.000;;;;
Bélgica;2018;El 50º aniversario del satélite ESRO 2B;;El diseño muestra el satélite ESRO 2B, el primer satélite lanzado con éxito por la Organización Europea de Investigaciones Espaciales, que fue puesto en la órbita terrestre en 1968. El ESRO 2B, rebautizado como «IRIS» (por las siglas en inglés de Satélite Internacional de Investigación de la Radiación) al entrar en órbita, tenía como misión estudiar los rayos X solares, la radiación cósmica y los cinturones de radiación de la Tierra. La marca de ceca de Utrecht (el caduceo de Mercurio) se reproduce en la parte inferior junto con la marca del maestro de ceca belga, el escudo de armas del municipio de Herzele, el código de país BE y las iniciales LL, que hacen referencia al diseñador de la moneda, Don Luc Luycx. En la corona circular de la moneda figuran las doce estrellas de la bandera europea.;19 de septiembre de 2018;260.000;;;;
Bélgica;2019;25º aniversario del Instituto Monetario Europeo (IME);;En la parte interior de la moneda, a la derecha, aparece el retrato de Alexandre Lamfalussy, el primer presidente del IME y, junto a él, su nombre. A la izquierda, figura la abreviatura EMI y, encima de esta, el año 1994, que hace referencia a la fecha de la creación del Instituto y a la designación de Lamfalussy como su primer presidente. Debajo de la abreviatura IME aparecen representadas varias monedas cayendo unas sobre otras con la inscripción €, «ECU» y «BEF», de arriba abajo. Dado que se trata de una emisión belga, hemos elegido «BEF», pues es la abreviatura de la antigua moneda nacional. El objeto del motivo es presentar simbólicamente la transición de las monedas nacionales hacia una moneda única europea, el euro, ya que la principal tarea del IME era establecer el Sistema Europeo de Bancos Centrales, incluidos el BCE y la nueva moneda. En la parte superior de la parte izquierda de la moneda aparece la inscripción «European Monetary Institute». Como la Real Casa de la Moneda de los Países Bajos acuñará las monedas, la marca de ceca de Utrecht, un caduceo, figura a la izquierda junto a la marca de ceca del director de la Fábrica de la Moneda belga, el escudo de armas del municipio Herzele. El código de país «BE» y la marca del año 2019 están situados en la parte inferior. Las iniciales LL, que hacen referencia a las iniciales del diseñador de la moneda, Luc Luycx, se encuentran a la derecha de la moneda. En la corona circular de la moneda figuran las doce estrellas de la bandera europea.;09 de mayo de 2019;155.000;;;;
Bélgica;2019;50º aniversario de la muerte de Pieter Bruegel el Viejo;;La parte interior de la moneda representa el retrato del célebre artista belga Pieter Brueghel el Viejo, junto con un cuadro sobre un caballete. En la parte superior, se encuentra el nombre de P. BRUEGEL, el año 1569, con un pequeño obelisco que hace referencia al año de la muerte, y el año 2019, que es el de emisión. Como la Real Casa de la Moneda de los Países Bajos acuñará las monedas, la marca de ceca de Utrecht, un caduceo, se sitúa a la izquierda junto a la marca de ceca del director de la Fábrica de la Moneda belga, el escudo de armas del municipio Herzele y el código del país «BE». A la derecha se encuentran las iniciales LL, que hacen referencia a las iniciales del diseñador de la moneda, Luc Luycx. Por último, en torno al borde de la parte interior, aparecen pequeños puntos formando un círculo. En la corona circular de la moneda figuran las doce estrellas de la bandera europea.;01 de marzo de 2019;155.000;;;;
Bélgica;2020;Año Internacional de la Sanidad Vegetal 2020 (AISV 2020);;La parte interior de la moneda muestra el logotipo oficial del AISV 2020, compuesto por hojas y el texto «INTERNATIONAL YEAR OF PLANT HEALTH». Las hojas representan plantas sanas como fuente del oxígeno que respiramos, de los alimentos que comemos y de toda la vida en la Tierra. Esta imagen positiva de hojas protegidas de plagas y enfermedades letales forma un círculo, que representa el mundo y hace hincapié en que la sanidad y la protección de las plantas tienen interés mundial. La sanidad vegetal es la clave para acabar con el hambre, reducir la pobreza, proteger el medio ambiente e impulsar el desarrollo económico. Como la Real Casa de la Moneda de los Países Bajos acuñará las monedas, la marca de ceca de Utrecht, un caduceo, se sitúa a la derecha. La marca de ceca del director de la Fábrica de la Moneda belga, el escudo de armas del municipio Herzele, se encuentra a la izquierda. El código de país «BE» y la marca del año 2020 están situados en la parte inferior. En la corona circular de la moneda figuran las doce estrellas de la bandera europea.;Febrero de 2020;755.000;;;;
Bélgica;2020;Jan van Eyck;;En la parte interior de la moneda figura el retrato del famoso artista flamenco Jan van Eyck, junto con su firma y una paleta de pintor que también contiene las iniciales LL, que indican el diseñador de la moneda, Luc Luycx, y dos pinceles. En la parte superior se lee el nombre «J. van Eyck». Como la Real Casa de la Moneda de los Países Bajos acuñará las monedas, la marca de ceca de Utrecht, un caduceo, figura en la parte inferior, junto a la marca de ceca del director de la Fábrica de la Moneda belga, el escudo de armas del municipio de Herzele. El código de país «BE» y la marca del año 2020 están situados a la derecha. En la corona circular de la moneda figuran las doce estrellas de la bandera europea.;15 de octubre de 2020;155.000;;;;
Bélgica;2021;Centenario de la constitución de la Unión Económica Belgo-Luxemburguesa (UEBL-BLEU);;La cara nacional de la moneda muestra la efigie del rey Felipe I de Bélgica junto con la del Gran Duque Henri de Luxemburgo. Además, ambos países están representados, con la mención de la Unión Económica, y los años 1921 y 2021. Como la Real Casa de la Moneda de los Países Bajos acuñará las monedas, la marca de ceca de Utrecht, un caduceo, figura en la parte inferior, junto a la marca de ceca del director de la Fábrica de la Moneda belga, el escudo de armas del municipio de Herzele. También figuran las iniciales LL, que hacen referencia al diseñador de la moneda, Luc Luycx. En la corona circular de la moneda figuran las doce estrellas de la bandera europea.;07 de julio de 2021;155.000;;;;
Bélgica;2021;500° aniversario de la aparición de la ordenanza del segundo período de emisión de monedas durante el reinado de Carlos V;;La cara nacional de la moneda representa en su parte interior el retrato del Carlos V, junto con el texto «Carolus V». A la izquierda aparece representado el florín de oro Carolus, de 500 años de antigüedad, emitido tras la ordenanza del segundo período de emisión de monedas durante el reinado de Carlos V. Como la Real Casa de la Moneda de los Países Bajos acuñará las monedas, la marca de ceca de Utrecht, un caduceo, figura en la parte inferior, junto a la marca de ceca del director de la Fábrica de la Moneda belga, el escudo de armas del municipio de Herzele. También contiene las iniciales LL, que hacen referencia al diseñador de la moneda, Luc Luycx. El código de país «BE» y la marca del año 2021 están situados a la izquierda. En la corona circular de la moneda figuran las doce estrellas de la bandera europea.;27 de octubre de 2021;155.000;;;;
Bélgica;2022;Reconocimiento al sector sanitario por su compromiso excepcional durante la pandemia de COVID-19;;En la parte interior de la moneda figura el personal sanitario. A la izquierda, la inscripción «Danke – Merci – Dank u» junto con varios pictogramas que hacen referencia al sector sanitario. De arriba a abajo pueden verse una cruz, un estetoscopio, un corazón, una jeringa, una silla de ruedas y una mezcla química. En el extremo derecho aparecen las iniciales del diseñador Luc Luycx. Dado que la Real Casa de la Moneda de los Países Bajos acuñará las monedas, la marca de ceca de Utrecht, un caduceo, figura en la parte inferior junto a la marca del maestro de ceca belga, el escudo de armas del municipio de Herzele, el código de país «BE» y la marca del año «2022». En la corona circular de la moneda figuran las doce estrellas de la bandera europea.;11 de mayo de 2022;2.000.000;;;;
Bélgica;2022;35 años del programa Erasmus (Diseño común Eurozona);;El diseño es una combinación de dos elementos fundamentales del programa Erasmus: la inspiración intelectual original, el propio Erasmus, y la alegoría de su influencia en Europa. El primero se simboliza por una de las representaciones más conocidas de Erasmus. El segundo se simboliza por un haz de enlaces que cruzan la moneda de una baliza a otra, en representación de los numerosos intercambios intelectuales y humanos entre los estudiantes europeos. Como referencia a Europa, algunos de estos enlaces forman otras estrellas, derivadas de la sinergia entre los países. El número 35, por el 35.º aniversario, surge de las estrellas en un estilo gráfico moderno. En la corona circular de la moneda figuran las doce estrellas de la bandera europea.;1 de Julio de 2022;1.000.000;;;;
Bélgica;2023;El año «art nouveau» que se celebra en Bélgica en 2023;;El motivo muestra un detalle decorativo de la fachada del Hotel Van Eetvelde, una casa emblemática de Bruselas diseñada por Victor Horta, arquitecto belga del movimiento art nouveau, e inscrita en la lista del Patrimonio Mundial de la Unesco. Las líneas curvas y asimétricas del detalle decorativo reflejan el estilo característico del movimiento art nouveau, inspirado en la naturaleza. Este detalle ocupa la mitad inferior de la moneda, dejando un espacio vacío en la mitad superior, que se completa con la leyenda «ART NOUVEAU». En el extremo derecho, aparecen las iniciales de la diseñadora, Iris Bruijns. Dado que será la Real Casa de la Moneda de los Países Bajos la que acuñará las monedas, la marca de ceca de Utrecht, un caduceo, figura en el extremo izquierdo junto a la marca de ceca del director de la Fábrica de la Moneda belga, una flor aster delante de un matraz de Erlenmeyer, el código de país BE y la marca del año 2023. En la corona circular de la moneda figuran las doce estrellas de la bandera europea.;20 de junio de 2023;155.000;"El motivo de esta moneda muestra un detalle decorativo de la fachada del Hotel Van Eetvelde, una casa emblemática de Bruselas diseñada por Victor Horta, arquitecto belga del movimiento art nouveau, e inscrita en la lista del Patrimonio Mundial de la Unesco. Las líneas curvas y asimétricas del detalle decorativo reflejan el estilo característico del movimiento Art Nouveau, inspirado en la naturaleza. Este detalle ocupa la mitad inferior de la moneda, dejando un espacio vacío en la mitad superior, que se completa con la leyenda «ART NOUVEAU».
En el extremo derecho, aparecen las iniciales de la diseñadora, Iris Bruijns. Figuran también la marca de ceca de Utrecht, un caduceo, en el extremo izquierdo, junto a la marca de ceca del director de la Casa de la Moneda belga, una flor aster delante de un matraz de Erlenmeyer, el código de país BE y el año de emisión 2023.
130 años de Art Nouveau en Bélgica: En 1893, el arquitecto Victor Horta dio los últimos toques a la Maison Tassel. Así inició el Art Nouveau en Bruselas. La imponente fachada, las suntuosas vidrieras interiores, los mosaicos decorativos y el hierro forjado arremolinado pronto marcaron la arquitectura del final de la Belle Époque. La naturaleza, en particular, fue una importante fuente de inspiración para el Art Nouveau, ejemplificado por el uso generoso de motivos vegetales y florales y numerosas imágenes de pájaros.
Este estilo arquitectónico y decorativo pionero fue inmediatamente imitado por los compañeros de Horta y se extendió por todo el país. Muchos de sus talentosos contemporáneos, como Paul Hankar, Henry Van de Velde y Ernest Blerot, se aseguraron de que la escena callejera (Bruselas) estuviera adornada con cientos de hermosas fachadas Art Nouveau en el espacio de solo 25 años. Aún hoy se conservan más de quinientas joyas arquitectónicas que hacen de la capital una auténtica cuna del estilo Art Nouveau.";;;
Bélgica;2023;75º Aniversario del Sufragio Femenino en Bélgica;;El motivo representa en el centro una casilla en una papeleta de voto, que está siendo rellenada por un lápiz. La casilla rellenada se solapa con el símbolo de Venus (símbolo de género de las mujeres). En la parte inferior, a la izquierda, al lado de la imagen central figura la inscripción «75 JAAR ANS». En torno a la imagen central figuran inscripciones en neerlandés y francés: «ALGEMEEN VROUWENKIESRECHT» – «SUFFRAGE UNIVERSEL FÉMININ». En la parte inferior de la moneda se encuentran las iniciales de la diseñadora, Iris Bruijns. Dado que será la Real Casa de la Moneda de los Países Bajos la que acuñará las monedas, la marca de ceca de Utrecht, un caduceo, figura en el lado derecho de la moneda junto a la marca del maestro de ceca belga, una flor aster delante de un matraz de Erlenmeyer, el código de país, «BE», y el año «2023». En la corona circular de la moneda figuran las doce estrellas de la bandera europea.;25 de octubre de 2023;130.000;;;;
Bélgica;2024;Lucha contra el cáncer en Bélgica;;El diseño muestra en el centro un lazo, que se utiliza como símbolo universal para expresar el compromiso con la lucha contra el cáncer. Los extremos del lazo se extienden a izquierda y derecha formando líneas curvas, que simbolizan el trazado de un latido cardiaco en un monitor, como expresión de vida y vitalidad. En la parte superior pueden verse tres líneas, que son una referencia al arco iris (símbolo de esperanza y consuelo). En la línea inferior figura el código de país «BE» y el año «2024». En la parte inferior de la moneda figuran las leyendas en francés y neerlandés siguientes: «Lutte contre le cancer» - «Strijd tegen kanker». Las iniciales de la diseñadora, Iris Bruijns, están situadas en el lado izquierdo, por encima de las leyendas. Dado que las monedas serán acuñadas por la Real Casa de la Moneda de los Países Bajos, en el extremo inferior de la moneda figura la marca de ceca de Utrecht, un caduceo, junto a la marca de ceca del director de la Fábrica de la Moneda belga, una flor áster delante de un matraz de Erlenmeyer. En la corona circular de la moneda figuran las doce estrellas de la bandera europea.;Mayo de 2024;2.130.000;;;;
Bélgica;2024;La presidencia belga del Consejo de la Unión Europea;;El diseño representa una bandada de aves (golondrinas), que simboliza el funcionamiento de la UE, ya que se mueven en grupo y, aún así, cada una de ellas dispone de margen de maniobra individual, creando así una entidad compleja y dinámica. Por lo tanto, la bandada representa principalmente el concepto de unión. Durante el vuelo de las golondrinas, siempre hay una que se sitúa en cabeza y guía al grupo, labor que corresponde a Bélgica en el primer semestre de 2024. Las veintisiete aves también simbolizan el número total de Estados miembros de la UE. El código de país «BE» está situado entre las aves, en la parte superior derecha del diseño. Debajo de la bandada de aves, se rellena el espacio libre en la mitad inferior con la inscripción «PRESIDENCIA BÉLGICA DEL CONSEJO DE LA UE 2024». A la izquierda figuran las iniciales de la diseñadora Iris Bruijns. Dado que será la Real Casa de la Moneda de los Países Bajos la que acuñará las monedas, la marca de ceca de Utrecht, un caduceo, figura en el extremo izquierdo junto a la marca de ceca del director de la Fábrica de la Moneda belga, una flor aster delante de un matraz de Erlenmeyer. En la corona circular de la moneda figuran las doce estrellas de la bandera europea.;Primer trimestre de 2024;2.128.500;;;;
Bélgica;2025;Lotería Nacional de Bélgica;;El diseño representa en el centro la clásica figura alegórica de la buena fortuna, la diosa Fortuna portando el cuerno de la abundancia. A la derecha y abajo figuran cuatro tréboles de cuatro hojas, otro símbolo universal de la suerte. Detrás de la imagen de Fortuna, se ve el logotipo actual de la lotería nacional. En la parte izquierda de la moneda aparece el texto «loterie nationale loterij». En la parte inferior izquierda figuran el código de país, «BE», y el año de emisión, «2025». En la parte inferior derecha, pueden verse las iniciales de la diseñadora Iris Bruijns (IB). Dado que las monedas serán acuñadas por la Real Casa de la Moneda de los Países Bajos, bajo el año figura la marca de ceca de Utrecht, un caduceo, junto a la marca de ceca del director de la Fábrica de la Moneda belga, una flor áster delante de un matraz de Erlenmeyer. En la corona circular de la moneda figuran las doce estrellas de la bandera europea.;23 de Enero de 2025;154.000;"La Lotería Nacional de Bélgica es una institución de gran relevancia que lleva más de 90 años contribuyendo al bienestar de la sociedad. Fundada en 1934, se dedica a la organización de diversos juegos de azar, como loterías y apuestas, cuyos ingresos se destinan a financiar proyectos sociales enfocados en áreas como la cultura, el bienestar, la salud y el deporte.
La gestión de la Lotería Nacional está supervisada por el Ministro de Finanzas, quien se encarga de definir su política general y garantizar su correcto funcionamiento. Esta supervisión pública asegura que la institución opere en beneficio del interés colectivo, canalizando los recursos hacia iniciativas que fortalecen y enriquecen a la sociedad.";;;
Bélgica;2025;Circuito de Spa-Francorchamps;;La moneda muestra como motivo principal el trazado actual del circuito. A la izquierda se incluye la distancia total (en metros) del trazado, «7,004 M», así como su año de creación, «1921». Sobre la silueta del circuito figura el texto «CIRCUIT DE SPA FRANCORCHAMPS». En la parte inferior se ubica el código del país, «BE», y el año de acuñación, «2025», junto con la marca del maestro de la Casa de la Moneda (un matraz de Erlenmeyer) y la marca de ceca (el bastón de Mercurio). En la zona derecha se muestran las iniciales «IB», correspondientes a la diseñadora Iris Bruijns. En la corona circular de la moneda figuran las doce estrellas de la bandera europea.;25 de Julio de 2025;155.000;"Silverstone, Monza, Indianápolis… y también Spa-Francorchamps: circuitos de fama mundial que se encuentran entre los mejores del automovilismo. Muchos consideran que Spa es el circuito más bonito del mundo. Su espectacular trazado, la legendaria curva Raidillon y las ondulaciones naturales de las Ardenas lo hacen único.
Aquí se celebran carreras desde 1921. En 1950, la Fórmula 1 corrió allí por primera vez. En 2025, Spa-Francorchamps celebrará su 75.º aniversario como circuito de F1, con grandes figuras como Fangio, Senna, Schumacher y Hamilton luchando por la victoria.";;;
Bélgica;2026;Centenario de la creación de la Société Nationale des Chemins de fer Belges (SNCB);;"En la parte superior del diseño aparece el histórico logotipo ferroviario belga, una letra «B» dentro de un óvalo diseñada en 1935 por el ilustrador Jean De Roy. A ambos lados figuran las fechas 1926 y 2026, que enmarcan el siglo de historia de la compañía.
El elemento central está formado por el número 100, representado mediante raíles ferroviarios. Los dos ceros adoptan la forma de un símbolo de infinito, elemento que forma parte del logotipo oficial del centenario y que representa el movimiento continuo, la conexión entre personas y territorios y la continuidad del viaje ferroviario a través del tiempo.
Del propio símbolo emergen dos trenes separados por un siglo de evolución tecnológica. A la izquierda se representa una locomotora de 1926, mientras que a la derecha aparece un tren contemporáneo de 2026. De esta forma, el diseño reúne en una misma composición los orígenes de la compañía y su realidad actual.
En la parte inferior figura la indicación del país emisor, «BE», acompañada por la marca del maestro de la moneda, representada por un matraz Erlenmeyer con un asterisco, y la marca de la Casa de la Moneda Real de los Países Bajos, representada por el bastón de Mercurio. Todo el conjunto queda rodeado por una gráfila de puntos.
La moneda ha sido diseñada por Iris Bruijns.";15 de junio de 2026;157.000;"En 2026 se cumplen cien años de la creación de la Société Nationale des Chemins de fer Belges (SNCB), la compañía ferroviaria nacional belga. Para conmemorar esta efeméride, la Monnaie Royale de Belgique ha emitido una nueva moneda conmemorativa de 2 euros que rinde homenaje a una institución que desde 1926 ha desempeñado un papel esencial en la movilidad del país.
La SNCB celebra este aniversario a lo largo de todo el año con numerosas actividades culturales y divulgativas. Entre ellas se incluyen eventos musicales, iniciativas relacionadas con el patrimonio ferroviario y jornadas de puertas abiertas en algunos de sus talleres, permitiendo al público descubrir diferentes aspectos de la historia y la evolución del ferrocarril belga.";;;
Bélgica;2026;50 años del Instituto Geográfico Nacional y 200 años del Real Observatorio de Bélgica;;"En la cara nacional, la silueta de un niño aparece de pie sobre un mapa geográfico, en alusión al Instituto Geográfico Nacional. Con el dedo señala hacia el cielo y relaciona así la escena con la investigación del Real Observatorio. A su lado figura un telescopio, mientras que una trama de líneas evoca la observación del firmamento. Es una manera sencilla de unir en una sola imagen el conocimiento del territorio y el del universo.
Alrededor del núcleo dorado aparecen las leyendas en inglés «ROYAL OBSERVATORY OF BELGIUM» y «NATIONAL GEOGRAPHIC INSTITUTE». La moneda lleva las mismas inscripciones tanto en la coincard francesa como en la neerlandesa. En el centro también figuran «BE 2026» y dos marcas de acuñación: la del responsable de la moneda belga, representada por un matraz Erlenmeyer acompañado de un áster, y el bastón de Mercurio de la Real Casa de la Moneda de los Países Bajos. En el anillo exterior aparecen las doce estrellas europeas.";25 de septiembre de 2026;125.000;"El Instituto Geográfico Nacional adoptó su forma actual el 8 de junio de 1976. Sus trabajos van mucho más allá de editar mapas: mantiene datos geográficos de referencia y sistemas de coordenadas que permiten situar con precisión un punto sobre el territorio belga.
El Real Observatorio de Bélgica tiene su origen exactamente 150 años antes, el 8 de junio de 1826. Surgió a iniciativa del científico Adolphe Quetelet, cuya propuesta aprobó el rey Guillermo I de los Países Bajos. Hoy estudia, entre otras materias, astronomía, actividad solar, terremotos y medición del tiempo.
La elección conjunta tiene incluso un vínculo histórico concreto. Según relata el propio Instituto Geográfico, Quetelet, que dirigía el Observatorio, formó parte en 1846 de una comisión encargada de preparar la base científica de la cartografía oficial belga. ";;;
Bélgica;2002;Cara Nacional 2€;;"La primera serie reproduce, en el centro de la moneda, la efigie del rey Alberto II y, en el anillo exterior, el anagrama real, consistente en una «A» mayúscula rematada por una corona, las doce estrellas que simbolizan Europa y el año de emisión.
Grabado del canto (virola) de la moneda de 2€: «2**», repetido seis veces y orientado alternativamente de abajo arriba y de arriba abajo.";01 de enero de 2002;Indefinido;El diseño de las monedas en euros de Bélgica es obra de Jan Alfons Keustermans, director de la Academia Municipal de Bellas Artes de Turnhout. Hay tres series de monedas en circulación. Todas tienen curso legal.;;;
Bélgica;2008;Cara Nacional 2€;;"Las monedas de la segunda serie también reproducen la efigie del rey Alberto II, pero el anagrama real y el año de emisión figuran en el centro de la moneda, así como las marcas de la Fábrica de la Moneda y el código de país correspondiente a Bélgica («BE»).
Grabado del canto (virola) de la moneda de 2€: «2**», repetido seis veces y orientado alternativamente de abajo arriba y de arriba abajo.";01 de enero de 2008;Indefinido;El diseño de las monedas en euros de Bélgica es obra de Jan Alfons Keustermans, director de la Academia Municipal de Bellas Artes de Turnhout. Hay tres series de monedas en circulación. Todas tienen curso legal.;;;
Bélgica;2009;Cara Nacional 2€;;En esta serie se recupera el retrato de Alberto II empleado entre 1999 y 2007, pero se mantiene la disposición introducida en 2008, con el código «BE», el año, el monograma y las marcas de ceca en la parte interior.;01 de enero de 2009;Indefinido;"Los diseños con Alberto II parten de la obra de Jan Alfons Keustermans. 
Por qué se separan 2008 y 2009-2013: aunque el Banco Central Europeo integra ambas versiones dentro de su segunda serie, la diferencia no se limita a una marca o a la posición de las inscripciones. En 2008 se alteró visiblemente la efigie de Alberto II y en 2009 se recuperó el retrato anterior; por ese motivo ocupan dos lugares diferentes";;;
Bélgica;2014;Cara Nacional 2€;;"En 2014, Bélgica introdujo la tercera serie de monedas en euros, en las que se muestra la imagen del rey Felipe, su anagrama real «FP», y el código de país, «BE», correspondiente a Bélgica. Las marcas de la Fábrica de la Moneda figuran a ambos lados del año de emisión.
Grabado del canto (virola) de la moneda de 2€: «2**», repetido seis veces y orientado alternativamente de abajo arriba y de arriba abajo.";01 de enero de 2014;Indefinido; La cara nacional de Felipe fue diseñada por Luc Luycx.;;;
Bulgaria;2026;Alfabeto búlgaro;;;;;Diseño de la moneda: Svetlin Balezdrov y Stoyan Dechev. ;;;
Bulgaria;2027;Rosa búlgara;;;;;;;;
Bulgaria;2028;150 años de la Liberación de Bulgaria;;;;;;;;
Bulgaria;2026;Cara Nacional 2€;;"La moneda de 2€ muestra un retrato de San Paisius de Hilendar, figura clave del renacimiento nacional búlgaro y autor de Istoriya Slavyanobolgarskaya (Historia eslavo-búlgara). El diseño incluye el año de emisión, el nombre del país en búlgaro («????????») y la palabra «EURO» («????») en alfabeto cirílico.
La inscripción «???? ???? ????????» («DIOS PROTEJA A BULGARIA») figura dos veces en el canto (virola) de la moneda, orientada de abajo arriba y de arriba abajo.";01 de enero de 2026;Indefinido;Las primeras monedas euro con el reverso búlgaro ya han sido acuñadas en 2025 —en parte en la Casa de Moneda de Bulgaria y en parte en la Mint de Eslovaquia— llevarán el código país “BG” y son las primeras en incorporar el alfabeto cirílico en sus inscripciones (por ejemplo, la palabra “euro” figura también en búlgaro: “????”). Se espera incluso que aparezcan pronto ediciones conmemorativas especiales, dada la importancia histórica de este cambio monetario.;;;
Chipre;2009;Décimo aniversario de la Unión Económica y Monetaria (Diseño común Eurozona);;En la moneda puede verse una figura de diseño primitivo que se funde con el símbolo del €. La idea que se desea transmitir es que la moneda única y, por extensión, la Unión Económica y Monetaria (UEM) constituyen el último eslabón de la larga historia de la integración económica y comercial europea. Esta moneda la emiten todos los países de la zona del euro, figurando en cada caso el nombre del país emisor y la leyenda «UEM 1999-2009» en la lengua o lenguas respectivas. El diseño, elegido entre los cinco preseleccionados por ciudadanos de la Unión Europea mediante votación por Internet, es creación de George Stamatopoulos, escultor del departamento de acuñación del Banco de Grecia. En la corona circular se representan las doce estrellas de la Unión Europea.;Enero de 2009;1.000.000;Chipre (?????? KIBRIS);;;
Chipre;2012;Diez años de billetes y monedas en euros (Diseño común: Eurozona);;La parte central de la moneda, diseñada por Helmut Andexlinger, de la Fábrica de Moneda de Austria, y escogida por los ciudadanos y residentes de la zona del euro como moneda conmemorativa común de 2012, muestra el mundo en forma de símbolo del euro en el centro, aludiendo a cómo el euro se ha convertido en un verdadero actor mundial a lo largo de la última década. Los elementos que rodean al euro simbolizan su importancia para la gente corriente (representada por una familia de cuatro miembros), para el mundo de las finanzas (la Eurotower), para el comercio (un buque), para la industria (una fábrica) y la energía, para la investigación y el desarrollo (dos turbinas eólicas). Las iniciales del diseñador «A.H.» se aprecian (si se observa con mucha atención) entre el buque y la Eurotower. En los bordes superior e inferior de la parte central de la moneda figuran, respectivamente, el país emisor y los años «2002 – 2012». La moneda la emitirán todos los países de la zona del euro. En la corona circular figuran las doce estrellas de la Unión Europea.;enero de 2012;1.000.000;Chipre (?????? KIBRIS);;;
Chipre;2015;Trigésimo aniversario de la bandera de la UE (Diseño común Eurozona);;El motivo representa la bandera de la UE como símbolo que une pueblos y culturas con visiones e ideales comunes de un futuro mejor. Doce estrellas que se transforman en figuras humanas representan el nacimiento de una nueva Europa. En la parte superior derecha, en semicírculo, figura la mención del país emisor «?????? KIBRIS» y los años «1985-2015». En la parte inferior derecha aparecen las iniciales del artista (Georgios Stamatopoulos). En la corona circular de la moneda figuran las doce estrellas de la Unión Europea.;30 de noviembre de 2015;350.000;Chipre (?????? KIBRIS);;;
Chipre;2017;Pafos, Capital Europea de la Cultura 2017;;El diseño muestra el «Antiguo odeón de Pafos», un pequeño anfiteatro que data del siglo II d.C. Hoy en día se utiliza en verano para realizar actuaciones musicales y teatrales y acogerá numerosos eventos dentro del programa «Pafos 2017 – Capital Europea de la Cultura». En el interior de la parte nacional de la moneda se encuentran grabados el nombre del estado emisor «?????? KIBRIS» y la frase «????? 2017 – ??????????? ?????????? ???????» (Pafos 2017 – Capital Europea de la Cultura). En la corona circular de la moneda figuran las doce estrellas de la Unión Europea.;03 de noviembre de 2017;430.000;;;;
Chipre;2020;30º aniversario de la creación del Instituto de neurología y genética de Chipre;;El motivo representa una neurona con sus sinapsis a modo de alusión a labor del Instituto de neurología y genética de Chipre, que celebra su 30.o aniversario. Dicho Instituto goza de reconocimiento internacional y desempeña un papel activo y esencial en cuanto que centro de excelencia regional, nacional e internacional que ofrece servicios de calidad, investigación innovadora y enseñanza postuniversitaria. En torno al borde del círculo interior y rodeando al motivo se encuentran el nombre del Estado emisor «KY???? - KIBRIS» y la frase «?????TOY?? ??????????? & ??????KH? KY???Y 1990-2020» (Instituto de neurología y genética de Chipre 1990-2020). En la corona circular de la moneda figuran las doce estrellas de la bandera europea.;14 de diciembre de 2020;412.000;;;;
Chipre;2022;35 años del programa Erasmus (Diseño común Eurozona);;El diseño es una combinación de dos elementos fundamentales del programa Erasmus: la inspiración intelectual original, el propio Erasmus, y la alegoría de su influencia en Europa. El primero se simboliza por una de las representaciones más conocidas de Erasmus. El segundo se simboliza por un haz de enlaces que cruzan la moneda de una baliza a otra, en representación de los numerosos intercambios intelectuales y humanos entre los estudiantes europeos. Como referencia a Europa, algunos de estos enlaces forman otras estrellas, derivadas de la sinergia entre los países. El número 35, por el 35.º aniversario, surge de las estrellas en un estilo gráfico moderno. En la corona circular de la moneda figuran las doce estrellas de la bandera europea.;1 de Julio de 2022;412.000;;;;
Chipre;2023;El sexagésimo aniversario de la fundación del Banco Central de Chipre;;El diseño muestra herramientas en un microchip como símbolo de la estabilidad de la economía en la moderna era industrial y digital, garantizada por el Banco Central de Chipre, que conmemora sus sesenta años de existencia. En la parte inferior figuran el nombre del país emisor «?Y???? KIBRIS», así como las fechas «1963-2023». En la parte interior de la cara nacional de la moneda figura la inscripción «60 ??O??? ??O ??? I????? ??? ??????KH? ??A????? ??? ?Y????» (es decir, sesenta años desde la fundación del Banco Central de Chipre). En la corona circular de la moneda figuran las doce estrellas de la bandera europea.;02 de octubre de 2023;412.000;"El Banco Central de Chipre (CBC) se estableció en 1963, poco después de que Chipre obtuviera su independencia, de conformidad con la Ley del Banco Central de Chipre de 1963 y los artículos pertinentes de la Constitución.
El principal objetivo del CBC es garantizar la estabilidad de precios. Sin perjuicio de su objetivo principal, sujeto al cumplimiento de sus obligaciones en virtud de las disposiciones del Tratado constitutivo de la Comunidad Europea, en su forma modificada actualmente, el CBC apoya la política económica general del gobierno.
El CBC ejerce todas las facultades necesarias para lograr sus objetivos, incluidas las facultades derivadas de la participación del CBC en el Sistema Europeo de Bancos Centrales (SEBC).";;;
Chipre;2024;20º Aniversario de la Adhesión de Chipre a la Unión Europea;;;27 de Noviembre de 2024;7.000;El 27 de noviembre de 2024, Chipre emitió una moneda de 2 euros conmemorativa para celebrar el 20º Aniversario de su Adhesión a la Unión Europea. Con solo 7.000 unidades, esta moneda se ha convertido en la de tirada más baja de la historia de las monedas de 2 euros conmemorativas, superando las 10.000 piezas de la moneda emitida por Mónaco en 2015 para conmemorar los 800 años de la Fortaleza de Mónaco.;;;
Chipre;2026;Presidencia de Chipre del Consejo de la Unión Europea 2026;;;;;"La Presidencia del Consejo de la Unión Europea es una función esencial dentro del funcionamiento institucional de la Unión. No se trata de un cargo simbólico, sino de una labor de organización, coordinación y mediación entre los Estados miembros.
Durante el semestre de presidencia, Chipre preside las reuniones del Consejo, coordina los trabajos legislativos, impulsa expedientes prioritarios y facilita el consenso entre los países miembros. Es la segunda vez que Chipre asume esta responsabilidad, lo que refuerza su papel dentro del entramado institucional europeo.";;;
Chipre;2008;Cara Nacional 2€;;En las monedas de 1€ y 2€ figura un ídolo cruciforme del período calcolítico (3000 a. de C.). Esta muestra característica del arte prehistórico de la isla es un testimonio de las antiguas raíces y de la posición central de Chipre en el desarrollo de la civilización.;01 de enero de 2008;Indefinido;;;;
Ciudad del Vaticano;2004;Septuagesimoquinto aniversario de la fundación del Estado de la Ciudad del Vaticano;;La parte interior muestra una representación esquemática de las murallas de la Ciudad del Vaticano con la Basílica de San Pedro al fondo. Las inscripciones «75º ANNO DELLO STATO» y «1929-2004» aparecen rodeando la mitad superior de la parte interior. En la parte inferior izquierda, en letras pequeñas, se encuentra el nombre del diseñador, «VEROI», y las iniciales del grabador «L.D.S. INC». Las doce estrellas de la Unión Europea y la inscripción «CITTÀ DEL VATICANO» están dispuestas en el anillo exterior de la moneda.;Diciembre de 2004;100.000;;;;
Ciudad del Vaticano;2005;Vigésimo Día Mundial de la Juventud, celebrado en Colonia en agosto de 2005;;En el centro de la moneda figura una representación de la Catedral de Colonia con un cometa sobre la parte superior del diseño. Las palabras «XX GIORNATA MONDIALE DELLA GIOVENTÙ» forman un semicírculo a lo largo del borde superior de la parte interior, interrumpido por la cola del cometa y dos de las agujas de la catedral. Una de las agujas se extiende hasta el anillo exterior de la moneda. En la parte superior del anillo exterior aparecen doce estrellas dispuestas en semicírculo. Entre las estrellas figuran el año de acuñación («2005») y la marca de la Fábrica de la Moneda («R»). Debajo de la imagen central de la catedral, en la parte inferior del anillo exterior, figura en semicírculo la inscripción «CITTÀ DEL VATICANO».;Diciembre de 2005;100.000;;;;
Ciudad del Vaticano;2006;V centenario de la Guardia Suiza Pontificia;;En el centro de la moneda aparece un guardia suizo prestando juramento de fidelidad al Papa. La inscripción «GUARDIA SVIZZERA PONTIFICIA» forma una semicircunferencia y debajo de la bandera aparece el nombre del Estado emisor, «CITTÀ DEL VATICANO». El año «1506» figura a la izquierda, encima de la firma del grabador («O. ROSSI») situada a lo largo del asta de la bandera. El año «2006» aparece en la parte derecha, encima de la marca de la Fábrica de la Moneda («R»). En la corona circular se muestran las doce estrellas de la Unión Europea.;Noviembre de 2006;100.000;;;;
Ciudad del Vaticano;2007;Octogésimo cumpleaños de Su Santidad el papa Benedicto XVI;;En el centro de la moneda figura la efigie de Su Santidad Benedicto XVI mirando hacia la izquierda. La leyenda «BENEDICTI XVI P.M. AETATIS ANNO LXXX CITTÀ DEL VATICANO» aparece grabada a lo largo del borde del círculo interior de la moneda. La marca de la Fábrica de la Moneda «R», el año de emisión «2007» y las iniciales del grabador «M.C.C. INC» aparecen a la izquierda de la efigie y el nombre del artista «LONGO» está inscrito a la derecha. En la corona circular se representan las doce estrellas de la Unión Europea.;Octubre de 2007;100.000;;;;
Ciudad del Vaticano;2008;Año dedicado al apóstol San Pablo con motivo del bimilenario de su nacimiento;;En la moneda aparece representada la conversión de Pablo camino de Damasco, ciudad que puede verse al fondo. Deslumbrado por una luz procedente del cielo, el santo cae de su encabritado caballo. A la izquierda de la imagen, se halla inscrito el nombre del país de emisión, «CITTÀ DEL VATICANO», y a la derecha, la leyenda «ANNO SANCTO PAULO DICATO», así como el año, «2008», la marca de la Fábrica de la Moneda, «R», y el nombre del artista, «VEROI». Debajo de la imagen, figuran las iniciales de la grabadora Luciana De Simoni, «L.D.S. INC.». En la corona circular se representan las doce estrellas de la Unión Europea.;Octubre de 2008;100.000;;;;
Ciudad del Vaticano;2009;Año Internacional de la Astronomía;;Esta moneda se emitió con ocasión del Año Internacional de la Astronomía. En el centro de la moneda figura una alegoría del nacimiento de las estrellas y de los planetas, junto con varios instrumentos astronómicos. El diseño se inspira en los frescos de la Capilla Sixtina de Miguel Ángel. En la corona circular se representan las doce estrellas de la Unión Europea.;18 de noviembre de 2009;106.000;;;;
Ciudad del Vaticano;2010;Año Sacerdotal;;La moneda conmemora el Año Sacerdotal proclamado por Su Santidad el papa Benedicto XVI, celebrado entre el 19 de junio de 2009 y el 19 de junio de 2010, que se clausuró con un encuentro internacional de sacerdotes presidido por Su Santidad. La moneda reproduce un pastor que intenta arrancar un cordero de las fauces de un león. En la corona circular figuran las doce estrellas de la Unión Europea.;12 de octubre de 2010;115.000;;;;
Ciudad del Vaticano;2011;Vigesimosexta Jornada Mundial de la Juventud: Madrid;;La parte central de la moneda muestra varios jóvenes con banderas, la marca de ceca «R» y el año «2011», rodeado todo ello, en el borde superior, por los números romanos «XXVI» y las iniciales «G.M.G.» de la Giornata Mondiale della Gioventù (Jornada Mundial de la Juventud) y, en el borde inferior, por el nombre del país de emisión «CITTÀ DEL VATICANO». En la corona circular figuran las doce estrellas de la Unión Europea.;18 de octubre de 2011;115.000;;;;
Ciudad del Vaticano;2012;Séptimo Encuentro Mundial de las Familias;;La parte central de la moneda muestra una familia con la catedral de Milán, ciudad que acoge el Séptimo Encuentro Mundial de las Familias, al fondo. El encuentro se celebra cada tres años para destacar a la familia como patrimonio humano común y reflejar su carácter universal y su contribución al lado humano de la vida en todo el mundo. Rodean la imagen de la familia los nombres en italiano del evento y de la Ciudad del Vaticano, así como el año «2012». Entre el niño y su madre figura la marca de ceca «R». En la corona circular figuran las doce estrellas de la Unión Europea.;16 de octubre de 2012;115.000;;;;
Ciudad del Vaticano;2013;Sede Vacante 2013;;La imagen muestra el escudo del cardenal camarlengo debajo del símbolo de la Cámara Apostólica, dos pequeñas cruces, las palabras «CITTÀ DEL VATICANO» a la izquierda y «SEDE VACANTE MMXIII» a la derecha. En la corona circular de la moneda figuran las doce estrellas de la Unión Europea.;03 de junio de 2013;125.000;;;;
Ciudad del Vaticano;2013;Vigésimo octava Jornada Mundial de la Juventud: Río de Janeiro;;"El motivo representa el monumento más conocido de Río de Janeiro, el del «Cristo Redentor», así como algunos jóvenes alrededor de la estatua. En la parte superior, en forma de semicírculo, aparece la inscripción «XXVIII G.M.G. CITTÀ DEL VATICANO RIO 2013»; a la derecha, la marca de ceca «R» y el nombre del artista «P DANIELE». En la corona circular de la moneda figuran las doce estrellas de la Unión Europea.";15 de octubre de 2013;115.000;;;;
Ciudad del Vaticano;2014;25  aniversario de la caída del muro de Berlín;;En primer plano se observan unos ladrillos del muro de Berlín, derrumbado en parte, con la inscripción «XXV ANNIVERSARIO DEL CROLLO DEL MURO DI BERLINO 1989 2014». En el centro, en un hueco entre los ladrillos y un trozo de alambre de espino, aparece un ramo de olivo y, al fondo, la Puerta de Brandeburgo. En la parte superior aparece la leyenda «Città del Vaticano». En la corona circular figuran las doce estrellas de la Unión Europea.;14 de octubre de 2014;103.000;;;;
Ciudad del Vaticano;2015;VIII Encuentro Mundial de las Familias;;El motivo muestra una representación simbólica de dos familias que abrazan la Tierra. En la parte superior aparece el año de emisión «2015». En el lado izquierdo figura el nombre del artista «C. Principe». La marca de ceca «R» figura a la derecha sobre el brazo de uno de los miembros de la familia. Rodean el motivo la inscripción «VIII INCONTRO MONDIALE DELLE FAMIGLIE» (VIII Encuentro Mundial de las Familias), de izquierda a derecha en semicírculo, y «CITTA' DEL VATICANO» en la parte inferior. En la corona circular figuran las doce estrellas de la bandera europea.;06 de octubre de 2015;122.000;;;;
Ciudad del Vaticano;2016;Bicentenario de la Guardia Vaticana;;La cara nacional muestra a un guardia vaticano delante de la cúpula de la basílica de San Pedro. En la parte superior, en semicírculo, figura la leyenda «CORPO DELLA GENDARMERIA 1816-2016». En la parte inferior, en semicírculo, aparece el nombre del país emisor «CITTÀ DEL VATICANO». A la izquierda del motivo figura la marca de ceca «R» y, a la derecha, el nombre del diseñador «D. Longo». En la corona circular figuran las doce estrellas de la bandera europea.;02 de junio de 2016;105.000;;;;
Ciudad del Vaticano;2016;El jubileo de la Misericordia;;La cara nacional muestra a San Martín de Tours compartiendo su capa con un pobre. En torno al motivo figuran las inscripciones «GIUBILEO DELLA MISERICORDIA», a la izquierda, y «CITTÀ DEL VATICANO», a la derecha, ambas en semicírculo. A la derecha figura el año de emisión «2016» y, en la parte inferior, la marca de ceca «R» y el nombre del artista «M. CRISCIOTTI». En la corona circular figuran las doce estrellas de la bandera europea.;13 de octubre de 2016;105.000;;;;
Ciudad del Vaticano;2017;1950º aniversario del martirio de San Pedro y San Pablo;;El motivo muestra a San Pedro y San Pablo y sus símbolos, las llaves y la espada, respectivamente. En la parte superior figura la inscripción «CITTÀ DEL VATICANO», en semicircunferencia. En la parte inferior, en semicircunferencia, aparece la inscripción «1950º DEL MARTIRIO DEI SANTI PIETRO E PAOLO». En la parte inferior izquierda figura el año de emisión, «2017», y en la parte inferior derecha se encuentra la marca de ceca, «R». En medio aparece el nombre del artista «G. TITOTTO». En la corona circular de la moneda figuran las doce estrellas de la Unión Europea.;01 de junio de 2017;105.000;;;;
Ciudad del Vaticano;2017;Centenario de las apariciones de Fátima;;El diseño muestra los tres pastorcitos a los que se les apareció María y, en segundo plano, el Santuario de Fátima. En el lado superior aparece la inscripción «CITTÀ DEL VATICANO» en forma de semicírculo y, debajo, el año «1917». Debajo del año, de izquierda a derecha, se encuentra la inscripción «FATIMA 2017». En el lado izquierdo figura la marca de ceca «R» y, en el lado inferior, el nombre del diseñador «O.ROSSI». En la corona circular de la moneda figuran las doce estrellas de la Unión Europea.;05 de octubre de 2017;105.000;;;;
Ciudad del Vaticano;2018;Año Europeo del Patrimonio Cultural. Grupo escultórico del Laocoonte;;El motivo representa la estatua de Laocoonte y sus hijos, también llamada grupo escultórico del Laocoonte, una obra pionera en el mundo de la escultura y fundacional de los Museos Vaticanos. En la parte inferior, en el centro, figura la indicación del país emisor «Città del VATICANO». De izquierda a derecha, en semicírculo, se lee la inscripción «ANNO EUROPEO DEL PATRIMONIO CULTURALE». En la parte superior derecha figuran el año de emisión «2018» y la marca de ceca «R». En la parte inferior derecha aparece el nombre de la artista «D. LONGO». En la corona circular de la moneda figuran las doce estrellas de la Unión Europea.;01 de junio de 2018;101.000;;;;
Ciudad del Vaticano;2018;50 años de la muerte del Padre Pío;;El diseño muestra el perfil derecho del retrato del Padre Pío. En la parte superior, en semicírculo de izquierda a derecha, se encuentra la inscripción del Estado emisor «CITTÀ DEL VATICANO». En la parte inferior se encuentra la inscripción «Padre Pío» y a su derecha la marca de ceca «R». En la parte izquierda del diseño aparece el año «1968» y a su derecha el año de emisión «2018». En la parte inferior izquierda se lee el nombre del artista «P.DANIELE». En la corona circular de la moneda figuran las doce estrellas de la bandera europea.;04 de octubre de 2018;101.000;;;;
Ciudad del Vaticano;2019;90º aniversario de la fundación del Estado de la Ciudad del Vaticano;;El motivo muestra un retrato del papa Pío XI (soberano del Estado en 1929) y la fachada de Letrán en Roma. En la parte superior, en semicírculo de izquierda a derecha, se encuentra la inscripción del Estado emisor, «STATO DELLA CITTÀ DEL VATICANO». En la parte inferior, se muestran los años «1929» y «2019», y, debajo de estos, el nombre de la artista, «FUSCO». En la corona circular de la moneda figuran las doce estrellas de la bandera europea.;07 de mayo de 2019;91.000;;;;
Ciudad del Vaticano;2019;Capilla Sixtina: 25 aniversario del fin de la restauración (1994-2019);;El diseño representa el Juicio Final de la Capilla Sixtina. A la izquierda, en forma de semicírculo, puede leerse la inscripción del país emisor «CITTÀ DEL VATICANO». A la derecha, en semicírculo, aparecen las inscripciones «CAPPELLA SISTINA – FINE DEI RESTAURI» y «1994-2019». En la parte izquierda se aprecia la marca de ceca «R» y, en la parte inferior, el nombre de la artista, «D. LONGO». En la corona circular de la moneda figuran las doce estrellas de la bandera europea.;1 de Octubre de 2019;91.000;;;;
Ciudad del Vaticano;2020;Centenario del nacimiento del Papa Juan Pablo II;;El motivo muestra al Papa Juan Pablo II, la casa en la que nació y la basílica cercana a su casa en Wadowice (Polonia). En la parte superior izquierda puede leerse en semicírculo la inscripción «PAPA GIOVANNI PAOLO II». En la parte derecha figuran los años «1920 2020» y la marca de ceca «R». En la parte inferior puede leerse en semicírculo el nombre del Estado emisor «CITTA’ DEL VATICANO». Bajo la imagen de la basílica aparecen el nombre del artista «G. TITOTTO» y las iniciales de la grabadora «M.A.C. INC» (Maria Angela Cassol, grabadora). En la corona circular de la moneda figuran las doce estrellas de la bandera europea.;23 de junio de 2020;101.000;;;;
Ciudad del Vaticano;2020;V centenario de la muerte de Rafael Sanzio;;El diseño consiste en un retrato de Rafael junto con dos ángeles. A la derecha, formando un semicírculo, figura la inscripción «RAFFAELLO SANZIO». Sobre la imagen de los dos ángeles aparecen las fechas «1520» y «2020», y debajo el nombre del Estado emisor, «CITTA’ DEL VATICANO». En la parte inferior se encuentran la marca de ceca «R» y el nombre de la artista, «D. LONGO». En la corona circular de la moneda figuran las doce estrellas de la bandera europea.;16 de octubre de 2020;101.000;;;;
Ciudad del Vaticano;2021;450° aniversario del nacimiento de Caravaggio;;El motivo representa un niño con un cesto de frutas pintado por Caravaggio. En la parte superior, en semicírculo, figura el nombre del país emisor «CITTÀ DEL VATICANO». A la izquierda está la marca de ceca «R». En la parte inferior aparece la inscripción «CARAVAGGIO» y debajo los años «1571-2021». Las iniciales de la artista Chiara Principe, «CP», aparecen en la parte inferior derecha. En la corona circular de la moneda figuran las doce estrellas de la bandera europea.;25 de junio de 2021;86.000;;;;
Ciudad del Vaticano;2021;Séptimo centenario de la muerte de Dante Alighieri;;El motivo representa un retrato de Dante y el Palazzo Vecchio de Florencia. En la parte superior derecha, en semicírculo, figura el nombre del país emisor «CITTÀ DEL VATICANO». En la parte inferior aparece la inscripción «Dante» y debajo los años «1321-2021» y el nombre del artista «P. DANIELE». En la corona circular de la moneda figuran las doce estrellas de la bandera europea.;26 de octubre de 2021;86.000;;;;
Ciudad del Vaticano;2022;125º aniversario del nacimiento del papa Pablo VI;;El motivo representa un retrato del papa. En la parte superior izquierda, en semicírculo, figura la leyenda «CITTÀ DEL VATICANO» y, en la parte superior derecha, «PAPA PAOLO VI». A la izquierda del retrato figuran los años «1897» y «2022» y, debajo de ellos, la marca de ceca «R». En la parte inferior izquierda se lee el nombre del artista «D. LONGO». En la corona circular de la moneda figuran las doce estrellas de la bandera europea.;06 de septiembre de 2022;84.000;;;;
Ciudad del Vaticano;2022;Vigesimoquinto aniversario de la muerte de la Madre Teresa de Calcuta;;El motivo reproduce un retrato de la Madre Teresa con un niño. En la parte superior, en semicírculo, figura la leyenda «MADRE TERESA DI CALCUTTA» y, en la parte inferior, el nombre del país emisor «CITTÀ DEL VATICANO». A la derecha del retrato figura la marca de ceca «R» y debajo los años «1997» y «2022». En la corona circular de la moneda figuran las doce estrellas de la bandera europea.;06 de septiembre de 2022;84.000;;;;
Ciudad del Vaticano;2023;150º aniversario de la muerte de Alessandro Manzoni;;El diseño presenta el retrato de Manzoni, una pluma y el comienzo de su obra maestra, Los novios. En la parte superior, de izquierda a derecha, en semicírculo, figura la inscripción «CITTÀ DEL VATICANO». En la parte inferior, figura la inscripción «Alessandro Manzoni» y, debajo, las fechas «1873?2023». A la izquierda, está la marca de ceca «R». En la corona circular de la moneda figuran las doce estrellas de la bandera europea.;27 de octubre de 2023;82.500;"La moneda de 2 euros, diseñada por la artista Gabriella Titotto, muestra el rostro del escritor en el centro con su firma debajo; a la derecha, detrás del tintero y la pluma, figura el incipit (conjunto de palabras que aparecen al inicio de un escrito) de la célebre novela histórica “I Promessi Sposi” (Los novios). A la izquierda, la rama de laurel, testimonia la fama inmortal del gran escritor. En la parte superior, de izquierda a derecha, en semicírculo, figura la inscripción «CITTÀ DEL VATICANO». En la parte inferior, figura la inscripción «Alessandro Manzoni» y, debajo, las fechas «1873?2023». A la izquierda, está la marca de ceca «R».";;;
Ciudad del Vaticano;2023;V Centenario de la muerte de Pietro Perugino;;El diseño presenta el retrato de Perugino y un detalle de El bautismo de Cristo, fresco de la Capilla Sixtina en el Vaticano. En la parte superior, a la derecha, en semicírculo, figura la inscripción «CITTÀ DEL VATICANO». En la parte inferior, figura la inscripción «PERUGINO» y, debajo, las fechas «1523?2023». A la izquierda, está la marca de ceca «R». En la corona circular de la moneda figuran las doce estrellas de la bandera europea.;20 de junio de 2023;82.500;"Pietro di Cristoforo Vanucci, conocido como El Perugino (1448 – 1523), fue un pintor cuatrocentista italiano, en transición hacia el Alto Renacimiento. El apodo de Il Perugino («el Perusino») proviene de su natal Perugia (. Sus dos influencias fundamentales fueron Piero della Francesca y el Verrocchio, aunque filtrados por los modos suaves de la pintura umbra, de cuya escuela fue líder. Fue titular de dos activísimos talleres contemporáneos, uno en Florencia y otro en Perugia. Su fama se vio eclipsada, en parte, por la de su alumno más prestigioso, Rafael.
El diseño de la moneda presenta el retrato de Perugino y un detalle de El bautismo de Cristo, fresco de la Capilla Sixtina en el Vaticano. En la parte superior, a la derecha, en semicírculo, figura la inscripción «CITTÀ DEL VATICANO». En la parte inferior, figura la inscripción «PERUGINO» y, debajo, las fechas «1523?2023». A la izquierda, está la marca de ceca «R» de la Casa de la Moneda de Roma.";;;
Ciudad del Vaticano;2024;750° Aniversario de la muerte de Tomás de Aquino;;En el diseño figura, en primer plano, Santo Tomás de Aquino con las vestiduras de los dominicos, orden de la que era miembro. En la mano izquierda sostiene un volumen de su obra más importante, la Summa Theologiae, y en la derecha, una pluma. Destaca un sol resplandeciente en el pecho del santo, símbolo de su enorme sabiduría. Entre los diversos títulos que recibió, el más conocido es el de «Doctor Angelicus», que figura debajo de la imagen, por la pureza excepcional de su alma y de su cuerpo. Al fondo, a la izquierda, figuran un lirio, símbolo de castidad, y la iglesia de Santo Tomás de Roccasecca, primer edificio religioso del mundo construido en honor de Santo Tomás de Aquino, proclamado santo el 18 de julio de 1323 por el Papa Juan XXII. En la parte superior aparece la inscripción «CITTÀ DEL VATICANO». A la izquierda figuran el año «1274» y a la derecha, el año «2024» y, bajo ellos, la marca de ceca «R» y el nombre de la artista «A. CICCONI». En la corona circular de la moneda figuran las doce estrellas de la bandera europea.;Octubre de 2024;82.900;"Esta moneda conmemorativa de 2 euros del Vaticano de 2024 está dedicada al filósofo y teólogo medieval Tomás de Aquino, con motivo del 750 aniversario de su muerte.
Santo Tomás de Aquino, nacido el 28 de enero de 1225 en Roccasecca, Italia, y fallecido el 7 de marzo de 1274 en Fossanova, fue un filósofo y teólogo medieval cuya obra ha dejado una profunda huella en la historia del pensamiento cristiano y la filosofía. Proveniente de una familia noble, ingresó a la Orden de Predicadores a pesar de la oposición de su familia, que aspiraba a verlo ocupando un cargo eclesiástico más prominente. Su vida académica estuvo marcada por una síntesis magistral entre la filosofía aristotélica y la teología cristiana, buscando reconciliar la fe con la razón.
Entre sus obras más destacadas se encuentra la Summa Theologiae, una monumental obra en la que aborda temas teológicos, éticos y filosóficos. En esta obra, Santo Tomás articula su visión de la relación entre la fe y la razón, defendiendo la idea de que la razón puede conducir al conocimiento de Dios. Asimismo, su comentario sobre las obras de Aristóteles, como la Ética a Nicómaco"" y la Metafísica, ha sido crucial para la comprensión de la filosofía medieval y la incorporación de la filosofía clásica en el pensamiento cristiano.
Santo Tomás de Aquino fue canonizado en 1323 y declarado Doctor de la Iglesia en 1567. Su legado filosófico y teológico ha perdurado a lo largo de los siglos, influyendo en pensadores de diversas corrientes y contribuyendo al desarrollo de la escolástica y la teología cristiana. Su enfoque integrador entre la fe y la razón continúa siendo objeto de estudio y reflexión en la actualidad.";;;
Ciudad del Vaticano;2024;150º Aniversario del nacimiento de Guglielmo Marconi;;El diseño presenta el retrato de Marconi en el centro, los retratos del Papa Pío XI a la derecha y del futuro Pío XII a la izquierda. En la parte superior izquierda, en semicírculo, figura la leyenda «GUGLIELMO MARCONI», y debajo, las fechas «1874» y «2024». En la parte inferior se halla la leyenda «CITTÀ DEL VATICANO», seguida del nombre de la artista, «L. PANCOTTO» (Loredana Pancotto). A la izquierda puede verse la marca de ceca «R». En la corona circular de la moneda figuran las doce estrellas de la bandera europea.;Mayo de 2024;82.900;"Nacido en Bolonia en 1874, Marconi fue un pionero de las telecomunicaciones que impulsó decisivamente el desarrollo de la radiotransmisión a larga distancia y la telegrafía sin hilos. Su trabajo le valió el Premio Nobel de Física en 1909. Su vinculación con el Vaticano se remonta a principios del siglo XX, cuando el Papa Pío XI le encomendó la construcción de Radio Vaticana, emisora que inició sus transmisiones el 12 de febrero de 1931. Este proyecto consolidó la figura de Marconi como una figura clave no solo para la ciencia, sino también para la historia moderna del Vaticano.
La artista Loredana Pancotto se inspiró para esta emisión en una fotografía histórica tomada el 12 de febrero de 1931, día de la inauguración oficial de Radio Vaticano. En dicha imagen aparecen Guglielmo Marconi, el Papa Pío XI y el entonces Secretario de Estado Eugenio Pacelli, futuro Papa Pío XII.
El diseño conmemora no solo la figura de Marconi, sino ese instante histórico en el que la tecnología y la fe se unieron para lanzar un mensaje al mundo:
«Tengo el gran honor de anunciar que dentro de unos momentos el Sumo Pontífice Pío XI inaugurará la emisora de radio del Estado de la Ciudad del Vaticano. Las ondas eléctricas difundirán su mensaje de paz y bendición por todo el mundo, a través del espacio…»";;;
Ciudad del Vaticano;2025;Sede Vacante 2025;;El diseño representa el escudo de armas del cardenal camarlengo, situado debajo del símbolo de la Cámara Apostólica, representada por dos llaves cruzadas coronadas por un conopeo. Las inscripciones «CITTA’ DEL VATICANO», «SEDE VACANTE» y «MMXXV», que indica el año de emisión, están grabadas a lo largo del borde de la moneda. Entre las inscripciones «CITTA’ DEL VATICANO» y «SEDE VACANTE», se observa una representación abstracta de una paloma, simbolo del Espiritu Santo. La letra «R», que identifica la Casa de la Moneda de Roma, se sitúa bajo el escudo del camarlengo, flanqueado por el nombre del grabador de la moneda a la izquierda, y el nombre de la diseñadora de la moneda a la derecha («O. ROSSI», Orietta Rossi). En la corona circular de la moneda figuran las doce estrellas de la bandera europea.;Junio de 2025;76.000;"La Sede Vacante es el periodo que transcurre entre el final de un pontificado y la elección de un nuevo Papa. Durante este tiempo, el cardenal camarlengo asume la responsabilidad de administrar los asuntos ordinarios de la Santa Sede y de preparar el cónclave en el que se elige al sucesor de San Pedro. La más reciente Sede Vacante culminó con la elección del Papa León XIV, quien fue proclamado Pontífice tras la celebración del cónclave en la Capilla Sixtina.
Las monedas vaticanas de “Sede Vacante” solo se emiten cuando el trono papal está vacante, es decir, tras el fallecimiento o renuncia de un Papa y hasta la elección del sucesor. 2025 fue uno de esos años históricos, y por ello, el Vaticano ha previsto esta emisión conmemorativa.";;;
Ciudad del Vaticano;2025;Jubileo 2025;;"El diseño representa la apertura de la Puerta Santa de la Basílica de San Pedro. A la derecha, en vertical, la inscripción en latín «IVBILAEUM» y el año, «2025». En la parte inferior, en un arco, la inscripción «CITTA’ DEL VATICANO», que indica el Estado de emisión. La letra «R», que identifica la Casa de la Moneda de Roma, aparece en la puerta; en la parte inferior izquierda de la imagen, la inscripción «D. LONGO» indica el nombre de la diseñadora de la moneda (Daniela Longo). En la corona circular de la moneda figuran las doce estrellas de la bandera europea.";Junio de 2025;91.000;El Año Santo 2025 es un acontecimiento extraordinario en la vida de la Iglesia Católica. Se celebra cada 25 años y está marcado por la apertura de la Puerta Santa en la Basílica de San Pedro, que simboliza un tiempo de perdón, reconciliación y renovación espiritual.;;;
Ciudad del Vaticano;2025;550 Aniversario del nacimiento de Miguel Ángel.;;El diseño presenta la cúpula de la Basílica de San Pedro, diseñada por Miguel Ángel, que trabajó en ella hasta su muerte en 1564. Debajo, una parte de la bóveda de la Capilla Sixtina, que Miguel Ángel dividió y pintó al fresco. A la izquierda, en vertical, aparece la firma autógrafa de Miguel Ángel, «michelagniolo», la letra «R» que identifica la Casa de la Moneda de Roma, y el nombre de la diseñadora de la moneda, «D. LONGO» (Daniela Longo). La inscripción «CITTA’ DEL VATICANO», que indica el Estado de emisión, se sitúa en un arco sobre la bóveda. Justo debajo, se inscriben los años «1475», año de nacimiento de Miguel Ángel, y «2025», año de emisión. En la corona circular de la moneda figuran las doce estrellas de la bandera europea.;Junio de 2025;80.000;En 2025 se cumplen 550 años del nacimiento de uno de los mayores genios del Renacimiento: Michelangelo Buonarroti. El Vaticano, profundamente vinculado a su legado, ha querido rendirle homenaje con una moneda cargada de simbolismo artístico.;;;
Ciudad del Vaticano;2026;Magisterio del Papa León XIV;;El diseño presenta una escena cargada de simbolismo. Un niño aparece ante un guerrero vestido con armadura, mientras la espada ocupa el centro de la composición. A la izquierda, siguiendo la curvatura del núcleo, puede leerse «CITTÀ DEL VATICANO», mientras que en la zona inferior figura el año 2026. También puede apreciarse la «R» correspondiente a la ceca de Roma.;?;?;"El Governatorato no deja dudas sobre el mensaje que quiere transmitir esta moneda. En el mismo artículo en el que publica su imagen explica que varias emisiones de 2026 estarán dedicadas al Magisterio del Santo Padre y menciona expresamente:
«El llamamiento a una paz desarmada y desarmante, recordado en una de las monedas conmemorativas de dos euros de próxima emisión».
Una frase pronunciada por León XIV nada más ser elegido Papa
La expresión «una paz desarmada y una paz desarmante» está estrechamente ligada al inicio del pontificado de León XIV.
El 8 de mayo de 2025, pocos minutos después de su elección, Robert Francis Prevost apareció por primera vez como Papa en la logia central de la Basílica de San Pedro. Su primer mensaje al mundo comenzó hablando precisamente de la paz:
«Esta es la paz de Cristo resucitado, una paz desarmada y una paz desarmante, humilde y perseverante».
El concepto no quedó limitado a aquel primer discurso. León XIV lo convirtió posteriormente en uno de los ejes de su Magisterio y lo eligió como tema para su mensaje de la 59.ª Jornada Mundial de la Paz, celebrada el 1 de enero de 2026, bajo el título «La paz esté con todos ustedes: hacia una paz desarmada y desarmante».
En ese documento el Pontífice habla del «desarme del corazón, de la mente y de la vida» y recuerda la imagen bíblica de los pueblos que transforman sus espadas en instrumentos de trabajo.
Pero hay un pasaje todavía más relacionado con lo que vemos en la moneda. León XIV afirma que «la bondad es desarmante» y dirige inmediatamente su mirada hacia la infancia, señalando que nada tiene tanta capacidad para cambiar al ser humano como un hijo.
La escena del niño frente al hombre armado parece trasladar visualmente esa oposición: frente a la fuerza, la armadura y la espada, aparece la fragilidad capaz de desarmar.";;;
Ciudad del Vaticano;2026;400º Aniversario de la Basílica de San Pedro en el Vaticano.;;"En el centro de la moneda aparece el Pontífice durante una ceremonia religiosa acompañado por diferentes miembros del clero.
La escena queda rodeada por la inscripción latina: ""S. PETRI BASILICA CONSECRATA"", que puede traducirse como «Basílica de San Pedro consagrada».
En el exergo aparecen las fechas 1626 – 2026, mientras que sobre la escena puede verse la marca «R» de la ceca de Roma. Las doce estrellas de la bandera europea ocupan, como es preceptivo, el anillo exterior.";?;?;"La composición utilizada en el nuevo 2 euros coincide con un conocido tipo de la medallística del pontificado del Papa Urbano VIII (1623-1644), en cuyos reversos aparece el Pontífice acompañado por su corte durante la ceremonia y la misma leyenda «S. PETRI BASILICA CONSECRATA».
Este tipo está relacionado con el medallista Gaspare Mola, uno de los grandes nombres de la medallística papal del siglo XVII.
La construcción de la actual Basílica de San Pedro había comenzado en 1506, durante el pontificado de Julio II, sobre el lugar ocupado por la antigua basílica constantiniana.
Durante más de un siglo participaron en el gigantesco proyecto algunas de las figuras más importantes de la arquitectura italiana, entre ellas Donato Bramante, Miguel Ángel Buonarroti, Carlo Maderno y Gian Lorenzo Bernini.
Finalmente, el 18 de noviembre de 1626, el Papa Urbano VIII consagró solemnemente la nueva Basílica de San Pedro.
Cuatro siglos después, el Vaticano está celebrando durante todo 2026 aquella efeméride mediante actos religiosos y culturales promovidos por la Fabbrica di San Pietro.";;;
Ciudad del Vaticano;2005;Cara Nacional 2€;;"La primera serie, que muestra la imagen del papa Juan Pablo II, se emitió entre 2002 y 2005.
En las monedas aparecen las doce estrellas de la bandera europea, la inscripción «CITTÀ DEL VATICANO», el año de emisión y la marca de la Fábrica de la Moneda («R»). 
Grabado del canto (virola) de la moneda de 2€: «2*», repetido seis veces y orientado alternativamente de abajo arriba y de arriba abajo.";01 de enero de 2002;Indefinido;;;;
Ciudad del Vaticano;2005;Cara Nacional 2€;;"La segunda serie, emitida entre junio de 2005 y marzo de 2006, muestra el escudo de armas del Cardenal Camarlengo, jefe de Estado interino del Estado de la Ciudad del Vaticano, superpuesto sobre el emblema de la Cámara Apostólica en el centro de la moneda. La leyenda «SEDE VACANTE» y el año de emisión, expresado en números romanos («MMV»), forman una semicircunferencia sobre la parte superior del diseño. La inicial y el apellido del diseñador («D. LONGO») aparecen en el borde inferior izquierdo de la parte central, mientras que las iniciales del grabador respectivo figuran en el borde inferior derecho de la parte central: «MAC inc» (en las monedas de 1 y 20 céntimos), «LDS inc» (en las de 2 y 50 céntimos), «ELF inc» (en las de 5 céntimos y 1 euro) y «MCC inc» (en las de 10 céntimos y 2 euros).
En las monedas aparecen las doce estrellas de la bandera europea, la inscripción «CITTÀ DEL VATICANO», el año de emisión y la marca de la Fábrica de la Moneda («R»).
Grabado del canto (virola) de la moneda de 2€: «2*», repetido seis veces y orientado alternativamente de abajo arriba y de arriba abajo.";01 de junio de 2005;Indefinido;;;;
Ciudad del Vaticano;2006;Cara Nacional 2€;;"La tercera serie, emitida entre abril de 2006 y diciembre de 2013, muestra la efigie del papa Benedicto XVI. A la izquierda figuran las iniciales del diseñador («DL»).
En las monedas aparecen las doce estrellas de la bandera europea, la inscripción «CITTÀ DEL VATICANO», el año de emisión y la marca de la Fábrica de la Moneda («R»).
Grabado del canto (virola) de la moneda de 2€: «2*», repetido seis veces y orientado alternativamente de abajo arriba y de arriba abajo.";01 de abril de 2006;Indefinido;;;;
Ciudad del Vaticano;2014;Cara Nacional 2€;;"La cuarta serie de monedas, emitidas por primera vez en enero de 2014, muestra la efigie del papa Francisco.
En las monedas aparecen las doce estrellas de la bandera europea, la inscripción «CITTÀ DEL VATICANO», el año de emisión y la marca de la Fábrica de la Moneda («R»). 
Grabado del canto (virola) de la moneda de 2€: «2*», repetido seis veces y orientado alternativamente de abajo arriba y de arriba abajo.";01 de enero de 2014;Indefinido;;;;
Ciudad del Vaticano;2017;Cara Nacional 2€;;"La quinta serie, que comenzó a emitirse en marzo de 2017, muestra el escudo de armas del Soberano del Estado de la Ciudad del Vaticano, el papa Francisco. 
En las monedas aparecen las doce estrellas de la bandera europea, la inscripción «CITTÀ DEL VATICANO», el año de emisión y la marca de la Fábrica de la Moneda («R»). 
Grabado del canto (virola) de la moneda de 2€: «2*», repetido seis veces y orientado alternativamente de abajo arriba y de arriba abajo.";01 de marzo de 2017;Indefinido;;;;
Ciudad del Vaticano;2026;Cara Nacional 2€;;En la sexta serie aparece el retrato de León XIV. La moneda integra también el lirio y el corazón ardiente atravesado por una flecha sobre un libro abierto, elementos de su escudo y de la espiritualidad agustiniana.;01 de enero de 2026;Indefinido;"La artista y escultora es Daniela Longo; el grabado de los 2 euros corresponde a Emanuele Ferretti.";;;
Croacia;2023;La introducción del euro como moneda oficial de Croacia el 1 de enero de 2023;;En el diseño, figuran en el plano horizontal las inscripciones del país emisor «HRVATSKA» (Croacia) y el año de emisión «2023», y en el borde exterior de la parte central de la moneda, las palabras «?LANICA EUROPODRU?JA» [miembro de la Eurozona]. Estas inscripciones forman el símbolo de un euro estilizado, «€». El otro motivo principal de la moneda es el símbolo distintivo y reconocible del país, el damero croata, que representa parte del escudo de armas de la República de Croacia. En la corona circular de la moneda figuran las doce estrellas de la bandera europea.;15 de septiembre de 2023;250.000;;;;
Croacia;2024;Año de Marko Maruli? (500 aniversario del fallecimiento del considerado como padre de la literatura croata);;"La cara de la moneda, diseñada por Stjepan Divkovi?, muestra como motivo central el retrato de Marko Maruli?. Además del motivo principal, en la moneda conmemorativa también figuran las inscripciones «MARKO MARULI?», a su derecha, el año de emisión «2024» en la parte inferior y la identificación del país emisor «HR» de la República de Croacia, a su izquierda.
En el canto de la moneda figura el texto «O LIJEPA O DRAGA O SLATKA SLOBODO» (Oh hermosa, oh querida, oh dulce libertad) del Himno a la Libertad, que forma parte integral de la obra pastoral «Dubravka» del escritor croata del siglo XVII Ivan Gunduli?.";15 de Octubre de 2024;200.000;"Marko Maruli? (1450–1524) fue un poeta, escritor y humanista croata, considerado el «padre de la literatura croata». Nació en Split, en la actual Croacia, que en ese tiempo formaba parte de la República de Venecia. Proveniente de una familia noble, recibió una sólida educación humanista, influenciada por el Renacimiento italiano y la tradición cristiana.
Maruli? es célebre por sus escritos tanto en latín como en croata. Su obra más famosa es el «Judita» (1501), un poema épico en lengua croata basado en el libro bíblico de Judit, en el que la heroína mata al general asirio Holofernes para salvar a su pueblo. Este poema es considerado un hito importante en la literatura croata, ya que fue uno de los primeros textos literarios escritos en croata.
Además de su obra en croata, Maruli? escribió numerosos textos en latín, incluyendo tratados religiosos y filosóficos, como el «De institutione bene vivendi», una obra moral y religiosa que fue muy popular en Europa en su tiempo. Sus escritos reflejan un profundo interés en la ética cristiana, la filosofía clásica y el humanismo renacentista.
Maruli? también fue un devoto cristiano, y muchos de sus trabajos tratan temas espirituales y morales, fusionando el pensamiento clásico con la teología cristiana. Su influencia se extendió más allá de Croacia, ya que sus obras en latín fueron leídas y admiradas en varias cortes europeas.
Murió en 1524 en su ciudad natal, Split. A lo largo de los siglos, su legado ha sido celebrado como un símbolo del desarrollo temprano de la literatura croata y del humanismo renacentista en la región.";;;
Croacia;2024;Ciudades Croatas: Ciudad de Varaždin, Castillo de Varaždin (Stari grad Varaždin);;En el diseño figura el castillo de Varaždin (siglos XII – XVI). Varaždin se menciona por primera vez en 1181. Tras haber sufrido un gran número de bajas en la invasión tártara de 1242, se construyó como fortaleza real, que pasaría a ser conocida como castillo de Varaždin. Su aspecto ha cambiado con el paso de los siglos: ha sido sucesivamente una poderosa fortaleza medieval rodeada de fosos de agua, la fortaleza y la armería principales de la frontera militar de Eslavonia, el cuartel general militar de Varaždin y un hermoso castillo renacentista. En la actualidad, el castillo es el edificio histórico más importante y esplendoroso de la ciudad de Varaždin, un monumento excelso del patrimonio arquitectónico croata. La moneda también incluye el nombre del país emisor «HRVATSKA» (Croacia), el año de emisión «2024» y la leyenda «STARI GRAD VARAŽDIN» (castillo de Varaždin), todo ello inscrito en círculo en la parte superior e inferior del diseño. En la corona circular de la moneda figuran las doce estrellas de la bandera europea.;Junio de 2024;200.000;;;;
Croacia;2025;1100 aniversario del Reino de Croacia y la coronación del rey Tomislav;;"La cara nacional de la moneda conmemorativa presenta como motivo principal al rey Tomislav a caballo. El fondo del motivo principal presenta el símbolo distintivo de Croacia, el damero croata, que forma parte del escudo de armas de la República de Croacia, establecido en la Ley sobre el Escudo de Armas, la Bandera y el Himno de la República de Croacia, así como en la Bandera y la Banda del Presidente de la República de Croacia. La moneda también presenta las siguientes inscripciones: «KRALJ TOMISLAV» (Rey Tomislav), el año de coronación del rey Tomislav «925», el país emisor «REPUBLIKA HRVATSKA» (República de Croacia) y el año de emisión «2025», inscritas circularmente a lo largo del canto del núcleo de la moneda.
En el canto de la moneda conmemorativa figura el texto «O LIJEPA O DRAGA O SLATKA SLOBODO» (Oh hermosa, oh querida, oh dulce libertad) del Himno a la Libertad, que forma parte integrante de la obra pastoral «Dubravka» del escritor croata del siglo XVII Ivan Gunduli?.";14 de Julio de 2025;400.000;"La moneda celebra un momento clave en la historia medieval de Croacia: el año 925, cuando Tomislav fue coronado como el primer rey de Croacia, unificando por primera vez los ducados de Panonia y Dalmacia en un solo reino. Este evento marcó el nacimiento formal del Reino de Croacia, reconocido tanto por el papado como por otras potencias europeas de la época. El reinado de Tomislav no solo representó la consolidación del territorio croata, sino también un importante papel político en el contexto europeo, especialmente frente al avance del Imperio Bizantino y las amenazas húngaras.
Tomislav es considerado un símbolo de la soberanía croata, y su legado perdura en la memoria nacional. Bajo su gobierno, Croacia se estableció como un estado independiente y respetado, con una organización militar notable y relaciones diplomáticas activas.";;;
Croacia;2025;Ciudades Croatas: Ciudad de Pula, Anfiteatro de Pula (Pula Arena);;"En su diseño se aprecia como motivo central el Pula Arena, representada desde la perspectiva del mar Adriático, que aparece simbólicamente en la parte inferior, destacando el carácter mediterráneo del país. A la derecha del motivo principal se encuentra la iglesia de San Antonio, construida en la década de 1930, que forma parte de la silueta panorámica de la ciudad.
Alrededor del borde interior de la moneda aparecen las inscripciones: «GRAD PULA – ARENA» (Ciudad de Pula – Arena), «HRVATSKA» (Croacia) y «2025» (año de emisión).
En el canto de la moneda figura la inscripción en letras inclinadas «O LIJEPA O DRAGA O SLATKA SLOBODO» («¡Oh hermosa, oh querida, oh dulce libertad!»), verso de la Himna slobodi (Himno a la Libertad), parte de la pastoral Dubravka escrita en el siglo XVII por Ivan Gunduli?.";24 de Octubre de 2025;200.000;"La cara nacional de la moneda ha sido diseñada por el artista Duje Botteri y acuñada por la Casa de la Moneda de Croacia.
Pula es una ciudad costera situada en el extremo sur de la península de Istria, en Croacia. Destaca por su historia milenaria, su arquitectura antigua y su privilegiada ubicación junto al mar Adriático. A lo largo de los siglos, fue gobernada por diferentes potencias —romanos, venecianos, austrohúngaros e italianos—, lo que ha forjado su identidad multicultural.
El Anfiteatro de Pula es el símbolo más reconocido de la ciudad. Construido en el siglo I d.C., durante el reinado del emperador Vespasiano, es uno de los seis anfiteatros romanos más grandes y mejor conservados del mundo. Con capacidad para unas 23.000 personas, fue escenario de combates de gladiadores y hoy acoge conciertos, festivales y eventos culturales, siendo un orgullo patrimonial de Croacia.";;;
Croacia;2026;Centenario de la Radiotelevisión croata (HRT).;;"Su elemento principal son cinco líneas de ondas radiofónicas que evocan las primeras señales emitidas por Radio Zagreb en 1926. Dentro de esas ondas se integran tipográficamente el año «2026», la inscripción «100 GODINA HRVATSKE RADIOTELEVIZIJE» —«100 años de la Radiotelevisión Croata»— y las letras «HR», símbolo de la República de Croacia.
La combinación entre las ondas y la superficie del núcleo de la moneda genera visualmente el característico damero croata, uno de los elementos esenciales del escudo nacional. De esta manera, un motivo aparentemente sencillo reúne las ondas de radio, la identidad del país y el propio aniversario en una única composición gráfica.
También aparecen las iniciales estilizadas «KG», correspondientes a Karlo Gross, mientras que las doce estrellas de la bandera europea ocupan el anillo exterior.
La moneda fue acuñada por la Croatian Mint.
Una leyenda en el canto con siglos de historia
Como sucede con los 2 euros croatas, el canto también tiene un importante contenido simbólico. Puede leerse:
«O LIJEPA O DRAGA O SLATKA SLOBODO»
Su traducción puede expresarse como «Oh, hermosa, oh querida, oh dulce libertad».
El texto procede del Himno a la Libertad, integrado en la obra pastoral Dubravka, escrita por el poeta croata Ivan Gunduli? en el siglo XVII.
Por tanto, la moneda combina dos épocas muy diferentes de la cultura croata: una expresión literaria de varios siglos de antigüedad en su canto y, en su núcleo, las ondas que representan el nacimiento de uno de los grandes medios de comunicación del siglo XX.";16 de julio de 2026;200.000;"La historia comenzó hace exactamente un siglo con unas palabras que quedaron para siempre ligadas al nacimiento de la radio en Croacia: «Halo, halo! Ovdje Radio Zagreb!» —«¡Hola, hola! Aquí Radio Zagreb»—. A las 20:30 horas, Radio Zagreb comenzó sus emisiones en una longitud de onda de 350 metros en onda media. La actriz, escritora y locutora Božena Begovi? pronunció las palabras con las que se inauguró aquella nueva etapa: «Halo, halo! Ovdje Radio Zagreb!». Después llegaron el himno nacional croata, un discurso, música de Beethoven, Haydn, Chopin, Rameau y Saint-Saëns y un espacio informativo.
Croacia se encontraba así entre los primeros países de Europa central y oriental en disponer de una emisora de radio. Aquella Radio Zagreb constituye el origen histórico de la actual Hrvatska radiotelevizija (HRT), la radiotelevisión pública croata.
Existe además una curiosa coincidencia de fechas. Exactamente 30 años después, el 15 de mayo de 1956, comenzó a funcionar el primer transmisor de televisión instalado en el monte Sljeme y se inició la historia de la televisión croata. Por eso, en 2026 HRT celebra simultáneamente 100 años de radio y 70 años de televisión.
El diseño de la cara nacional corresponde al escultor académico Karlo Gross y se aleja deliberadamente de una representación figurativa.";;;
Croacia;2026;Ciudades Croatas: Ciudad de Vukovar, Torre del Agua y río Danubio;;"La cara nacional presenta la Torre del Agua en posición central, coronada por la bandera croata. A sus pies se extiende el paisaje de la ribera y, en primer término, el Danubio. La composición no reproduce una vista fotográfica concreta, sino que condensa en muy poco espacio los dos elementos que el emisor considera esenciales para reconocer Vukovar.
La leyenda «GRAD VUKOVAR» —«Ciudad de Vukovar»— ocupa la parte superior del núcleo. En la zona inferior se leen el país emisor y el año, «HRVATSKA 2026». Cerca del extremo derecho del paisaje figuran las pequeñas iniciales «MD», correspondientes a su autor, el escultor académico Duje Mateti?. Las doce estrellas de la bandera europea rodean el conjunto sobre el anillo exterior.
El canto lleva en cursiva la inscripción croata «O LIJEPA O DRAGA O SLATKA SLOBODO», que puede traducirse como «Oh hermosa, oh querida, oh dulce libertad». El verso procede del Himno a la libertad, incluido en la obra pastoral Dubravka, escrita en el siglo XVII por Ivan Gunduli?.";21 de septiembre de 2026;500.000;"La gran protagonista del diseño es la Torre del Agua de Vukovar, conocida en croata como Vukovarski vodotoranj. La elección no responde únicamente a que sea la construcción más reconocible de la ciudad. Esta estructura se ha convertido en uno de los principales símbolos de resistencia, memoria y unidad para Croacia.
La torre, de 50,33 metros de altura, fue construida entre 1963 y 1968 según el proyecto de los arquitectos Petar Kušan y Sergej Kolobov. Durante el asedio de Vukovar de 1991 recibió 640 impactos directos, pero permaneció en pie. La conservación de las huellas que todavía recorren su estructura convirtió aquellos daños en parte inseparable del monumento y de su significado actual.
Junto a la torre aparece el Danubio, el otro gran elemento que define la identidad y el paisaje de Vukovar. El río recorre la franja inferior de la moneda y actúa como contrapunto sereno a la verticalidad del monumento. Es también la vía natural alrededor de la cual se ha desarrollado la ciudad durante siglos.";;;
Croacia;2023;Cara Nacional 2€;;"La moneda de 2€ muestra un mapa de Croacia con un damero de fondo. El diseño, obra de Ivan Šivak, incluye el año de emisión y la leyenda «HRVATSKA», nombre del país en croata.
Grabado del canto (virola) de la moneda de 2€: «O LIJEPA O DRAGA O SLATKA SLOBODO» («Oh hermosa, oh estimada, oh dulce libertad»), verso de la famosa obra de Ivan Gunduli?, «Dubravka».";01 de enero de 2023;Indefinido;;;;
Eslovaquia;2009;Décimo aniversario de la Unión Económica y Monetaria (Diseño común Eurozona);;En la moneda puede verse una figura de diseño primitivo que se funde con el símbolo del €. La idea que se desea transmitir es que la moneda única y, por extensión, la Unión Económica y Monetaria (UEM) constituyen el último eslabón de la larga historia de la integración económica y comercial europea. Esta moneda la emiten todos los países de la zona del euro, figurando en cada caso el nombre del país emisor y la leyenda «UEM 1999-2009» en la lengua o lenguas respectivas. El diseño, elegido entre los cinco preseleccionados por ciudadanos de la Unión Europea mediante votación por Internet, es creación de George Stamatopoulos, escultor del departamento de acuñación del Banco de Grecia. En la corona circular se representan las doce estrellas de la Unión Europea.;Enero de 2009;2.500.000;Eslovaquia (SLOVENSKO);;;
Eslovaquia;2009;Vigésimo aniversario del 17 de noviembre de 1989 (Día de la lucha por la libertad y la democracia);;La moneda muestra una campana estilizada con unas llaves como badajo, que recuerda la manifestación del 17 de noviembre de 1989, en la que los manifestantes hicieron sonar sus llaves para simbolizar la apertura de las puertas, un acontecimiento que marcó el inicio de la «Revolución de Terciopelo» en la antigua Checoslovaquia. Debajo de la campana figura la marca del artista y la de la Fábrica de la Moneda eslovaca (Mincov?a Kremnica). La leyenda «17. NOVEMBER SLOBODA DEMOKRACIA», los años «1989-2009» y el nombre del país emisor «SLOVENSKO» rodean la campana. En la corona circular se representan las doce estrellas de la Unión Europea.;10 de noviembre de 2009;1.000.000;;;;
Eslovaquia;2011;Vigésimo aniversario de la creación del Grupo de Visegrado;;El diseño de la parte interior de la moneda incorpora el relieve de cuatro Estados centroeuropeos (República Checa, Hungría, Polonia y Eslovaquia) y una «V» compuesta y superpuesta en referencia al Grupo de Visegrado, una alianza regional conocida también con el nombre de «Visegrado 4» o «V4». El Grupo fue fundado tras la cumbre de Jefes de Estado o de Gobierno de Checoslovaquia, Hungría y Polonia celebrada en la localidad de Visegrado (Hungría) el 15 de febrero de 1991, con el objetivo primordial de cooperar en ámbitos de interés común dentro del proceso de integración europea. En la corona circular figuran las doce estrellas de la Unión Europea.;10 de enero de 2011;1.000.000;;;;
Eslovaquia;2012;Diez años de billetes y monedas en euros (Diseño común: Eurozona);;La parte central de la moneda, diseñada por Helmut Andexlinger, de la Fábrica de Moneda de Austria, y escogida por los ciudadanos y residentes de la zona del euro como moneda conmemorativa común de 2012, muestra el mundo en forma de símbolo del euro en el centro, aludiendo a cómo el euro se ha convertido en un verdadero actor mundial a lo largo de la última década. Los elementos que rodean al euro simbolizan su importancia para la gente corriente (representada por una familia de cuatro miembros), para el mundo de las finanzas (la Eurotower), para el comercio (un buque), para la industria (una fábrica) y la energía, para la investigación y el desarrollo (dos turbinas eólicas). Las iniciales del diseñador «A.H.» se aprecian (si se observa con mucha atención) entre el buque y la Eurotower. En los bordes superior e inferior de la parte central de la moneda figuran, respectivamente, el país emisor y los años «2002 – 2012». La moneda la emitirán todos los países de la zona del euro. En la corona circular figuran las doce estrellas de la Unión Europea.;enero de 2012;1.000.000;Eslovaquia (SLOVENSKO);;;
Eslovaquia;2013;1150° aniversario de la misión de Constantino y Metodio a la Gran Moravia;;La parte central de la moneda muestra a los hermanos tesalonicenses Constantino y Metodio a los lados de una cruz simbólica doble erguida sobre tres colinas. La cruz es portada como báculo obispal, vinculando así los símbolos del Estado y la Cristiandad y ensalzando la importancia de la misión de los hermanos, que contribuyó a garantizar la plena soberanía y legitimidad de la Gran Moravia, primer Estado eslavo en Europa central. Constantino sostiene un libro que representa la educación y la fe, mientras que Metodio aparece con una iglesia que simboliza la fe y el cristianismo institucional. En el borde inferior de la parte central de la moneda aparece inscrito el nombre del país emisor, «SLOVENSKO», así como los años «863» y «2013», separados por un guion. Sobre el borde superior de la parte central figuran los nombres «KONŠTANTÍN» y «METOD». A la izquierda de los hermanos aparecen las letras estilizadas «mh» (iniciales del diseñador Miroslav Hric) y a la derecha, la marca de ceca de la Fábrica de la Moneda de Kremnica (compuesta por las letras «MK» entre dos cuños). En la corona circular de la moneda figuran las doce estrellas de la Unión Europea.;05 de julio de 2013;1.000.000;;;;
Eslovaquia;2014;10º aniversario de la adhesión de la República Eslovaca a la Unión Europea;;El centro de la moneda muestra las letras estilizadas «EÚ», como abreviatura de la Unión Europea, y el escudo de la República Eslovaca en primer plano. A la derecha de la parte interior de la moneda, en dos líneas, aparecen la fecha de la adhesión de Eslovaquia a la Unión Europea, «1.5.2004» y, justo debajo, el año «2014». A lo largo del borde inferior de la parte interior, se lee el nombre del país emisor «SLOVENSKO» y, en semicírculo en el borde superior, la leyenda «10. VÝRO?IE VSTUPU DO EURÓPSKEJ ÚNIE». En la parte inferior izquierda figura la marca de la fábrica de la moneda de Kremnica, formada por las letras «MK» entre dos troqueles, y en la parte inferior derecha, las letras estilizadas «MP», que son las iniciales de la diseñadora, Mária Poldaufová. En la corona circular figuran las doce estrellas de la Unión Europea.;01 de abril de 2014;1.000.000;;;;
Eslovaquia;2015;200° aniversario del nacimiento de ?udovít Štúr;;El motivo es un retrato de ?udovít Štúr. A la derecha del retrato, paralelamente al borde interior de la moneda, figuran el año de emisión «2015» y, más a la derecha, sobre el borde, el nombre del país emisor «SLOVENSKO». A la izquierda del retrato, paralelamente al borde interior, aparecen las fechas de nacimiento y muerte de Štúr «1815-1856» y, más a la izquierda, sobre el borde, el nombre «?UDOVÍT ŠTÚR». En la parte superior derecha del motivo figura la marca de la fábrica de la moneda de Kremnica (Mincov?a Kremnica), consistente en las iniciales «MK» entre dos cuños. En la parte inferior derecha aparecen las letras estilizadas «I?», que son las iniciales del diseñador Ivan ?ehák. En la corona circular de la moneda figuran las doce estrellas de la Unión Europea.;23 de octubre de 2015;1.000.000;;;;
Eslovaquia;2015;Trigésimo aniversario de la bandera de la UE (Diseño común Eurozona);;El motivo representa la bandera de la UE como símbolo que une pueblos y culturas con visiones e ideales comunes de un futuro mejor. Doce estrellas que se transforman en figuras humanas representan el nacimiento de una nueva Europa. En la parte superior derecha, en semicírculo, figura la mención del país emisor «SLOVENSKO» y los años «1985-2015». En la parte inferior derecha aparecen las iniciales del artista (Georgios Stamatopoulos). En la corona circular de la moneda figuran las doce estrellas de la Unión Europea.;24 de septiembre de 2015;1.000.000;Eslovaquia (SLOVENSKO);;;
Eslovaquia;2016;Primera Presidencia de la República Eslovaca del Consejo de la Unión Europea;;En el diseño predomina el escudo nacional de la República Eslovaca, dispuesto en su parte central y sobre un fondo de líneas centrípetas dinámicas que representan la posición y la importancia de la República de Eslovaquia durante su primera presidencia del Consejo de la Unión Europea. A la derecha del escudo nacional de la República Eslovaca aparece el año «2016». En el borde del círculo interior se encuentran el nombre del país «SLOVENSKO» (Eslovaquia) y la inscripción «PREDSEDNÍCTVO SR V RADE EÚ» (Presidencia eslovaca del Consejo de la UE), separados por símbolos gráficos. La marca de ceca de la fábrica de moneda de Kremnica, compuesta por las letras «MK» entre dos cuños, y las iniciales estilizadas del diseñador de la cara nacional, Vladimír Pavlica, «VP», se muestran en la parte inferior de la composición. En la corona circular de la moneda figuran las doce estrellas de la Unión Europea.;07 de marzo de 2016;1.000.000;;;;
Eslovaquia;2017;550º aniversario de la Universidad Istropolitana;;El motivo muestra la imagen de un profesor y dos estudiantes delante de la fachada de la antigua Universitas Istropolitana de Bratislava. En la parte superior izquierda del motivo figura un medallón del rey Matías Corvino, fundador de la universidad. Sobre el medallón aparece la inscripción «1467», año de apertura de la universidad. El país de emisión, «SLOVENSKO», figura en la base del círculo interior, sobre el año de emisión, «2017». A lo largo del borde izquierdo del círculo interior aparece la inscripción «UNIVERZITA» y, a lo largo del borde derecho, «ISTROPOLITANA». En la parte inferior izquierda del motivo se encuentra la marca de ceca de la fábrica de moneda de Kremnica (Mincov?a Kremnica), esto es, las letras «MK» entre dos cuños. Debajo de la marca de ceca se aprecian las letras estilizadas «MP», iniciales de la diseñadora, Mária Poldaufová. En la corona circular de la moneda figuran las doce estrellas de la Unión Europea.;04 de enero de 2017;1.000.000;;;;
Eslovaquia;2018;25º aniversario de la creación de la República Eslovaca;;El diseño simboliza la entrada de Eslovaquia en la Unión Europea y en la zona del euro, mostrando un portal estilizado que se alza sobre un mapa de Eslovaquia y el símbolo del euro rodeado de las estrellas de la Unión Europea, algunas de ellas cubiertas por el mapa. El escudo de armas eslovaco aparece a la izquierda del dibujo. En la parte inferior izquierda, en semicírculo, figura el nombre del país emisor, «SLOVENSKÁ REPUBLIKA». La fecha de creación del país, «1.1.1993», y el año de emisión, «2018», aparecen una encima del otro, bajo el lado derecho del mapa. Entre el mapa y la fecha figuran la marca de ceca de la Fábrica de la Moneda de Kremnica (Mincov?a Kremnica), consistente en las iniciales «MK» entre dos muescas, y las letras estilizadas «PK», iniciales del autor, Pavel Károly. En la corona circular de la moneda figuran las doce estrellas de la Unión Europea.;03 de enero de 2018;1.000.000;;;;
Eslovaquia;2019;Cien años de la muerte de Milan Rasslav Štefánik;;El motivo muestra el retrato de Milan Rastislav Štefánik, una de las figuras más importantes de la historia de Eslovaquia. A la izquierda del retrato figuran las fechas de nacimiento de Štefánik «1880» y de su fallecimiento «1919», una por encima de la otra. En el lado izquierdo de la parte interior de la moneda parecen, en semicircunferencia, el nombre «MILAN RASTISLAV ŠTEFÁNIK» y el país emisor «SLOVENSKO». El año de emisión «2019» se sitúa entre el retrato y el lado derecho. Debajo del año figuran las letras estilizadas «PV», que son las iniciales del diseñador, Peter Valach, y debajo de ellas la marca de ceca de Kremnica (Mincov?a Kremnica), consistente en las letras «MK» colocadas entre dos matrices. En la corona circular de la moneda figuran las doce estrellas de la bandera europea.;25 de abril de 2019;1.000.000;;;;
Eslovaquia;2020;20º aniversario de la adhesión de Eslovaquia a la Organización de Cooperación y Desarrollo Económicos (OCDE);;La mitad superior derecha del motivo de la cara nacional muestra una representación del concepto de humanismo digital: unos circuitos grabados en forma de cerebro humano, en cuyo centro figura un círculo a modo de microprocesador. El escudo de armas eslovaco luce próximo al borde inferior derecho. Dentro de un recuadro en bajorrelieve que se solapa parcialmente con la imagen principal se lee «20. VÝRO?IE» y «VSTUP SR DO OECD» (20.oaniversario de la adhesión de Eslovaquia a la OCDE). Debajo del recuadro figura el nombre del Estado emisor «SLOVENSKO» y el año de emisión «2020», en renglones separados. Entre el recuadro y el borde izquierdo del motivo se encuentra la marca de ceca de la fábrica de moneda de Kremnica (Mincov?a Kremnica), que consiste en las letras «MK» entre dos cuños. Debajo de la marca de ceca se pueden ver las letras estilizadas «PV», que son las iniciales del diseñador, Peter Valach. En la corona circular de la moneda figuran las doce estrellas de la bandera europea.;11 de noviembre de 2020;1.000.000;;;;
Eslovaquia;2021;Centenario del nacimiento de Alexander Dub?ek;;El motivo representa un retrato del perfil izquierdo de Alexander Dub?ek, prominente político eslovaco, cuyo intento de introducir reformas liberales en Checoslovaquia en 1968 se conoce como la Primavera de Praga. A lo largo del borde izquierdo del círculo interior de la moneda aparece el nombre del país emisor «SLOVENSKO». Superpuesto en la parte inferior del retrato aparece el nombre «Alexander Dub?ek», el nombre encima del apellido, y debajo las fechas de nacimiento, «1921», y de fallecimiento, «1992», una encima de la otra. En el borde derecho figura el año de emisión, «2021», y debajo la marca de ceca de la Kremnica Mint (Mincov?a Kremnica), formada por las letras «MK» colocadas entre dos matrices. Junto al borde inferior derecho figuran las iniciales estilizadas «BR», en referencia al diseñador de la cara nacional, Branislav Ronai. En la corona circular de la moneda figuran las doce estrellas de la bandera europea.;26 de noviembre de 2021;1.000.000;;;;
Eslovaquia;2022;Tricentenario de la construcción de la primera máquina de vapor atmosférico de Europa continental para el drenaje de minas en Eslovaquia;;El motivo representa una máquina de vapor atmosférico para el drenaje de minas, la primera de este tipo en Europa continental, construida en la ciudad minera de Nová Ba?a en 1722. Fue diseñada y construida por el ingeniero inglés Isaac Potter, cuya firma facsímil aparece inscrita en dos líneas, en la parte inferior izquierda del motivo. En el lado derecho de la máquina, escritos en el lateral, figuran el nombre del país emisor «SLOVENSKO» y, a su derecha, los años «1722» y «2022» separados por un punto medio. Junto al borde izquierdo de la sección interior de la moneda, situadas una por encima de la otra, figuran la marca de ceca de la fábrica de moneda de Kremnica (Mincov?a Kremnica), formada por las letras «MK» entre dos cuños, y las iniciales estilizadas del diseñador de la cara nacional, Peter Valach. En la corona circular de la moneda figuran las doce estrellas de la bandera europea.;05 de octubre de 2022;1.000.000;;;;
Eslovaquia;2022;35 años del programa Erasmus (Diseño común Eurozona);;El diseño es una combinación de dos elementos fundamentales del programa Erasmus: la inspiración intelectual original, el propio Erasmus, y la alegoría de su influencia en Europa. El primero se simboliza por una de las representaciones más conocidas de Erasmus. El segundo se simboliza por un haz de enlaces que cruzan la moneda de una baliza a otra, en representación de los numerosos intercambios intelectuales y humanos entre los estudiantes europeos. Como referencia a Europa, algunos de estos enlaces forman otras estrellas, derivadas de la sinergia entre los países. El número 35, por el 35.º aniversario, surge de las estrellas en un estilo gráfico moderno. En la corona circular de la moneda figuran las doce estrellas de la bandera europea.;1 de Julio de 2022;1.000.000;;;;
Eslovaquia;2023;Centenario de la primera transfusión sanguínea en Eslovaquia;;"El motivo consiste en una cruz equilátera, símbolo internacionalmente reconocido de la asistencia médica, la esperanza y la humanidad. En cada uno de los brazos de esa cruz figura uno de los cuatro grupos sanguíneos: A, B, 0 y AB. Labradas en el interior de esa cruz aparecen otras dos cruces equiláteras, una dentro de la otra, con una gota de sangre en el centro. En torno a la cruz central se representan, a intervalos idénticos, las partes inferiores de ocho tubos de ensayo, en cada uno de los cuales está grabada una gota de sangre estilizada. Entre cada tubo aparece una gota de sangre en relieve. A la derecha del tubo situado en la parte inferior figuran las iniciales «MP» estilizadas, que hacen referencia a la diseñadora de la cara nacional, Mária Poldaufová; a la izquierda figura la marca de ceca de la Casa de la Moneda de Kremnica (Mincov?a Kremnica), compuesta por las letras «MK» colocadas entre dos troqueles. El borde de la parte interior de la moneda está en gran parte ocupado por la inscripción «PRVÁ TRANSFÚZIA KRVI 1923-2023» («primera transfusión sanguínea»). En la parte inferior de ese mismo borde aparece el nombre del país emisor «SLOVENSKO», flanqueado a cada lado por un punto que lo separa de la inscripción. En la corona circular de la moneda figuran las doce estrellas de la bandera europea.";02 de marzo de 2023;1.000.000;Esta moneda es obra de Mária Poldaufová, ganadora de un concurso de diseño convocado para la ocasión. Su diseño se basa en una composición circular racionalmente equilibrada y guiada centralmente con un ritmo repetitivo de círculos. En el medio del círculo más pequeño hay una cruz isósceles con símbolos de grupos sanguíneos. Hacia el interior, se incrusta un contorno repetido de tres etapas con una gota de sangre dominante, que enfatiza todo el simbolismo de la moneda. Fragmentos de tubos de ensayo y gotas estilizadas de sangre se alternan en el círculo central.;;;
Eslovaquia;2023;200 aniversario del inicio del correo tirado por caballos ruta Viena - Bratislava;;El diseño de la moneda representa simbólicamente el servicio de correo urgente entre Viena y Bratislava, con una diligencia tirada por caballos en movimiento y un recuadro rectangular en el centro que contiene una bocina de correos. Debajo de la imagen aparece inscrito el año «1823», fecha en que comenzó a funcionar el servicio de correo urgente, y debajo de esa fecha figuran los nombres de las ciudades en eslovaco, «VIEDE?» y «BRATISLAVA», uno encima del otro. En la parte inferior del círculo interior de la moneda figura el año de emisión «2023», separado del texto anterior por una línea horizontal. El nombre del país emisor, «SLOVENSKO», está inscrito en el borde superior del diseño. A la derecha de la carroza figura la marca de la Casa de la Moneda de Kremnica (Mincov?a Kremnica), consistente en las letras «MK» colocadas entre dos troqueles. Justo debajo de la marca figuran las iniciales estilizadas «MP», en referencia a la diseñadora de la selección nacional, Mária Poldaufová. En el anillo exterior de la moneda figuran las doce estrellas de la bandera europea.;11 de octubre de 2023;1.000.000;La Casa de la Moneda de Eslovaquia, Mincov?a Kremnica, ha acuñado un millón de estas monedas, 5.000 en calidad Proof presentadas como la imagen de arriba, 4.000 en calidad BU en una coincard como la de la imagen de abajo. El resto son destinadas a circulación.;;;
Eslovaquia;2024;100 años del Maratón internacional de Košice;;En el diseño figuran, a la izquierda, un atleta maratoniano y, a la derecha, un detalle de la Catedral de Santa Isabel, uno de los monumentos de Košice. En la parte inferior del diseño figuran el nombre del país emisor «SLOVENSKO» y debajo, el año inaugural del maratón «1924» y el año de emisión de la moneda, «2024». En el borde de la parte superior del diseño figura la inscripción «KOŠICKÝ MARATÓN». En la izquierda, junto al borde inferior, aparece la marca de ceca de la Casa de la Moneda de Kremnica (Mincov?a Kremnica), compuesta por las letras «MK» colocadas entre dos troqueles. A la derecha de la marca figuran las iniciales estilizadas «LR» del autor del diseño de la cara nacional, Roman Lugár. En la corona circular de la moneda figuran las doce estrellas de la bandera europea.;Septiembre de 2024;1.000.000;;;;
Eslovaquia;2025;Centenario del primer torneo deportivo internacional en Eslovaquia - Campeonato Europeo de Hockey sobre hielo;;El diseño representa a un jugador de hockey sobre hielo en acción, con un estilo de uniforme típico del período del campeonato europeo de hockey sobre hielo de 1925. Al jugador lo enmarca un panorama estilizado del Alto Tatra, la región montañosa eslovaca en la que tuvo lugar el campeonato. En el borde de la parte superior del círculo interior de la moneda figura la inscripción «MAJSTROVSTVÁ EURÓPY V HOKEJI» (campeonato europeo de hockey). Los años «1925» y «2025» aparecen en la parte superior izquierda del diseño, uno sobre el otro. En la parte inferior figura el nombre del país emisor, «SLOVENSKO». En el lado derecho de la imagen figura la marca de ceca de la Casa de la Moneda de Kremnica (Mincov?a Kremnica), la entidad acuñadora. Junto a esta se muestran las iniciales, «KL», del diseñador, Karol Li?ko. En la corona circular de la moneda figuran las doce estrellas de la bandera europea.;enero de 2025;1.000.000;"En 1925 se celebró el Campeonato Europeo de Hockey sobre hielo en Štrbské Pleso / Starý Smokovec, en la entonces Checoslovaquia, que fue también la ganadora del torneo, competición en la que solo participaron cuatro países: Austria, Bélgica, Suiza y Checoslovaquia.
El diseño de la moneda, como en otras ocasiones, nace de un concurso convocado por el Banco de Eslovaquia. Al concurso se presentaron diez propuestas creativas de ocho autores, siendo elegido el propuesto por Karol Li?ek.";;;
Eslovaquia;2026;Tren?ín, Capital Europea de la Cultura 2026;;"La descripción oficial del diseño es minuciosa. Al centro destaca la silueta estilizada del Castillo de Tren?ín, símbolo absoluto de la ciudad. La artista Klára Fojt?, autora del diseño, lo utiliza como eje alrededor del cual se despliegan varios iconos culturales: una paleta con pincel, una cámara cinematográfica y las máscaras teatrales clásicas. Cada elemento suma una capa diferente del mundo artístico que Tren?ín pretende mostrar al resto de Europa durante su año como capital cultural.
El nombre TREN?ÍN aparece integrado en la composición, junto al año 2026. También encontramos la marca de la histórica Ceca de Kremnica, representada por las letras MK entre dos cuños, una firma que desde el siglo XIV acompaña las emisiones monetarias del territorio eslovaco.
En la parte inferior de la moneda figura la leyenda «EURÓPSKE HLAVNÉ MESTO KULTÚRY» (“Capital Europea de la Cultura”), y en la superior, el nombre del país: SLOVENSKO. El anillo exterior mantiene las doce estrellas de la Unión Europea, como en todas las monedas de 2 euros.
Incluso el borde está personalizado: lleva grabado «SLOVENSKÁ REPUBLIKA» entre dos estrellas y un pequeño hoja de tilo, uno de los símbolos nacionales de Eslovaquia.";13 de Enero de 2026;1.000.000;"Tren?ín, una pintoresca ciudad en el noroeste de Eslovaquia, será una de las Capitales Europeas de la Cultura en 2026. Este reconocimiento subraya su rica historia, su vibrante escena cultural y su potencial para destacar en el panorama cultural europeo.
Tren?ín es conocida por su impresionante castillo medieval, el Castillo de Tren?ín, que domina la ciudad desde lo alto de una colina. Este castillo no solo es un símbolo histórico, sino también un importante centro cultural que alberga exposiciones y eventos. La ciudad tiene una rica historia que se remonta a la época romana, como lo demuestra la inscripción en una roca cercana que celebra la victoria de las legiones romanas en el año 179 d.C.
El título de Capital Europea de la Cultura (CEC) es un prestigioso reconocimiento otorgado por la Unión Europea a ciudades que destacan por su compromiso con la promoción de la cultura, la creatividad y el intercambio cultural. Cada año, una o más ciudades reciben esta distinción, lo que les brinda la oportunidad de mostrar su patrimonio cultural, desarrollar proyectos artísticos innovadores y atraer la atención internacional.
El programa, iniciado en 1985, busca fortalecer los lazos culturales entre los países europeos y fomentar el desarrollo económico y social a través de la cultura. Las ciudades seleccionadas suelen organizar un amplio calendario de eventos, incluyendo exposiciones, conciertos, festivales y actividades comunitarias, que no solo celebran su historia y tradiciones, sino que también impulsan la colaboración entre artistas locales e internacionales.
Además, ser Capital Europea de la Cultura representa una oportunidad única para revitalizar la infraestructura cultural, atraer turismo, y fortalecer el orgullo cívico de sus habitantes. La designación no solo deja un impacto cultural duradero, sino también un legado económico y social significativo.";;;
Eslovaquia;2026;50 años de la Victoria en la Eurocopa 1976;;El texto: “Majstri Európy 1976” (“Campeones de Europa 1976”);El diseño es de Mat?j Hanuš.;;"La creación de esta moneda conmemorativa no solo rinde homenaje a un capítulo brillante de la historia deportiva de Checoslovaquia, sino que también celebra el aporte crucial de Eslovaquia a esa hazaña. En un contexto actual donde la historia compartida se entrelaza con las identidades nacionales individuales, esta iniciativa se convierte en un símbolo de orgullo nacional y legado histórico.
La moneda conmemorativa tendrá como temática central la gesta del combinado checoslovaco, que se coronó campeón de Europa tras vencer en una épica tanda de penaltis a la todopoderosa Alemania Federal. El momento más recordado del torneo fue el penalti decisivo cobrado con maestría por Antonín Panenka, que dio origen a una técnica inmortalizada con su nombre.
Lo que hace especialmente significativa esta victoria desde una perspectiva eslovaca es que ocho de los once titulares en la final eran eslovacos, destacando nombres como Anton Ondruš, Karol Dobiaš, Ján Švehlík y Jozef Móder. El portero Ivo Viktor fue elegido mejor jugador del torneo y otros cinco integrantes del equipo fueron incluidos en el once ideal del campeonato.";;;
Eslovaquia;2027;50º Aniversario de la Carta 77;;;El diseño es de Karol Li?ko.;;;;;
Eslovaquia;2027;250 aniversario de la Ratio educationis;;;Agosto de 2027;??;"En 1777, bajo el reinado de la emperatriz María Teresa de Austria, se promulgó en el Reino de Hungría un documento de gran relevancia: la Ratio educationis. Este texto establecía por primera vez un marco legal para la organización de la educación en el territorio, incluyendo la actual Eslovaquia.
Su objetivo era modernizar el sistema educativo, garantizar el acceso a la enseñanza y crear una estructura uniforme de escuelas primarias, secundarias y superiores. Entre otras cosas, la Ratio educationis:
– Regulaba los planes de estudio y la formación de maestros.
– Impulsaba la creación de nuevas escuelas en las zonas rurales.
– Establecía la supervisión estatal sobre la educación, limitando la influencia exclusiva de la Iglesia.
Fue una medida pionera para su tiempo, que buscaba alfabetizar a la población y dotarla de conocimientos prácticos y científicos.
La Ratio educationis reflejaba los ideales de la Ilustración: fe en la razón, en la educación como motor de progreso y en el papel del Estado como garante del bien común.
Aunque no estuvo exenta de resistencias (especialmente por parte de sectores eclesiásticos), este decreto sentó las bases para la evolución de los sistemas educativos en Europa Central. Su influencia se dejó sentir durante generaciones, contribuyendo al desarrollo cultural y social de los pueblos que hoy forman parte de Eslovaquia.";;;
Eslovaquia;2029;25.º aniversario de la ampliación de la Unión Europea de 2004;;;Enero de 2029;;"La primera moneda conmemorativa del año rendirá homenaje al 25.º aniversario de la ampliación de la Unión Europea de 2004, uno de los hitos más trascendentales en la historia reciente del continente.
En mayo de 2004, diez países —entre ellos Eslovaquia— se incorporaron simultáneamente a la European Union, dando lugar a la mayor ampliación de la historia del proyecto europeo. Para Eslovaquia, aquel momento supuso el regreso definitivo al espacio político, económico y cultural europeo, tras décadas marcadas por profundos cambios geopolíticos.
La adhesión a la Unión Europea significó mucho más que una integración institucional. Representó nuevas oportunidades de desarrollo, libre circulación, cooperación internacional y estabilidad económica. Veinticinco años después, la moneda conmemorativa de enero de 2029 actuará como recordatorio tangible de aquel punto de inflexión, compartido por millones de ciudadanos en Europa Central y Oriental.
Desde el punto de vista numismático, esta emisión tendrá un marcado carácter supranacional, lo que previsiblemente despertará interés más allá de las fronteras eslovacas, al tratarse de un aniversario común para varios Estados miembros.
De hecho, esta moneda no será una emisión exclusiva de Eslovaquia, sino una moneda conmemorativa común, abierta a todos los países de la eurozona que decidan sumarse a la iniciativa. El diseño será único y compartido por todos los Estados participantes, de modo que el motivo y la composición artística serán idénticos en cada emisión.
La única diferencia entre las monedas radicará en la inscripción del país emisor, que se adaptará a cada Estado, manteniendo así la uniformidad visual del conjunto y reforzando el carácter simbólico y colectivo de la conmemoración dentro del área del euro.";;;
Eslovaquia;2029;80.º aniversario del Conjunto Nacional de Arte Popular Eslovaco (S?UK);;;Septiembre de 2029;;"La segunda moneda conmemorativa de 2029 devolverá el protagonismo a la cultura, con la celebración del 80.º aniversario del Slovak Folk Art Ensemble (S?UK), conocido por sus siglas S?UK.
Fundado en 1949, S?UK nació con una misión clara: preservar, desarrollar y difundir el folclore tradicional eslovaco a través de la danza, la música y el canto. Desde entonces, se ha consolidado como una institución clave en la vida cultural del país y como uno de los principales embajadores artísticos de Eslovaquia en el extranjero.
A diferencia de agrupaciones puramente locales, S?UK ha sabido combinar la fidelidad a las tradiciones regionales con una puesta en escena contemporánea, capaz de conectar con públicos muy diversos. Sus espectáculos reflejan la riqueza cultural del país, desde las danzas de montaña hasta las melodías de las llanuras orientales.
La moneda prevista para septiembre de 2029 no solo celebrará un aniversario redondo, sino que pondrá en valor el papel del folclore como elemento vivo, capaz de evolucionar sin perder autenticidad. En un contexto cada vez más globalizado, esta emisión subraya la importancia de conservar y reinterpretar las raíces culturales.";;;
Eslovaquia;2009;Cara Nacional 2€;;Las monedas de 1€ y 2€ muestran una cruz doble sobre tres colinas, el motivo del escudo nacional de Eslovaquia.;01 de enero de 2009;Indefinido;;;;
Eslovenia;2007;Quincuagésimo aniversario del Tratado de Roma (Diseño común Eurozona);;En el centro de la moneda se representa el documento del Tratado firmado por los seis países fundadores, sobre un fondo que imita el pavimento diseñado por Miguel Ángel para la Piazza del Campidoglio de Roma, en la que tuvo lugar la firma el 25 de marzo de 1957. El nombre del país emisor y las leyendas «TRATADO DE ROMA 50 AÑOS» y «EUROPA» aparecen en latín o en el idioma o idiomas de dicho país de la zona del euro. Así pues, la inscripción varía según el país, aunque la imagen es la misma. El Tratado de Roma estableció la Comunidad Económica Europea, iniciando así un proceso que condujo a la introducción del euro en 1999 y de los billetes y monedas en euros en el 2002. Para celebrar el aniversario del Tratado, el 25 de marzo de 2007, los países miembros de la zona del euro han decidido emitir de forma conjunta esta moneda, cuyo diseño resultó elegido en un concurso organizado por las fábricas de moneda europeas. En el anillo exterior de la moneda están representadas las doce estrellas de la Unión Europea.;Marzo de 2007;400.000;Eslovenia (SLOVENIJA);;;
Eslovenia;2008;Quinto centenario del nacimiento de Primož Trubar;;La moneda reproduce la efigie de Primož Trubar de perfil. A la izquierda aparecen las inscripciones «PRIMOŽ TRUBAR» y «1508 • 1586» y, en la parte inferior derecha, la leyenda «SLOVENIJA 2008». En la corona circular se representan las doce estrellas de la Unión Europea.;Mayo de 2008;1.000.000;;;;
Eslovenia;2009;Décimo aniversario de la Unión Económica y Monetaria (Diseño común Eurozona);;En la moneda puede verse una figura de diseño primitivo que se funde con el símbolo del €. La idea que se desea transmitir es que la moneda única y, por extensión, la Unión Económica y Monetaria (UEM) constituyen el último eslabón de la larga historia de la integración económica y comercial europea. Esta moneda la emiten todos los países de la zona del euro, figurando en cada caso el nombre del país emisor y la leyenda «UEM 1999-2009» en la lengua o lenguas respectivas. El diseño, elegido entre los cinco preseleccionados por ciudadanos de la Unión Europea mediante votación por Internet, es creación de George Stamatopoulos, escultor del departamento de acuñación del Banco de Grecia. En la corona circular se representan las doce estrellas de la Unión Europea.;Enero de 2009;1.000.000;Eslovenia (SLOVENIJA);;;
Eslovenia;2010;Bicentenario del jardín botánico de Liubliana;;La parte interior de la moneda representa la planta «Rebrin?evolistna Hladnikija». En la parte inferior izquierda figura su nombre «HLADNIKIA PASTINACIFOLIA» en un arco. Alrededor del motivo, formando un círculo aparece la leyenda «200 LET», «BOTANI?NI VRT», «LJUBLJANA», «SLOVENIJA 2010». En la corona circular figuran las doce estrellas de la Unión Europea.;10 de mayo de 2010;1.000.000;;;;
Eslovenia;2011;Centenario del nacimiento de Franc Rozman-Stane;;En la parte interior de la moneda figura la silueta estilizada de Franc Rozman-Stane, general del Alto Mando del ejército partisano esloveno y héroe nacional de Eslovenia. En la corona circular figuran las doce estrellas de la Unión Europea.;21 de marzo de 2011;1.000.000;;;;
Eslovenia;2012;Diez años de billetes y monedas en euros (Diseño común: Eurozona);;La parte central de la moneda, diseñada por Helmut Andexlinger, de la Fábrica de Moneda de Austria, y escogida por los ciudadanos y residentes de la zona del euro como moneda conmemorativa común de 2012, muestra el mundo en forma de símbolo del euro en el centro, aludiendo a cómo el euro se ha convertido en un verdadero actor mundial a lo largo de la última década. Los elementos que rodean al euro simbolizan su importancia para la gente corriente (representada por una familia de cuatro miembros), para el mundo de las finanzas (la Eurotower), para el comercio (un buque), para la industria (una fábrica) y la energía, para la investigación y el desarrollo (dos turbinas eólicas). Las iniciales del diseñador «A.H.» se aprecian (si se observa con mucha atención) entre el buque y la Eurotower. En los bordes superior e inferior de la parte central de la moneda figuran, respectivamente, el país emisor y los años «2002 – 2012». La moneda la emitirán todos los países de la zona del euro. En la corona circular figuran las doce estrellas de la Unión Europea.;enero de 2012;1.000.000;Eslovenia (SLOVENIJA);;;
Eslovenia;2013;800º aniversario de la primera visita a la Cueva de Postojna;;La imagen central de la moneda la constituye una espiral estilizada, que se inicia en la parte izquierda del interior con la inscripción «POSTOJNSKA JAMA • 1213 - 2013 • SLOVENIJA» y termina con dos espeleotemas estilizados. En la corona circular de la moneda figuran las doce estrellas de la Unión Europea.;04 de febrero de 2013;1.000.000;;;;
Eslovenia;2014;600 aniversario de la coronación de Barbara Celjska;;La imagen central de la moneda es el retrato de la reina Bárbara de Celje con su cetro, realizado con líneas paralelas. Sobre la imagen figuran tres estrellas de seis puntas, características de los condes de Celje. A la izquierda del retrato aparece la inscripción «SLOVENIJA» y, a la derecha, la inscripción «BARBARA CELJSKA» y los años «1414-2014». En la corona circular figuran las doce estrellas de la Unión Europea.;17 de noviembre de 2014;1.000.000;;;;
Eslovenia;2015;2000º aniversario del asentamiento romano de Emona-Liubliana ;;La imagen central de la moneda es una composición de letras que forman la palabra «EMONA» o «AEMONA» y una representación estilizada de Emona. En la parte inferior, en sentido circular, aparece la inscripción «EMONA LJUBLJANA SLOVENIJA 2015». En la corona circular de la moneda figuran las doce estrellas de la Unión Europea.;09 de noviembre de 2015;1.000.000;;;;
Eslovenia;2015;Trigésimo aniversario de la bandera de la UE (Diseño común Eurozona);;El motivo representa la bandera de la UE como símbolo que une pueblos y culturas con visiones e ideales comunes de un futuro mejor. Doce estrellas que se transforman en figuras humanas representan el nacimiento de una nueva Europa. En la parte superior derecha, en semicírculo, figura la mención del país emisor «SLOVENIJA» y los años «1985-2015». En la parte inferior derecha aparecen las iniciales del artista (Georgios Stamatopoulos). En la corona circular de la moneda figuran las doce estrellas de la Unión Europea.;07 de diciembre de 2015;1.000.000;Eslovenia (SLOVENIJA);;;
Eslovenia;2016;25º aniversario de la independencia de la República de Eslovenia;;En la parte izquierda del círculo interior figura una línea oblicua. A su derecha, en la parte superior de la moneda, aparece la inscripción «25 LET» y, debajo, la inscripción «REPUBLIKA SLOVENIJA». Debajo de ambas inscripciones se encuentra la escritura original de Prešeren del pasaje «do?ákat' dan» del himno esloveno Zdravljica. En la parte inferior del círculo interior aparece el año «2016». En la corona circular figuran las doce estrellas de la bandera europea.;20 de junio de 2016;1.000.000;;;;
Eslovenia;2017;10º aniversario del euro en Eslovenia;;El motivo muestra diez golondrinas que forman un círculo. En la mitad inferior, en semicircunferencia, figura la inscripción «10 LET SKUPNE EVROPSKE VALUTE», mientras que en la parte superior izquierda se lee la inscripción «SLOVENIJA 2017». Entre ambas inscripciones está grabado un punto. En la corona circular de la moneda figuran las doce estrellas de la Unión Europea.;02 de febrero de 2017;1.000.000;;;;
Eslovenia;2018;Día Mundial de las Abejas;;En el centro del anillo interior de la moneda aparece la imagen de un panal en forma de globo terráqueo en el que se muestra el hemisferio oriental. Alrededor del panal, en el lado superior izquierdo, figura la inscripción «SVETOVNI DAN ?EBEL», y en la parte inferior derecha, la inscripción «SLOVENIJA 2018». En la corona circular de la moneda figuran las doce estrellas de la Unión Europea.;14 de mayo de 2018;1.000.000;;;;
Eslovenia;2019;I Centenario de la fundación de la Universidad de Liubliana;;El logotipo de la Universalidad de Liubliana es el centro del diseño. En el lado izquierdo, se sustituye la fachada de la universidad, que normalmente aparece encima del cuadrado sólido en el logotipo, por la inscripción «100 LET UNIVERZE V LJUBLJANI». El fondo del diseño está texturizado para lograr un mayor impacto de la inscripción y del cuadrado sólido. En la parte inferior de la derecha aparece la inscripción «SLOVENIJA 2019». En la corona circular de la moneda figuran las doce estrellas de la bandera europea.;25 de noviembre de 2019;1.000.000;;;;
Eslovenia;2020;V centenario del nacimiento de Adam Bohori?;;En el núcleo del diseño figura un lema multilingüe procedente de la portada de la gramática latín – esloveno de Bohori? titulada «Proste zimske urice». El lema en esloveno, escrito en bohori?ica o alfabeto Bohori? (tipo de escritura que lleva el nombre de Adam Bohori?), fácilmente reconocible por su letra «f» característica, aparece en la mitad inferior del núcleo de la moneda. Detrás está inscrita su versión en latín, lo que representa la contribución de Bohori? a la esfera académica internacional. En la parte superior del diseño, dibujando un semicírculo, figura la inscripción «ADAM BOHORI?1520/SLOVENIJA 2020». En la corona circular de la moneda figuran las doce estrellas de la bandera europea.;23 de diciembre de 2020;1.000.000;;;;
Eslovenia;2021;Bicentenario de la fundación del Museo Regional de Carniola, el primer museo de Eslovenia;;El motivo se inspira en las franjas decorativas que figuran en el Va?e Situla (vaso de bronce de la Edad de Hierro), uno de los más bellos objetos artísticos de este tipo de arte. Estas franjas son un símbolo gráfico de la estratificación histórica que el museo conserva para las generaciones futuras. El motivo representa las etapas de la historia del museo con nombres diferentes a lo largo de sus 200 años de historia. Los nombres están dispuestos de la misma forma que si estuvieran escritos en el Va?e Situla. El motivo incluye el nombre del país, «SLOVENIJA», y el año de emisión, «2021». En la corona circular de la moneda figuran las doce estrellas de la bandera europea.;25 de octubre de 2021;1.000.000;;;;
Eslovenia;2022;150º aniversario del nacimiento del arquitecto Jože Ple?nik;;"El motivo representa un detalle del amplio ventanal de la sala de lectura de la Biblioteca Nacional y Universitaria, frente a la que se levanta una columna central. Se completa con una composición de las letras A R H. P L E ? N I K. Estas letras están integradas en la ventana en ese orden exacto y pueden leerse metafóricamente como la firma del arquitecto, que en realidad se muestra en su propio trabajo. Las letras se insertan en los huecos de las ventanas y pueden entenderse (en el lenguaje del arquitecto Ple?nik) como intervenciones arquitectónicas espaciales —a modo de énfasis—, inscritas en la fachada o como figuras geométricas. Toda la composición sugiere una idea de espacio que refleja la riqueza de ideas del arquitecto. Aquella está centrada en la columna principal, que tiene el cometido de delimitar el espacio de la moneda y fijar la proporción exterior-interior o fachada-contrafachada, uno de los gestos habituales de Ple?nik a la hora de diseñar espacios. Con ello, la composición se convierte en una miniatura espacial (un espacio dentro de otro), multidimensional y mística. En la parte inferior figura la inscripción «JOŽE PLE?NIK»; a la izquierda, verticalmente, el año «1872»; a la derecha, verticalmente también, el país de emisión «SLOVENIJA» y, debajo, el año de emisión «2022». En la corona circular de la moneda figuran las doce estrellas de la bandera europea.";02 de marzo de 2022;1.000.000;;;;
Eslovenia;2022;35 años del programa Erasmus (Diseño común Eurozona);;El diseño es una combinación de dos elementos fundamentales del programa Erasmus: la inspiración intelectual original, el propio Erasmus, y la alegoría de su influencia en Europa. El primero se simboliza por una de las representaciones más conocidas de Erasmus. El segundo se simboliza por un haz de enlaces que cruzan la moneda de una baliza a otra, en representación de los numerosos intercambios intelectuales y humanos entre los estudiantes europeos. Como referencia a Europa, algunos de estos enlaces forman otras estrellas, derivadas de la sinergia entre los países. El número 35, por el 35.º aniversario, surge de las estrellas en un estilo gráfico moderno. En la corona circular de la moneda figuran las doce estrellas de la bandera europea.;01 de Julio de 2022;1.000.000;;;;
Eslovenia;2023;150 aniversario del nacimiento de Josip Plemelj (matmático y astrónomo);;El motivo muestra partes de la ecuación que Josip Plemelj fue la primera persona en el mundo en resolver. Los números y símbolos rotan en circunferencias que representan la rotación de los planetas y el movimiento en el espacio, conformando un todo de elementos individuales irresolubles. De este modo, el motivo muestra los dos campos de trabajo de Josip Plemelj: matemáticas y astronomía. La inscripción «JOSIP PLEMELJ 1873», el nombre del país emisor, «SLOVENIJA», y el año de emisión, «2023», están integrados en el motivo. En la corona circular de la moneda figuran las doce estrellas de la bandera europea.;19 de diciembre de 2023;1.000.000;"El diseño de esta esta nueva moneda de 2 euros conmemorativa nace de un concurso de diseño convocado por el Banco de Eslovenia y ganado por el Studio ?uk, Jasna ?uk Kolav?i? sp.
Esto es lo que explica su diseñador sobre la moneda y el personaje: «Josip Plemelj estaba especialmente dotado para las matemáticas, pero también le interesaba la astronomía, sobre todo la mecánica celeste. Sus investigaciones se centraron en las ecuaciones diferenciales e integrales. Su mayor éxito fue la solución del problema de Riemann«.
«El diseño conceptual de la moneda muestra partes de la ecuación que fue el primero del mundo en resolver. Números y símbolos giran en círculos que visualizan la rotación de los planetas, el movimiento en el espacio y, al mismo tiempo, la unión de elementos individuales irresolubles para formar un todo. Queríamos ilustrar vívidamente los dos campos de trabajo e investigación de Plemelj: las matemáticas y la astronomía«.
";;;
Eslovenia;2024;250º Aniversario de la Biblioteca Nacional y Universitaria de Eslovenia;;"El diseño de esta nueva moneda ha salido de un concurso de diseño convocado para la ocasión, en el que se eligió el presentado por Mojca Mlinar y Dominik Košak.
Según los autores, la moneda representa la manivela ligeramente inclinado de la puerta de la Biblioteca Nacional y Universitaria con un Pegaso. Pegaso es una criatura mitológica alada con forma de caballo y que simbólicamente guía a los visitantes de la biblioteca hacia el mundo del conocimiento.";;1.000.000;"Dicha biblioteca, conocida en Eslovenia como «Narodna in univerzitetna knjižnica» y construida entre 1936-1941 por el famoso arquitecto Jože Ple?nik, fue establecida en el centro de Ljubljana en 1774.
La Biblioteca Nacional y Universitaria de Eslovenia (Narodna in univerzitetna knjižnica, NUK), celebra en 2024 su 250 aniversario. Este importante hito conmemora su papel fundamental en la preservación, difusión y enriquecimiento del patrimonio cultural y académico de Eslovenia.
Fundada en 1774, durante el periodo de reformas de la emperatriz María Teresa de Austria, la institución surgió inicialmente como biblioteca pública en el contexto del Imperio Habsburgo. Desde sus inicios, su misión ha sido reunir, conservar y poner a disposición del público los tesoros literarios e intelectuales del país.
El edificio actual de la biblioteca, ubicado en Liubliana, es una obra maestra del arquitecto Jože Ple?nik, inaugurada en 1941. Este espacio no solo alberga millones de libros y manuscritos históricos, sino que también es un ícono arquitectónico que simboliza la conexión entre el conocimiento y la identidad cultural eslovena. Su diseño, marcado por elementos clásicos y modernos, refleja la rica historia de Eslovenia y su visión hacia el futuro.
Está encargada de recopilar, proteger y permitir el uso del material nacional bibliotecario, además de proporcionar apoyo al resto de bibliotecas y al propio sistema bibliográfico nacional. Dentro de Eslovenia, esta institución cultural y educativa es de las más importantes del país.
Durante el año 2011 la biblioteca contaba con unos 1.307.000 libros, 8.700 manuscritos y otros recursos visuales y de texto, además de estar suscrita, en 2010, a más de 7.900 publicaciones.
Aunque debido a problemas importantes de espacio se construirá un nuevo edificio en las inmediaciones de la biblioteca que la adaptará también a la nueva era digital e integrará los restos arqueológicos de la zona.
Hoy en día, la biblioteca no solo sirve a estudiantes y académicos de la Universidad de Liubliana, sino que también actúa como el principal archivo nacional del país. En su acervo se encuentran manuscritos medievales, incunables y una vasta colección de obras que documentan la evolución de la lengua y literatura eslovena. Además, su digitalización y acceso en línea están ampliando las posibilidades de investigación y preservación del conocimiento.
Al cumplir 250 años, la NUK reafirma su compromiso con la educación, la investigación y la preservación cultural. Su historia no solo refleja la evolución de Eslovenia como nación, sino también la importancia universal de las bibliotecas como guardianas del saber humano.";;;
Eslovenia;2025;Centenario del nacimiento de Miki Muster;;;26 de Noviembre de 2025;1.000.000;"La moneda, obra del autor  Robert Žvokelj , celebra la figura de este gigante de la cultura popular eslovena, destacando a sus personajes de cómic más icónicos: Trdonja, Zvitorepec y Lakotnik. El diseño captura la esencia de cada uno de ellos: la terquedad de Trdonja, la astucia de Zvitorepec y el hambre insaciable de Lakotnik.
La acuñación de esta pieza ha sido realizada por la Imprensa Nacional Casa da Moeda SA, Portugal.
Miki Muster (1925-2018) fue una figura fundamental en el desarrollo del cómic y la animación en Eslovenia. Su legado artístico abarca la escultura, la ilustración, la tira cómica y, de manera muy destacada, la animación.";;;
Eslovenia;2026;150 Aniversario del nacimiento de Ivan Cankar;;;;??;Ivan Cankar (1876–1918) es considerado una de las figuras literarias más influyentes de Eslovenia. Escritor, dramaturgo y ensayista, su obra abordó temas de justicia social, identidad nacional y lucha moral. La emisión de esta moneda no solo celebra su legado, sino que también lo proyecta hacia el futuro como símbolo de la cultura eslovena.;;;
Eslovenia;2026;Tren?ín, Capital Europea de la Cultura 2026. ;;"La descripción oficial del diseño es minuciosa. Al centro destaca la silueta estilizada del Castillo de Tren?ín, símbolo absoluto de la ciudad. La artista Klára Fojt?, autora del diseño, lo utiliza como eje alrededor del cual se despliegan varios iconos culturales: una paleta con pincel, una cámara cinematográfica y las máscaras teatrales clásicas. Cada elemento suma una capa diferente del mundo artístico que Tren?ín pretende mostrar al resto de Europa durante su año como capital cultural.
El nombre TREN?ÍN aparece integrado en la composición, junto al año 2026. También encontramos la marca de la histórica Ceca de Kremnica, representada por las letras MK entre dos cuños, una firma que desde el siglo XIV acompaña las emisiones monetarias del territorio eslovaco.
En la parte inferior de la moneda figura la leyenda «EURÓPSKE HLAVNÉ MESTO KULTÚRY» (“Capital Europea de la Cultura”), y en la superior, el nombre del país: SLOVENSKO. El anillo exterior mantiene las doce estrellas de la Unión Europea.
Incluso el canto está personalizado: lleva grabado «SLOVENSKÁ REPUBLIKA» entre dos estrellas y una pequeña hoja de tilo, uno de los símbolos nacionales de Eslovaquia.";;1.000.000;"La elección de Tren?ín para ostentar el título es, en sí misma, un reconocimiento a la fuerza cultural de esta ciudad histórica. Situada al oeste de Eslovaquia y coronada por un imponente castillo medieval, Tren?ín lleva años apostando por la creatividad, las artes y la revitalización urbana. La emisión de una moneda especial amplifica este mensaje y convierte la celebración en algo tangible y cotidiano.
Para Eslovaquia, la moneda representa una oportunidad de destacar su patrimonio y su escena creativa. Para la Unión Europea, es un recordatorio de cómo la cultura puede unir a países diversos, convirtiéndose en un lenguaje común. ";;;
Eslovenia;2027;Centenario del nacimiento de An?ka Gošnik Godec;;"En la cara nacional de la moneda, la gata aparece de cuerpo entero, ataviada con su vestido y representada con el trazo sencillo y expresivo de la ilustración original. No se ha recurrido a una reinterpretación realista del personaje, sino que se ha conservado deliberadamente su aspecto de dibujo infantil. Una línea vertical divide el núcleo en dos espacios, aunque la figura atraviesa esa separación y ocupa buena parte de la composición. A la izquierda se distribuye en cuatro líneas la inscripción: AN?KA GOŠNIK GODEC 1927
En la zona superior derecha, siguiendo la curvatura del núcleo, aparece la leyenda SLOVENIJA 2027. En el anillo exterior se sitúan las doce estrellas de la Unión Europea. El diseño es de Daniela Vidmar Podboj y Tomaž Podboj.";;;Su diseño reproduce a Muca Copatarica, personaje del conocido cuento infantil escrito por Ela Peroci y publicado en 1957 con ilustraciones de An?ka Gošnik Godec. La obra se ha convertido con el paso de las décadas en uno de los relatos infantiles más populares de Eslovenia, hasta el punto de que la imagen de su protagonista forma parte de la memoria visual de varias generaciones.;;;
Eslovenia;2007;Cara Nacional 2€;;La moneda de 2€ reproduce el perfil del poeta France Prešeren y la leyenda «Shivé naj vsi naródi» (Dios bendiga a todas las naciones), verso de su poema «Zdravljica», incluido en la letra del himno nacional esloveno. Grabado del canto (virola) de la moneda de 2€: SLOVENIJA seguida de un punto grabado.;01 de enero de 2007;Indefinido;;;;
España;2005;IV centenario de la primera edición de la obra de Miguel de Cervantes «El ingenioso hidalgo don Quijote de la Mancha»;imagenes/espana-2005-quijote.jpg;En el centro de la moneda figura la imagen de don Quijote, armado con una lanza, y molinos de viento al fondo. A la izquierda aparece la palabra «ESPAÑA» y, debajo de esta, la marca de la Fábrica la Moneda, «M». En el anillo exterior de la moneda están representadas las doce estrellas de la Unión Europea, cuatro de ellas impresas en la superficie. El año de acuñación aparece en la parte inferior.;Abril de 2005;8.000.000;;;;
España;2007;Quincuagésimo aniversario del Tratado de Roma (Diseño común Eurozona);imagenes/espana-2007-tratado-roma.jpg;En el centro de la moneda se representa el documento del Tratado firmado por los seis países fundadores, sobre un fondo que imita el pavimento diseñado por Miguel Ángel para la Piazza del Campidoglio de Roma, en la que tuvo lugar la firma el 25 de marzo de 1957. El nombre del país emisor y las leyendas «TRATADO DE ROMA 50 AÑOS» y «EUROPA» aparecen en latín o en el idioma o idiomas de dicho país de la zona del euro. Así pues, la inscripción varía según el país, aunque la imagen es la misma. El Tratado de Roma estableció la Comunidad Económica Europea, iniciando así un proceso que condujo a la introducción del euro en 1999 y de los billetes y monedas en euros en el 2002. Para celebrar el aniversario del Tratado, el 25 de marzo de 2007, los países miembros de la zona del euro han decidido emitir de forma conjunta esta moneda, cuyo diseño resultó elegido en un concurso organizado por las fábricas de moneda europeas. En el anillo exterior de la moneda están representadas las doce estrellas de la Unión Europea.;Marzo de 2007;8.000.000;España (ESPAÑA);;;
España;2009;Décimo aniversario de la Unión Económica y Monetaria (Diseño común Eurozona);imagenes/espana-2009-aniversario-union-economica.jpg;En la moneda puede verse una figura de diseño primitivo que se funde con el símbolo del €. La idea que se desea transmitir es que la moneda única y, por extensión, la Unión Económica y Monetaria (UEM) constituyen el último eslabón de la larga historia de la integración económica y comercial europea. Esta moneda la emiten todos los países de la zona del euro, figurando en cada caso el nombre del país emisor y la leyenda «UEM 1999-2009» en la lengua o lenguas respectivas. El diseño, elegido entre los cinco preseleccionados por ciudadanos de la Unión Europea mediante votación por Internet, es creación de George Stamatopoulos, escultor del departamento de acuñación del Banco de Grecia. En la corona circular se representan las doce estrellas de la Unión Europea.;Enero de 2009;8.000.000;España (ESPAÑA);;;
España;2010;Bienes y lugares inscritos en la lista del Patrimonio Mundial y Cultural de la Humanidad de la UNESCO: Centro histórico de Córdoba;imagenes/espana-2010-unesco-cordoba.jpg;La moneda conmemora la inclusión en la lista del patrimonio mundial de la UNESCO del primer sitio español, el centro histórico de Córdoba, en 1984. En la moneda figura el «bosque de columnas» de la Gran Mezquita Catedral de Córdoba, uno de los más antiguos y mejores ejemplos del arte islámico en Europa. La mezquita se construyó entre los siglos VIII y X, más tarde se consagró como catedral cristiana y fue sometida a sucesivas transformaciones. Esta es la primera de una nueva serie de monedas dedicadas a los sitios españoles incluidos en la lista del patrimonio mundial de la UNESCO, que se emitirán cada año a partir de 2010. En la corona circular figuran las doce estrellas de la Unión Europea.;29 de enero de 2010;4.000.000;"La moneda conmemorativa de 2 euros de España de 2010 está dedicada al Centro Histórico de Córdoba. En 1984, la Mezquita se convirtió en el primer sitio español nombrado Patrimonio de la Humanidad, honor que fue ampliado a todo el casco antiguo diez años más tarde.
El inicio de la construcción de la Mezquita-Catedral de Córdoba data del año 786, y fue ampliada sucesivamente hasta alcanzar los 23 400 metros cuadrados, convirtiéndose en la segunda mezquita más grande del mundo tras la de La Meca. Fue reconvertida en Catedral en 1238 durante la Reconquista. Hoy en día, es uno de los símbolos de la arquitectura hispanomusulmana.
El Centro Histórico de Córdoba se extiende a toda la superficie cercada por las murallas de la ciudad. Además de la Mezquita, el casco antiguo inluye monumentos como el Palacio Episcopal, la Sinagoga, el Antiguo Hospital de San Sebastián, el Puente Romano o los Baños Califales.";;;
España;2011;Bienes y lugares inscritos en la lista del Patrimonio Mundial y Cultural de la Humanidad de la UNESCO: Patio de los Leones, Granada.;imagenes/espana-2011-unesco-granada..jpg;La parte interior de la moneda representa el Patio de los Leones de la Alhambra de Granada, fortaleza declarada patrimonio mundial de la UNESCO en 1984. En la corona circular figuran las doce estrellas de la Unión Europea.;20 de febrero de 2011;8.000.000;"La moneda conmemorativa de 2 euros de España de 2011 está dedicada a la Alhambra de Granada. Fue inscrita como Patrimonio de la Humanidad de la UNESCO en 1984.
La Alhambra es un conjunto monumental compuesto de jardines, fortalezas, palacios y templos de culto construído a finales del siglo XII para alojar a la Familia Real del Reino nazarí de Granada.
El complejo es el máximo exponente de la arquitectura y el arte andalusí. Hoy en día acoge un museo sobre ese tipo de arte, una pinacotes y un Parador Nacional. Es el segundo monumento más visitado de España tras la Sagrada Familia.
La moneda tiene como motivo al Patio de los Leones, centro del palacio del mismo nombre. De forma oblonga, mide 35 metros de largo y 20 de ancho, y está rodeado por unos soportales con 124 columnas de mármol blanco.";;;
España;2012;Bienes y lugares inscritos en la lista del Patrimonio Mundial y Cultural de la Humanidad de la UNESCO: Catedral de Burgos ;imagenes/espana-2012-unesco-burgos .jpg;La parte central de la moneda muestra la catedral de Santa María de Burgos, famosa por su gran tamaño y originalidad arquitectónica. Su construcción comenzó en 1221 y, nueve años después, ya se utilizaba como lugar de culto, aunque las obras prosiguieron con carácter intermitente hasta 1567. Su estilo es predominantemente gótico francés, con elementos renacentistas incorporados en los siglos XV y XVI. El nombre del país emisor «ESPAÑA» figura en la parte superior izquierda y, en la derecha, el año «2012». La marca de ceca (una M rematada con una corona) aparece a la derecha. En la corona circular figuran las doce estrellas de la Unión Europea.;03 de febrero de 2012;8.000.000;"La moneda conmemorativa de 2 euros de España de 2012 está dedicada a la Catedral de Burgos, que fue inscrita como Partimonio de la Humanidad de la UNESCO el 31 de octubre de 1984.
La construcción de la Santa Iglesia Catedral Basílica de Santa María de Burgos -nombre oficial del templo- se inició en 1221. Sin embargo, sufrío grandes modificaciones en los siglos XIV y XV: las características que dotan a la Catedral con su inconfundible perfil, como las espiras de las torres o el cimborrio, datan de ésta época. Son obra del arquitecto alemán Juan de Colonia, probablemente el más importante de los muchísimos constructores que han dejado su impronta en el diseño del templo a lo largo de los siglos.
La Catedral de Burgos constituye uno de los ejemplos más importantes de la arquitectura de estilo gótico de la Península Ibérica.";;;
España;2012;Diez años de billetes y monedas en euros (Diseño común: Eurozona);imagenes/espana-2012-diez-años-euros.jpg;La parte central de la moneda, diseñada por Helmut Andexlinger, de la Fábrica de Moneda de Austria, y escogida por los ciudadanos y residentes de la zona del euro como moneda conmemorativa común de 2012, muestra el mundo en forma de símbolo del euro en el centro, aludiendo a cómo el euro se ha convertido en un verdadero actor mundial a lo largo de la última década. Los elementos que rodean al euro simbolizan su importancia para la gente corriente (representada por una familia de cuatro miembros), para el mundo de las finanzas (la Eurotower), para el comercio (un buque), para la industria (una fábrica) y la energía, para la investigación y el desarrollo (dos turbinas eólicas). Las iniciales del diseñador «A.H.» se aprecian (si se observa con mucha atención) entre el buque y la Eurotower. En los bordes superior e inferior de la parte central de la moneda figuran, respectivamente, el país emisor y los años «2002 – 2012». La moneda la emitirán todos los países de la zona del euro. En la corona circular figuran las doce estrellas de la Unión Europea.;enero de 2012;4.000.000;España (ESPAÑA);;;
España;2013;Bienes y lugares inscritos en la lista del Patrimonio Mundial y Cultural de la Humanidad de la UNESCO: Real Monasterio de San Lorenzo de El Escorial.;imagenes/espana-2013-unesco-escorial.jpg;La parte central de la moneda muestra una vista del monasterio de San Lorenzo de El Escorial. En el borde superior figura el nombre del país emisor «ESPAÑA» en letras mayúsculas, con el año de emisión «2013» a la derecha, sobre la marca de ceca. En la corona circular de la moneda figuran las doce estrellas de la Unión Europea.;1 de marzo de 2013;8.000.000;"La moneda conmemorativa de 2 euros de España 2013 está dedicada al Real Monasterio de San Lorenzo del Escorial, que fue declarado Patrimonio de la Humanidad de la UNESCO el 2 de noviembre de 1984.
Situado en una de las laderas del monte Abantos, cerca de Madrid, el Escorial fue construído entre 1563 y 1584 por orden de Felipe II. En una superficie de 33.327 metros cuadrados, este complejo de arquitectura renacentista alberga un palacio real, una basílica, un panteón, una biblioteca, un colegio y un monasterio.
La construcción del Escorial fue ordenada por dos grandes motivos. el primero es la celebración de la victoria española en la Batalla de San Quintín contra el ejército francés, que tuvo lugar el 10 de agosto de 1557, día de San Lorenzo. La segunda es el deseo del Emperador Carlos I de España y V de Alemania de ser enterrado en un edificio nuevo. Hoy en día, ejerce de panteón de los Reyes de España y de las reinas consortes que hayan sido madre de rey.
Hoy en día es uno de los monumentos más visitados de España, con más de medio millon de visitantes anuales.";;;
España;2014;Bienes y lugares inscritos en la lista del Patrimonio Mundial y Cultural de la Humanidad de la UNESCO: Parque Güell;imagenes/espana-2014-unesco-parqueguell.jpg;El centro de la moneda muestra en primer plano el emblema del parque Güell, una escultura en forma de lagarto diseñada por el arquitecto Antoni Gaudí. Al fondo, aparece un detalle de uno de los pabellones situados a la entrada del parque. En la parte superior, en sentido circular y en mayúsculas las palabras «ESPAÑA» y «PARK GÜELL — GAUDÍ». A la izquierda, el año de emisión «2014», y a la derecha, la marca de ceca. En la corona circular figuran las doce estrellas de la Unión Europea.;17 de marzo de 2014;8.000.000;"Esta moneda conmemorativa de 2 euros de España de 2014 está dedicada al Park Güell, obra del arquitecto Antonio Gaudí, que fue declarado Patrimionio de la Humanidad en 1984 junto a sus otras obras en Barcelona o alrededores.
El Park Güell, situado en la ladera sur del Monte Carmelo de la sierra de Collserola, fue construído entre 1900 y 1914, aunque no fue hasta 1926 cuando se inauguró como parque público. Debe su nombre al empresario Eusebi Güell, amigo personal del arquitecto Antonio Gaudí, que es el máximo exponente del modernismo catalán.
Güell le encargó a Gaudí el diseño y construcción de una urbanización al estilo de las ciudades-jardín inglesas. Gaudí, con un marcado estilo naturalista, comenzó por el diseño de las zonas comunes, a la vez que construyó una casa de muestra, que hoy es la Casa-Museo Gaudí. El proyecto pronto se antojó un fracaso comercial, ya que los barceloneses lo encontraron caro y demasiado alejado de la ciudad, pero las zonas comunes sí se convirtieron en un atractivo turístico, por lo que la construcción siguió adelante hasta 1914, cuando estalló la Primera Guerra Mundial.
Tras la muerte de Güell, la familia vendió el parque al Ayuntamiento de Barcelona, que lo abrió al público el 26 de abril de 1926. En 1969 el parque Güell fue nombrado Monumento Histórico-Artístico de Carácter Nacional y, en 1984, la UNESCO lo incluyó dentro del Lugar Patrimonio de la Humanidad ""Obras de Antoni Gaudí"".";;;
España;2014;Cambio en la jefatura del Estado, Proclamación del rey Felipe VI;imagenes/espana-2014-cambio-jefatura-estado.jpg;El centro de la moneda muestra los retratos superpuestos de los reyes Felipe VI y Juan Carlos I. En la parte inferior figuran el nombre del país emisor y el año de emisión: «ESPAÑA — 2014». A la derecha aparece la marca de ceca. En la corona circular figuran las doce estrellas de la Unión Europea.;15 de diciembre de 2014;12.000.000;;;;
España;2015;Bienes y lugares inscritos en la lista del Patrimonio Mundial y Cultural de la Humanidad de la UNESCO: Cueva de Altamira;imagenes/espana-2015-unesco-altamira.jpg;La imagen muestra, en primer plano, un bisonte pintado en la cueva de Altamira (Cantabria). En la parte superior, en semicírculo y en mayúsculas, figura la palabra «ESPAÑA». A la derecha, aparece la marca de ceca y, en la parte inferior, el año de emisión «2015». En la corona circular de la moneda figuran las doce estrellas de la Unión Europea.;02 de febrero de 2015;8.000.000;"Esta moneda conmemorativa de 2 euros de España de 2015 a la Cueva de Altamira, que fue declarada Patrimonio de la Humanidad de la UNESCO el 6 de diciembre de 1985.
La Cueva de Altamira está situada a escasos kilómetros del pueblo de Santillana del Mar (Cantabria). Su Gran Sala contiene uno de los conjuntos pintóricos rupestres más importantes de la era prehistórica paleolítica, que se cree que datan de entre los años 18000 y 12000 antes de Cristo. Las pinturas, realizadas en diferentes periodos, representan animales, en su mayor parte bisontes, ciervos, caballos y toros. Destaca el ""Bisonte Encogido"", representado en la moneda.
La Cueva fue descubierta en 1868 por un tejedor de la zona llamado Modesto Cubillas, y estudiadas desde 1875 por el antropólogo Marcelino Sanz de Sautola, aunque las pinturas no se descubrieron hasta 1879.
En 2008, la declaración de Patrimonio de la Humanidad de la UNESCO fue ampliada para incluir a otras 17 cuevas de la cornisa cantábrica en las que también hay una gran presencia de pinturas rupestres paleolíticas.";;;
España;2015;Trigésimo aniversario de la bandera de la UE (Diseño común Eurozona);imagenes/espana-2015-30-aniversario-bandera-ue.jpg;El motivo representa la bandera de la UE como símbolo que une pueblos y culturas con visiones e ideales comunes de un futuro mejor. Doce estrellas que se transforman en figuras humanas representan el nacimiento de una nueva Europa. En la parte superior derecha, en semicírculo, figura la mención del país emisor «ESPAÑA» y los años «1985-2015». En la parte inferior derecha aparecen las iniciales del artista (Georgios Stamatopoulos). En la corona circular de la moneda figuran las doce estrellas de la Unión Europea.;27 de noviembre de 2015;4.000.000;España (ESPAÑA);;;
España;2016;Bienes y lugares inscritos en la lista del Patrimonio Mundial y Cultural de la Humanidad de la UNESCO: Acueducto de Segovia;imagenes/espana-2016-unesco-segovia.jpg;El motivo muestra en primer plano el acueducto de Segovia. En la parte superior del círculo interior, y siguiendo la forma circular de la moneda, figura el nombre del país emisor «ESPAÑA» y, debajo, el año de emisión «2016». En la parte superior derecha, la marca de ceca. En la corona circular de la moneda figuran las doce estrellas de la bandera europea.;29 de febrero de 2016;8.000.000;"La moneda conmemorativa de 2 euros de España de 2016 al Acueducto de Segovia, que fue declarado Patrimonio de la Humanidad de la UNESCO el 6 de diciembre de 1985 junto al resto de la Ciudad Antigua de la urbe castellana.
El Acueducto data de la época romana, pero sus fechas exactas de construcción son desconocidas. Sin embargo, se cree que fue erigido a principios del siglo II, bajo mandato de los Emperadores Trajano y Adriano. Su función original era la de transportar agua procedente del Río Frío, a unos 17 kilómetros de distancia de la ciudad.
La parte más conocida del Acueducto, y la que figura en la moneda, son sus arquerías. En su parte más alta, miden 28,5 metros de altura. Sin embargo, el Acueducto también tiene un sistema de canalización a ras de suelo y varios edificios desarenadores.";;;
España;2017;Bienes y lugares inscritos en la lista del Patrimonio Mundial y Cultural de la Humanidad de la UNESCO: Iglesias y monumentos del Reino de Asturias, Santa Maria del Naranco;imagenes/espana-2017-unesco-naranco.jpg;El motivo representa la iglesia de Santa María del Naranco en primer plano. En la parte superior del círculo interior y en sentido circular aparecen el nombre del país emisor, «ESPAÑA», y, debajo, a la derecha, el año de emisión, «2017». En la parte izquierda del círculo interior se aprecia la marca de ceca. En la corona circular de la moneda figuran las doce estrellas de la Unión Europea.;06 de febrero de 2017;4.000.000;"La moneda conmemorativa de 2 euros de España de 2017 está dedicada a la Iglesia de Santa María del Naranco, que fue declarada Patrimonio de la Humanidad de la UNESCO el 6 de diciembre de 1985 junto al resto de Monumentos de Oviedo y del Reino de Asturias.
La Iglesia de Santa María del Naranco se encuentra a unos 4 kilómetros de Oviedo, situado en una ladera del Monte Naranco. Se construyó por orden del Rey de Asturias Ramiro I, siendo completado en el año 842.
Con unas medidas de 21 metros de largo por 6 de ancho y de un marcado estilo prerrománico, su función original era ejercer de salón del trono en el complejo palaciego de Ramiro I. No se sabe a ciencia cierta cuándo fue transformado en templo de culto, pero las primeras referencias al edificio como Iglesia comienzan a aparecer en el año 1150.
Hoy en día, Santa María del Naranco es uno de los monumentos más visitados de Asturias.";;;
España;2018;Bienes y lugares inscritos en la lista del Patrimonio Mundial y Cultural de la Humanidad de la UNESCO: Casco antiguo de Santiago de Compostela;imagenes/espana-2018-unesco-santiago-compostela.jpg;"En 1985, la ciudad de Santiago de Compostela fue declarada por la UNESCO Patrimonio Cultural de la Humanidad en razón de su belleza urbana e integridad monumental, que se suman a los profundos ecos de su importancia espiritual y cultural que se extienden desde la Edad Media: el Camino de Santiago.
El Camino de Santiago es una vasta red de ancestrales rutas de peregrinación que atraviesan Europa y tienen su destino final en la tumba del apóstol Santiago en la ciudad de Santiago de Compostela, situada en el noroeste de España.
El diseño reproduce la escultura de Santiago, figura central del pórtico de la Puerta Santa de la catedral de Santiago de Compostela. A la izquierda, en semicírculo, figura la palabra «ESPAÑA», en la parte inferior izquierda, el año de emisión, «2018», y debajo, la marca de ceca. En la corona circular de la moneda figuran las doce estrellas de la Unión Europea.";07 de febrero de 2018;300.000;"La moneda conmemorativa de 2 euros de España de 2018 está dedicada a la Ciudad Vieja de Santiago de Compostela, que fue declarada Patrimonio de la Humanidad de la UNESCO el 6 de diciembre de 1985.
Santiago de Compostela es, desde el siglo IX, uno de los centros de peregrinaje más importantes del mundo católico junto con Jerusalén y Roma. Hoy en día, miles de peregrinos acuden anualmente a Compostela a ver la tumba del Apóstol Santiago, localizada en la Catedral de la ciudad. El motivo de la moneda es, precisamente, la escultura del Apóstol situada sobre la Puerta Santa del templo.
El Pórtico de la Gloria, obra cumbre de la escultura románica, y la fachada principal de la Catedral están situadas en la Plaza do Obradoiro, la principal de la ciudad vieja compostelana. En esa plaza también están el Hospital Real (hoy un Parador Nacional), el Pazo de Raxoi, sede del ayuntamiento, y el Colegio de San Jerónimo, que hoy acoge el rectorado de la Universidad de Santiago, y el Pazo de Xelmirez, hoy museo de la Catedral.
Además,y fuera del Obradoiro, la ciudad vieja de Santiago está llena de plazas y edificaciones sobresalientes, como las Platerías, el Mercado de Abastos, el Monasterio de San Martín Pinario, la Quintana, la Casa del Cabildo, o el Monasterio de San Francisco.";;;
España;2018;50º aniversario del rey FELIPE VI;imagenes/espana-2018-50-aniversario-felipe.jpg;El diseño reproduce el escudo de armas del rey Felipe VI. A la izquierda, en semicírculo, aparece la palabra «ESPAÑA» y debajo el año de emisión, «2018». En la parte inferior derecha, en semicírculo, figura la inscripción «50 ANIVERSARIO DE S.M. FELIPE VI». La marca de ceca figura en la parte superior derecha. En la corona circular de la moneda figuran las doce estrellas de la Unión Europea.;07 de febrero de 2018;400.000;;;;
España;2019;Bienes y lugares inscritos en la lista del Patrimonio Mundial y Cultural de la Humanidad de la UNESCO: La ciudad vieja de Ávila y sus iglesias extramuros;imagenes/espana-2019-unesco-avila.jpg;La ciudad de Ávila ha preservado la austeridad y la pureza del estilo medieval rodeada por las murallas más completas que existen en España. El motivo reproduce, en el centro de la moneda, un detalle de las murallas de Ávila. En la parte superior, siguiendo un sentido circular descendente, la palabra «ESPAÑA», el año de emisión «2019» y la marca de ceca. En la corona circular de la moneda figuran las doce estrellas de la bandera europea.;20 de febrero de 2021;1.000.000;"La moneda conmemorativa de 2 euros de España de 2018 está dedicada a la Ciudad Vieja de Ávila y a sus Iglesias Extramuros, que fueron declaradas Patrimonio de la Humanidad de la UNESCO el 6 de diciembre de 1985. Como representación del motivo en la moneda, se escogieron las Murallas de Ávila.
Aunque ya existieron asentamientos amurallados en el territorio de la actual Ávila desde la época romana, las murallas actuales fueron edificadas en la Edad Media, comenzando su construcción en el año 1090 por orden de Alfonso VI de Castilla, y tomando su forma actual a lo largo del siglo XII. Su permíetro mide 2.515 metros, y tienen una altura de 3 metros y un espesor de 12. Tiene 9 puertas, destacando entre ellas la Puerta del Alcázar.
La muralla servía para defender la ciudad de Ávila de ataques militares, especialmente su ciudad vieja, que data de la época romana y que aún conserva los trazados y urbanismo típico de la era, con dos calles principales que se intersectan en el centro formando una plaza.";;;
España;2020;Bienes y lugares inscritos en la lista del Patrimonio Mundial y Cultural de la Humanidad de la UNESCO: Aragón y la arquitectura mudéjar aragonesa;imagenes/espana-2020-unesco-mudejar.jpg;El motivo muestra la imagen de la torre de El Salvador de Teruel. En el lado izquierdo, en letras mayúsculas, figura la inscripción «ESPAÑA», en el lado derecho, la marca de ceca y, debajo, el año de emisión, 2020. En la parte superior del círculo interior, en sentido circular y en mayúscula, se lee «ARQUITECTURA MUDÉJAR DE ARAGÓN». En la corona circular de la moneda figuran las doce estrellas de la bandera europea.;10 de junio de 2020;4.000.000;"La moneda conmemorativa de 2 euros de España 2020 está dedicada a la Arquitectura Mudéjar de Aragón, una corriente estética dentro del arte mudéjar desarrollado en los reinos cristianos de la Península surgida entre los siglos XII y XVI, y que combina elementos del arte islámico con el cristiano.
El Conjunto Mudéjar de Teruel fue proclamado Patrimonio de la Humanidad en 1986, honor que sería extendido a la arquitectura mudéjar del resto de Aragón en 2001.
La Torre de la Iglesia del Salvador, que aparece como motivo de la moneda, es uno de los 10 monumentos mencionados explicitamente en la declaración de protección patrimonial de la UNESCO. Construída en el siglo XIV en Teruel y renovada entre 1991 y 1993, la edificación imita la estructura de los minaretes almohades. Hoy en día, sus tres salas albergan el Centro de Interpretación de la Arquitectura Mudéjar Turolense.";;;
España;2021;Bienes y lugares inscritos en la lista del Patrimonio Mundial y Cultural de la Humanidad de la UNESCO: Ciudad histórica de Toledo;imagenes/espana-2021-unesco-toledo.jpg;El motivo representa una vista de la Puerta de Sol y un detalle de la sinagoga del Tránsito, edificios ambos de estilo mudéjar y construidos en el siglo XIV. A la izquierda y en mayúsculas figura la palabra «ESPAÑA» y el año de acuñación «2021». En la parte superior derecha se ve la marca de ceca. En la corona circular de la moneda figuran las doce estrellas de la bandera europea.;10 de marzo de 2021;4.000.000;"Esta moneda conmemorativa de 2 euros de España de 2021 está dedicada a la Ciudad Histórica de Toledo, conjunto monumental situado en el centro de la ciudad en la zona rodeada por las murallas de la urbe y el río Tajo, así como ciertas zonas en la orilla opuesta del curso fluvial del mismo.
La Ciudad Histórica de la ciudad manchega comprende una serie de edificios construidos por tres culturas: judía, árabe y cristiana. Gran parte de su desarrollo se produjo entre los años 711, año de la conquista musulmana de la ciudad y 1563, año en la que la corte imperial española se muda definitivamente a Madrid.
Impresionantes construcciones como el Alcázar, la Catedral, el Hospital de Santa Cruz o el Monasterio de San Juan de los Reyes pertenencen a este conjunto, que fue nombrado Patrimonio de la Humanidad en 1986.
Sin embargo, en el diseño de la moneda aparecen dos edificaciones emblemáticas. En primer plano está la Puerta del Sol, construída por los Caballeros Hospitalarios. Al fondo aparece un detalle de la Sinagoga del Tránsito, construída bajo el mecenazgo de Samuel ha Leví, hombre de confianza del rey Pedro I de Castilla. Ambos monumentos fueron construidos a finales del siglo XIV en un estilo mudéjar.";;;
España;2022;Bienes y lugares inscritos en la lista del Patrimonio Mundial y Cultural de la Humanidad de la UNESCO: Parque nacional de Garajonay;imagenes/espana-2022-unesco-garajonay.jpg;El parque nacional de Garajonay, situado en el centro de la isla de La Gomera, en el archipiélago de las Islas Canarias, fue inscrito en la lista de lugares declarados Patrimonio de la Humanidad por ser un ejemplo destacado y bien conservado de laurisilva (bosque de laureles), un ecosistema excepcional, vestigio viviente de los antiguos bosques tropicales y bosques templados cálidos que ocuparon buena parte de Europa y del norte de África durante la Era Terciaria. La moneda reproduce una vista del Roque de Agando y un detalle del bosque de laurisilva. En la parte superior derecha, en mayúsculas, figura la leyenda «ESPAÑA» y el año de acuñación «2022». Arriba a la derecha figura la marca de ceca. En la corona circular de la moneda figuran las doce estrellas de la bandera europea.;23 de marzo de 2022;1.000.000;"Esta moneda conmemorativa de 2 euros de España de 2022 está dedicada al Parque Nacional de Garajonay, en La Gomera (Islas Canarias).
El Garajonay ocupa un 10% de La Gomera, extendiéndose a lo largo de 3.984 hectáreas en 6 municipios en el centro de la isla. Toma su nombre del Alto del Garajonay, que mide 1.487 metros sobre el nivel del mar. Además, tiene una importante extensión forestal, albergando la mejor muestra europea de laurisilva, un tipo de bosque subtropical húmedo. Allí viven más de 1000 especies de animales invertebrados y más de 30 vertebrados.
La declaración del Garajonay como parque nacional en 1981 fue bastante tardía, siendo el último de los cuatro que hay en las Islas Canarias en ser otorgado esa distinción. Sin embargo, es el único que ha sido declarado Patrimonio de la Humanidad, en 1986, y Reserva de la Biosfera de la UNESCO, en 2012.";;;
España;2022;Quinto centenario de la primera vuelta al mundo;imagenes/espana-2022-elcano.jpg;La expedición comenzó en Sevilla en 1519 y finalizó en 1522 tras finalizar la primera circunnavegación de la Tierra. El motivo reproduce dos imágenes: el globo terráqueo, de fondo, y un retrato de Juan Sebastián Elcano. En la parte inferior del retrato y en mayúsculas las leyendas «JUAN SEBASTIÁN ELCANO» y «PRIMUS CIRCUMDEDISTI ME» (El primero en dar la vuelta al mundo), y en el hombro del retrato las fechas de inicio y fin de la vuelta al mundo (1519-1522). En el lado derecho y en mayúsculas figuran el país emisor «ESPAÑA» y el año de acuñación «2022». En el lado izquierdo figura la marca de ceca. En la corona circular de la moneda figuran las doce estrellas de la bandera europea.;23 de marzo de 2022;1.000.000;;;;
España;2022;35 años del programa Erasmus (Diseño común Eurozona);imagenes/espana-2022-35-años-erasmus.jpg;El diseño es una combinación de dos elementos fundamentales del programa Erasmus: la inspiración intelectual original, el propio Erasmus, y la alegoría de su influencia en Europa. El primero se simboliza por una de las representaciones más conocidas de Erasmus. El segundo se simboliza por un haz de enlaces que cruzan la moneda de una baliza a otra, en representación de los numerosos intercambios intelectuales y humanos entre los estudiantes europeos. Como referencia a Europa, algunos de estos enlaces forman otras estrellas, derivadas de la sinergia entre los países. El número 35, por el 35.º aniversario, surge de las estrellas en un estilo gráfico moderno. En la corona circular de la moneda figuran las doce estrellas de la bandera europea.;1 de Julio de 2022;1.000.000;;;;
España;2023;Bienes y lugares inscritos en la lista del Patrimonio Mundial y Cultural de la Humanidad de la UNESCO: Ciudad Vieja de Cáceres;imagenes/espana-2023-unesco-caceres.jpg;"En la moneda, se reproduce una vista de la Plaza Mayor de Cáceres. En la parte superior, en mayúsculas y en sentido circular, aparece la leyenda ESPAÑA y el año de acuñación 2023; debajo, la marca de Ceca. En la parte inferior, en mayúsculas y en sentido circular, figura la leyenda CÁCERES. Rodeando todos los motivos y leyendas, en la zona circular exterior de la moneda, aparecen las doce estrellas de la Unión Europea.
En el canto de la moneda aparece la inscripción: «2 * *» repetida seis veces y orientada
alternativamente de abajo arriba y de arriba abajo.
El casco antiguo de Cáceres es un conjunto urbano situado en la Comunidad Autónoma de Extremadura, en el oeste de la Península Ibérica. Fue añadido a la Lista del Patrimonio Mundial por el carácter único que le confieren sus rasgos históricos (que van desde la Edad Media hasta el período clásico), con vestigios de influencias muy diversas y contrapuestas, como el gótico septentrional, el arte islámico, el Renacimiento italiano y las artes del Nuevo Mundo. El motivo consiste en una vista panorámica del complejo monumental, dentro del cual destaca la Plaza Mayor. En la parte superior figura, en mayúsculas, la palabra «ESPAÑA» y el año de acuñación «2023». En la parte superior derecha está la marca de ceca. En la parte inferior puede leerse, en mayúsculas, la palabra «CÁCERES». En la corona circular de la moneda figuran las doce estrellas de la bandera europea.";28 de marzo de 2023;1.500.000;"El origen de la ciudad data del siglo I a.C. con el asentamiento de los romanos, aunque los primeros pobladores datan del Paleolítico Superior. El trazado interior refleja la irregularidad típica de la época medieval, con pequeñas calles y plazas en las que se esconden bellas fachadas de edificios tanto religiosos como civiles. Numerosas disputas por la ocupación de este territorio entre romanos, almohades, judíos, portugueses y castellanos contribuyeron a este legado arquitectónico y cultural.
La singular mezcla que se produce con estas diversas influencias y su importancia histórica hicieron que la Ciudad Vieja de Cáceres fuera declarada Bien de Interés Cultural en 1949 y Patrimonio Mundial en 1986.

Esta moneda conmemorativa de 2 euros de España de 2023 está dedicada a la Ciudad Vieja de Cáceres, conjunto monumental en la ciudad del mismo nombre declarado Patrimonio de la Humanidad de la UNESCO en 1986.
La Ciudad Vieja de Cáceres se puede dividir en dos secciones, la parte intramuros y la parte extramuros, siendo las murallas de la ciudad la frontera entre ellas.
En la parte intramuros, la más antigua de las dos, se sitúan las plazas de Santa María y San Mateo, así como la Juderia Vieja. Su origen se remonta al siglo I, con la fundación de la ciudad en la época romana. Destaca especialmente la Torre de Bujaco, construída por los almohades en el siglo XII tras la conquista de la ciudad.
En la parte extramuros se puede visitar la Plaza Mayor de Cáceres con su Foro de los Balbos, así como los barrios de Santiago y San Juan.";;;
España;2023;Presidencia española del Consejo de la UE;imagenes/espana-2023-presidencia-ue.jpg;El motivo consiste en dos imágenes. La primera es el logotipo de la Presidencia española del Consejo de la UE. Alrededor del logotipo figuran las leyendas: «ESPAÑA 2023 – PRESIDENCIA ESPAÑOLA» y «CONSEJO DE LA UNIÓN EUROPEA». La segunda imagen, en la parte inferior, representa la marca de ceca de la Fábrica Nacional de Moneda y Timbre - Real Casa de la Moneda con la «M» coronada. En la corona circular de la moneda figuran las doce estrellas de la bandera europea.;03 de julio de 2023;1.500.000;"La moneda reproduce el logotipo de la Presidencia española del Consejo de la Unión Europea; en su parte inferior, aparece la marca de Ceca. Rodeando el logotipo figuran, en sentido circular y en mayúsculas, las leyendas ESPAÑA 2023–PRESIDENCIA ESPAÑOLA y CONSEJO DE LA UNIÓN EUROPEA. En la parte inferior, se representa la marca de ceca de la Fábrica Nacional de Moneda y Timbre – Real Casa de la Moneda con la «M» coronada. Rodean todos los motivos y leyendas las doce estrellas de la Unión Europea.";;;
España;2024;200 Aniversario de la Policía Nacional (Conmemoración de los 200 años de la creación de la Policía Nacional como cuerpo de seguridad del Estado);imagenes/espana-2024-Policia.jpeg;El diseño muestra el emblema de la Policía Nacional. En torno a él figuran las leyendas: «ESPAÑA - POLICÍA NACIONAL 1824-2024». En la parte inferior derecha del emblema figura la marca de ceca «Eme Coronada». En la corona circular de la moneda figuran las doce estrellas de la bandera europea.;Primer trimestre de 2024;1.500.000;"En el anverso, la moneda reproducirá una imagen del emblema de la Policía Nacional. En la parte superior, en sentido circular y en mayúsculas, la leyenda POLICÍA NACIONAL 1824-2024; a su derecha, la marca de Ceca. En la parte inferior, en sentido circular y en mayúsculas, la leyenda ESPAÑA. Rodeando todos los motivos y leyendas, en la zona circular exterior de la moneda, aparecen las doce estrellas de la Unión Europea.
El 13 de enero de 1824, y por iniciativa del Rey Fernando VII, se promulgó la Real Cédula por la que se creaba la Policía General del Reino, antecedente histórico de la Policía Nacional. 
A lo largo de estos dos siglos de existencia, y a pesar de haber contado con diferentes denominaciones, la Policía Nacional ha servido de forma ininterrumpida a todos los ciudadanos y a España, siempre con un mismo espíritu de servicio público. Por lo tanto es un cuerpo policial que ha sabido evolucionar y adaptarse a los desafíos de cada época, forjando en ese largo recorrido unos principios y valores que surgen del esfuerzo, el sacrificio y el heroísmo. Por ello, y fruto de la estricta profesionalidad, de la vocación policial y del servicio de los miles de policías que han formado y forman parte de esta institución a lo largo de su historia, la Policía Nacional es hoy una de las instituciones más queridas y valoradas por la sociedad.";;;
España;2024;Bienes y lugares inscritos en la lista del Patrimonio Mundial y Cultural de la Humanidad de la UNESCO: Catedral, Alcázar y Archivo de Indias de Sevilla;imagenes/espana-2024-unesco-sevilla.jpg;"El diseño muestra una vista del «Patio de las Doncellas» del Real Alcázar de Sevilla. En la parte superior, en dirección circular y en mayúsculas, aparece la leyenda SEVILLA; debajo, la marca de ceca «Eme Coronada». En la parte inferior, en dirección circular y en mayúsculas, figuran la leyenda ESPAÑA y el año de acuñación 2024. En la corona circular de la moneda figuran las doce estrellas de la bandera europea.";Primer trimestre de 2024;1.500.000;"Esta moneda conmemorativa de 2 euros de España de 2024 está dedicada a la Catedral de Sevilla, al Real Alcázar y al Archivo General de indias, conjunto monumental declarado Patrimonio de la Humanidad de la UNESCO en 1987.
La Catedral de Sevilla es la la catedral gótica más grande del mundo. La construcción se inició en 1401, siendo terminada en 1506. En ella destaca la Giralda (foto), la torre del campanario que mide 104,1 metros de altura.
El Real Alcázar es un conjunto palaciego que ejerce de residencia oficial de los Reyes de España cuando visitan Sevilla. Sus orígenes proceden del año 914, cuando el emir cordobés Abderramán III ordenó la edificación de una alcazaba amurallada. Desde entonces, sucesivos emires y reyes ampliaron el espacio, que hoy en día está compuesto de múltiples espacios en diferentes estilos arquitectónicos, desde el almohade al barroco.
El Archivo General de Indias se construyó en 1785 por orden de Carlos III, como almacén de toda la documentación generada por la administración de ultramar española. Hoy en día, aún conserva más de 43.000 legajos, 8.000 mapas y dibujos y 80 millones de páginas en 9 kilómetros de estanterías.";;;
España;2025;Bienes y lugares inscritos en la lista del Patrimonio Mundial y Cultural de la Humanidad de la UNESCO: Ciudad Vieja de Salamanca;imagenes/espana-2025-unesco-salamanca.jpg;"En el anverso se reproduce una imagen del exterior del Convento de San Esteban,
en Salamanca. En la parte superior, en sentido circular y en mayúsculas, la leyenda
Salamanca; debajo, la marca de Ceca. En la parte inferior, en sentido circular y en
mayúsculas, la leyenda España y el año de acuñación 2025. Rodeando todos los
motivos y leyendas, en la zona circular exterior de la moneda, aparecen las doce
estrellas de la Unión Europea.";;2.000.000;"La Ciudad Vieja de Salamanca es un testimonio vivo de siglos de historia, cultura y arquitectura. Declarada Patrimonio Mundial por la UNESCO en 1988, esta ciudad es un hervidero de conocimiento y belleza monumental.
Salamanca ha sido un cruce de caminos para diversas civilizaciones, desde los romanos hasta los visigodos y los árabes, antes de convertirse en el brillante ejemplo de arquitectura renacentista que conocemos hoy. La Universidad de Salamanca, fundada en 1218, es una de las más antiguas de Europa y ha sido un centro de erudición durante siglos.
El Convento de San Esteban: Uno de los tesoros más impresionantes de la Ciudad Vieja es el Convento de San Esteban, motivo de la moneda de 2 euros conmemorativa que se emitirá en España en 2025. Este convento dominico, fundado en 1524, es una joya del estilo plateresco español, con una fachada que es un verdadero retablo de piedra.
El Convento de San Esteban se distingue por su majestuosa fachada, diseñada por Juan de Álava y Rodrigo Gil de Hontañón. La portada principal está ricamente ornamentada con relieves que representan escenas bíblicas y santos dominicos. El interior del convento no es menos impresionante, con un claustro que invita a la reflexión y una iglesia que alberga obras maestras de la pintura y escultura renacentista.
El Convento de San Esteban no solo es un monumento histórico, sino también un lugar de activa vida religiosa y cultural. Los visitantes pueden recorrer el convento y descubrir la historia de los dominicos en España, así como admirar la rica decoración y los artefactos históricos que alberga. Además, el convento suele ser sede de eventos culturales y académicos, manteniendo viva la tradición de Salamanca como cuna del conocimiento y la cultura.";;;
España;2026;Bienes y lugares inscritos en la lista del Patrimonio Mundial y Cultural de la Humanidad de la UNESCO: Monasterio de Poblet;imagenes/espana-2026-unesco-poblet.jpg;El anverso de la moneda reproduce una imagen representativa del monasterio. En la parte superior, en mayúsculas y siguiendo la forma circular, figura la leyenda MONASTERIO DE POBLET, mientras que en la parte inferior aparecen ESPAÑA y el año de acuñación 2026, junto a la marca de ceca. Rodeando el conjunto se disponen las doce estrellas de la Unión Europea, integrando la moneda en el marco común del euro.;;1.500.000;"La segunda moneda de 2 euros conmemorativa de España 2026 se integra en la reconocida serie Patrimonio Mundial, dedicada a difundir los bienes españoles inscritos en la lista de la UNESCO. En esta ocasión, el protagonismo corresponde al Monasterio de Poblet, situado en la provincia de Tarragona.
Declarado Patrimonio de la Humanidad en 1991, el Monasterio de Poblet es uno de los conjuntos monásticos cistercienses más importantes de Europa y un símbolo clave de la historia medieval de la Corona de Aragón. Fundado en el siglo XII, el monasterio fue panteón real de los reyes de Aragón y desempeñó un papel fundamental tanto en el ámbito religioso como político.";;;
España;2026;España y la discapacidad: protección, derechos e inclusión;imagenes/espana-2026-articulo-49.jpg;En el anverso se representa la imagen de unas manos sosteniendo un libro, símbolo directo de la Constitución. Sobre él aparece la leyenda «Artículo 49 INCLUSIÓN», que pone el acento en el nuevo enfoque constitucional, centrado en la dignidad, los derechos y la no discriminación. A la izquierda se lee «ESPAÑA», mientras que a la derecha figuran el año 2026 y la marca de la FNMT. Todo el conjunto está rodeado por las doce estrellas de la Unión Europea, símbolo de unidad, solidaridad y valores comunes.;;1.500.000;"Esta moneda conmemorativa posee un fuerte significado social e institucional, ya que está dedicada a la reforma del artículo 49 de la Constitución Española, un cambio histórico orientado a reforzar la protección jurídica, la igualdad y la inclusión plena de las personas con discapacidad.
Con esta emisión, España utiliza una vez más la moneda de 2 euros como herramienta de concienciación social, alineándose con los principios europeos de igualdad, accesibilidad y respeto a los derechos humanos.";;;
España;2027;Patrimonio Mundial Unesco, Conjunto Arqueológico de Mérida;imagenes/reverso-2eu.jpg;;;;;;;
España;2002;Cara Nacional 2€;imagenes/espana-2002-cara-nacional-2euro.jpg;Las monedas de la primera y segunda serie reproducen la efigie del rey Juan Carlos I de Borbón y Borbón.;01 de enero de 2002;Indefinido;;;;
España;2010;Cara Nacional 2€;imagenes/espana-2010-cara-nacional-2euro.jpg;"Las monedas de la primera y segunda serie reproducen la efigie del rey Juan Carlos I de Borbón y Borbón. 
Los diseños de la segunda serie fueron modificados ligeramente en 2010 para adaptarlos a las directrices comunes de la Comisión Europea. El año, por ejemplo, figura en la parte interior de la moneda.";01 de enero de 2010;Indefinido;;;;
España;2015;Cara Nacional 2€;imagenes/espana-2015-cara-nacional-2euro.jpg;En 2015, España introdujo una tercera serie de monedas de 1€ y 2€ en las que aparecen el actual rey Felipe VI y el código de país «ESPAÑA 2015». La marca de la Fábrica de la Moneda figura a la derecha de la efigie.;01 de enero de 2015;Indefinido;;;;
Estonia;2012;Diez años de billetes y monedas en euros (Diseño común: Eurozona);;La parte central de la moneda, diseñada por Helmut Andexlinger, de la Fábrica de Moneda de Austria, y escogida por los ciudadanos y residentes de la zona del euro como moneda conmemorativa común de 2012, muestra el mundo en forma de símbolo del euro en el centro, aludiendo a cómo el euro se ha convertido en un verdadero actor mundial a lo largo de la última década. Los elementos que rodean al euro simbolizan su importancia para la gente corriente (representada por una familia de cuatro miembros), para el mundo de las finanzas (la Eurotower), para el comercio (un buque), para la industria (una fábrica) y la energía, para la investigación y el desarrollo (dos turbinas eólicas). Las iniciales del diseñador «A.H.» se aprecian (si se observa con mucha atención) entre el buque y la Eurotower. En los bordes superior e inferior de la parte central de la moneda figuran, respectivamente, el país emisor y los años «2002 – 2012». La moneda la emitirán todos los países de la zona del euro. En la corona circular figuran las doce estrellas de la Unión Europea.;enero de 2012;2.000.000;Estonia (EESTI);;;
Estonia;2015;Trigésimo aniversario de la bandera de la UE (Diseño común Eurozona);;El motivo representa la bandera de la UE como símbolo que une pueblos y culturas con visiones e ideales comunes de un futuro mejor. Doce estrellas que se transforman en figuras humanas representan el nacimiento de una nueva Europa. En la parte superior derecha, en semicírculo, figura la mención del país emisor «EESTI» y los años «1985-2015». En la parte inferior derecha aparecen las iniciales del artista (Georgios Stamatopoulos). En la corona circular de la moneda figuran las doce estrellas de la Unión Europea.;10 de diciembre de 2015;400.000;Estonia (EESTI);;;
Estonia;2016;Centenario del nacimiento del famoso gran maestro de ajedrez estonio Paul Keres;;"En la moneda figura el retrato del gran maestro de ajedrez estonio Paul Keres con algunas piezas de ajedrez. En la parte superior izquierda, en semicírculo, figura la inscripción «PAUL KERES»; el nombre del país emisor «EESTI» aparece debajo y, en la línea inferior, el año de emisión «2016». En la corona circular de la moneda figuran las doce estrellas de la Unión Europea.";07 de enero de 2016;500.000;;;;
Estonia;2017;Independencia de Estonia;;El motivo representa el tronco sinuoso de un roble, en uno de cuyos lados figuran representadas las ramas y, en el otro, las hojas. Las ramas simbolizan la época de revoluciones y penalidades que caracterizaron el camino de Estonia hacia su independencia. Las hojas simbolizan el vigor, los logros y la longevidad de Estonia. En la parte inferior de la moneda, a la izquierda del tronco, aparece la palabra «MAAPÄEV» (Asamblea Provisional de Estonia) y, encima, el año «1917». A la derecha del árbol figura el nombre del país emisor «EESTI» y, debajo, el año de emisión «2017». En la corona circular de la moneda figuran las doce estrellas de la Unión Europea.;26 de junio de 2017;1.500.000;;;;
Estonia;2018;Centenario de la independencia de la República de Estonia;;El diseño representa los números 18 y 100, que simbolizan el momento en que Estonia se convirtió en un país independiente y reflejan asimismo los últimos cien años. En la parte inferior derecha figura el texto «SADA AASTAT EESTI VABARIIKI» y junto a él, el nombre del país, «EESTI» (Estonia), y el año de emisión, «2018». En la corona circular de la moneda figuran las doce estrellas de la Unión Europea.;19 de febrero de 2018;1.000.000;;;;
Estonia;2018;Centenario de la Fundación de los Estados Bálticos Independientes. (Diseño común: EST, LET y LIT);;Los tres Estados bálticos están representados simbólicamente por una trenza. Están unidos por su historia: un pasado, presente y futuro compartidos. Una cifra estilizada representa el 100.º aniversario, junto a los escudos de los tres Estados bálticos. A la izquierda figura el nombre del país emisor, «EESTI» (Estonia), y a la derecha, el año de emisión, «2018». El diseño fue seleccionado por votación popular en los tres Estados bálticos. En la corona circular de la moneda figuran las doce estrellas de la Unión Europea.;31 de enero de 2018;500.000;En 2018, Estonia, Letonia y Lituania emitieron conjuntamente una moneda conmemorativa de euro con un diseño común en el que rendirán homenaje a la creación de los Estados de Estonia y Letonia y al restablecimiento del Estado de Lituania;;;
Estonia;2019;150º aniversario del Festival de la Canción de Estonia;;El motivo se inspira en la procesión del Festival de la Canción, que se desplaza como las olas del mar, entre cantos de orgullo y alegría y un despliegue de atuendos nacionales. Aúna la música, la vestimenta nacional y los diversos lugares de celebración del grandioso y emotivo Festival de la Canción estonio a orillas el mar. Muestra asimismo las primeras notas musicales del himno nacional de Estonia y, en la parte inferior, la inscripción «LAULUPIDU 150» (150.º Festival de la Canción). En la parte superior se indica el año de emisión «2019», y, debajo de este, el nombre del Estado emisor, «EESTI». En la corona circular de la moneda figuran las doce estrellas de la bandera europea.;29 de mayo de 2019;1.000.000;;;;
Estonia;2019;Centenario de la Universidad de Tartu como Universidad Nacional de Estonia;;La moneda marcará el centenario de la Universidad de Tartu desde su establecimiento como primera universidad de lengua estonia. Fundada en 1632 por el rey Gustavo II Adolfo de Suecia, es una de las universidades más antiguas del norte y el este de Europa. En 1919 se convirtió en la primera universidad de lengua estonia. El motivo del diseño representa el edificio principal de la Universidad. Asimismo, pueden leerse las inscripciones «RAHVUSÜLIKOOL 100» [Universidad Nacional 100] y «UNIVERSITAS TARTUENSIS», el año «1632», el país emisor «EESTI» y el año de emisión «2019». En la corona circular de la moneda figuran las doce estrellas de la bandera europea.;19 de noviembre de 2019;1.000.000;;;;
Estonia;2020;Centenario del Tratado de Paz de Tartu;;El tratado firmado por Estonia y la República Socialista Federativa Soviética de Rusia el 2 de febrero de 1920 delimitó la frontera oriental de Estonia y puso fin a la guerra de independencia. En el motivo figura un árbol con ramas en las que se entreveran las palabras «TARTU RAHU» (la Paz de Tartu). En la parte inferior están escritos el nombre del país «EESTI» y la fecha de emisión «2 de febrero de 2020». En la corona circular de la moneda figuran las doce estrellas de la bandera europea.;01 de febrero de 2020;1.000.000;;;;
Estonia;2020;Bicentenario del descubrimiento de la Antártida;;El descubrimiento está vinculado a Estonia porque uno de los primeros hombres que avistó la Antártida en 1820 fue Fabian Gottlieb von Bellingshausen, marino alemán del mar Báltico natural de Saaremaa que documentó el descubrimiento. En el diseño figura un motivo de un buque de vela, así como las leyendas «Fabian Gottlieb von Bellingshausen», «ANTARKTIKA 200», el nombre del país «EESTI» y el año de emisión «2020». En la corona circular de la moneda figuran las doce estrellas de la bandera europea.;27 de enero de 2020;750.000;;;;
Estonia;2021;Pueblos ugrofineses;;La cara nacional de la moneda representa un motivo basado en las pinturas rupestres del lago Äänisjärv. Los símbolos del cazador, el alce, el ave acuática y el sol constituyen para los pueblos ugrofineses el ciclo simbólico de la vida. La figura central es un ave acuática que aparece representada en el arte y el folclore de todos los pueblos ugrofineses. En la parte superior derecha, en un semicírculo, figuran el nombre del país, «EESTI», seguido del año, «2021». En la parte inferior izquierda, figura la inscripción «FENNO-UGRIA». En la corona circular de la moneda figuran las doce estrellas de la bandera europea.;16 de junio de 2021;1.000.000;;;;
Estonia;2021;El animal nacional estonio: el lobo;;"El motivo muestra la silueta del lobo y un bosque. Cerca del borde interior de la corona figura el nombre del país, «EESTI», a la izquierda; el año de emisión, «2021», a la derecha; y el texto «CANIS LUPUS» (lobo en latín), en la parte superior. En la corona circular de la moneda figuran las doce estrellas de la bandera europea.";20 de octubre de 2021;1.000.000;;;;
Estonia;2022;150 aniversario de la fundación de la Sociedad de Literatura de Estonia;;El motivo representa las páginas de un libro y la punta de una pluma de ganso. En la parte superior, en semicírculo, figuran la inscripción «EESTI KIRJAMEESTE SELTS» y el año de emisión «2022». El texto que aparece en las páginas del libro es el siguiente: «KUI ME EI SAA SUUREKS RAHVAARVULT, PEAME SAAMA SUUREKS VAIMULT», que significa «Si no podemos ser una gran nación en número, debemos ser grandes en espíritu». En la corona circular de la moneda figuran las doce estrellas de la bandera europea.;09 de marzo de 2022;1.000.000;;;;
Estonia;2022;Ucrania y libertad;;El motivo representa la silueta de una mujer que sostiene un pájaro en sus manos y al lado una espiga de trigo. En la parte superior izquierda, figura la leyenda «SLAVA UKRAINI». En la parte inferior izquierda, figuran el nombre del país emisor «EESTI» y el año de emisión «2022». En la corona circular de la moneda figuran las doce estrellas de la bandera europea.;08 de julio de 2022;2.000.000;;;;
Estonia;2022;35 años del programa Erasmus (Diseño común Eurozona);;El diseño es una combinación de dos elementos fundamentales del programa Erasmus: la inspiración intelectual original, el propio Erasmus, y la alegoría de su influencia en Europa. El primero se simboliza por una de las representaciones más conocidas de Erasmus. El segundo se simboliza por un haz de enlaces que cruzan la moneda de una baliza a otra, en representación de los numerosos intercambios intelectuales y humanos entre los estudiantes europeos. Como referencia a Europa, algunos de estos enlaces forman otras estrellas, derivadas de la sinergia entre los países. El número 35, por el 35.º aniversario, surge de las estrellas en un estilo gráfico moderno. En la corona circular de la moneda figuran las doce estrellas de la bandera europea.;1 de Julio de 2022;1.000.000;;;;
Estonia;2023;El ave nacional de Estonia: la golondrina común;;El motivo representa la silueta de la golondrina común con el texto «HIRUNDO RUSTICA» (el nombre del ave en cuestión en latín) en la parte superior derecha, formando un semicírculo. En la parte inferior figura el nombre del país emisor, «EESTI», y debajo el año de emisión, «2023». En la corona circular de la moneda figuran las doce estrellas de la bandera europea.;12 de mayo de 2023;1.000.000;;;;
Estonia;2024;El Aciano, flor nacional de Estonia;;El diseño muestra la silueta de un aciano con la leyenda «CENTAUREA CYANUS» (aciano en latín) en la parte superior izquierda, en semicírculo. En la parte inferior figura el nombre del país emisor, «EESTI», y debajo, el año de emisión, «2024». En la corona circular de la moneda figuran las doce estrellas de la bandera europea.;Segundo Treimestre de 2024;1.000.000;;;;
Estonia;2025;500 Aniversario del Primer Texto Impreso en Estonio;;En el centro de la moneda, dedicada al 500 aniversario del libro en estonio, aparecen cuatro libros estilizados formando la letra E, el diseño está rodeado por la inscripción «Eesti raamat 500» y los años 1525 y 2025.;30 de enero de 2025;850.000;"El diseño de la moneda nace de un concurso convocado para la ocasión por el Banco de Estonia y que ha elegido el presentado por Svetlin Balezdrov, con el que simboliza la tradición literaria estonia.
El primer texto impreso en estonio fue un himnario luterano publicado en 1525 en Wittenberg, Alemania. Este texto representó un paso fundamental en la historia de la lengua y cultura estonias, ya que permitió la difusión escrita del idioma en un momento en que la Reforma protestante fomentaba la traducción de textos religiosos a las lenguas vernáculas.
Aunque no se conservan copias, el himnario de 1525 marcó el inicio de la tradición impresa en estonio. Este hecho simboliza el comienzo del uso del estonio en contextos escritos y refleja los esfuerzos de los reformadores por integrar a las comunidades estonias en la vida religiosa mediante su idioma.";;;
Estonia;2026;Sipsik;;El diseño de la moneda muestra precisamente al popular personaje infantil con su característica apariencia artesanal. ;05 de junio de 2026;1.000.000;"Aunque fuera de Estonia pueda resultar poco conocido, Sipsik ocupa un lugar muy especial en la memoria colectiva del país. El personaje apareció por primera vez en 1962 y desde entonces ha acompañado a varias generaciones de niños. En las historias originales, el muñeco fue confeccionado por un niño llamado Mart para su hermana Anu, pero acaba cobrando vida y viviendo numerosas aventuras junto a ella. Para muchos estonios, Sipsik representa algo más que un personaje literario: simboliza la infancia, la imaginación y el descubrimiento de la lectura.
Precisamente ese componente emocional parece haber sido clave para esta emisión. Según explicó el banco central estonio (Eesti Pank), Sipsik ha inspirado el amor por los libros a decenas de miles de niños durante décadas. No es casualidad que Estonia, un país muy orgulloso de su tradición literaria y educativa, haya decidido llevar ahora este personaje a una moneda destinada a circular por toda la zona euro.";;;
Estonia;2027;Hiiumaa, El faro de Kõpu;;"El faro de Kõpu ocupa el lado izquierdo del núcleo de la moneda, mientras sus haces de luz se abren sobre el horizonte. Según explica el banco central, las líneas luminosas evocan las franjas de las faldas del traje tradicional de Hiiumaa. El mar completa una composición que vincula la larga historia marítima de la isla con uno de sus elementos culturales más reconocibles.
A la derecha aparecen el nombre «HIIUMAA», el escudo del condado y las coordenadas 58° 53? 3? N, 22° 38? 40? E. La indicación del país emisor y el año figuran en la forma «EESTI 2027», mientras las doce estrellas de la bandera europea ocupan el anillo exterior.";?;1.000.000;"La pieza estará dedicada a Hiiumaa y tendrá como gran protagonista al faro de Kõpu, una construcción que lleva cerca de cinco siglos orientando a los navegantes en el mar Báltico.
El faro de Kõpu, convertido en símbolo de Hiiumaa.
El Consejo de Supervisión del Banco de Estonia ha proclamado ganador el proyecto titulado «Dageida», obra de Kaupo Kangro. El nombre elegido por el autor remite a la antigua denominación con la que la isla apareció documentada en el siglo XIII.
El faro representado se alza en el punto más elevado de la península de Kõpu. 
Su existencia está documentada al menos desde 1531, aunque en sus primeros tiempos funcionaba como señal diurna y no como faro iluminado. Hoy está considerado uno de los faros en servicio más antiguos del mundo y se ha convertido en el principal emblema arquitectónico de Hiiumaa.
Con esta emisión, el Banco de Estonia estrenará en 2027 su serie «Condados de Estonia», concebida para mostrar la diversidad de las distintas regiones y sus particularidades culturales. La elección de Hiiumaa como punto de partida dirige la mirada hacia el condado más pequeño del país, formado por la segunda isla más grande de Estonia y otros islotes cercanos.
Kaupo Kangro no es un nombre nuevo en la numismática estonia. También fue el autor de las monedas de 2 euros dedicadas a la golondrina común, ave nacional del país, emitida en 2023, y al aciano, su flor nacional, puesta en circulación en 2024. Ambas contaron igualmente con una tirada de un millón de ejemplares.";;;
Estonia;2027;Veteranos de las Fuerzas de Defensa de Estonia;;;;;;;;
Estonia;2011;Cara Nacional 2€;;El diseño de la cara nacional de las monedas estonias es el mismo para todas las denominaciones: una imagen geográfica de Estonia y la inscripción «Eesti», que significa «Estonia».;01 de enero de 2011;Indefinido;;;;
Finlandia;2004;Ampliación de la Unión Europea a diez nuevos Estados miembros;;El diseño reproduce una columna estilizada de la que salen brotes hacia arriba. Los brotes representan la ampliación de la Unión Europea. La columna representa la base para el crecimiento. Junto a la columna figuran las siglas «UE». En la parte superior de la moneda figura el año «2004». Doce estrellas, junto con el año, rodean el diseño.;Junio de 2004;1.000.000;;;;
Finlandia;2005;Sexagésimo aniversario de la fundación de las Naciones Unidas y quincuagésimo aniversario de la adhesión de Finlandia a esta organización;;En el centro de la moneda figura la paloma de la paz, formada por las piezas de un rompecabezas. Bajo la paloma, a lo largo del borde inferior del círculo interior, aparecen la inscripción «FINLAND — UN» a la izquierda y el año de acuñación a la derecha. Encima de esta cifra, junto al rompecabezas, figura la letra «K» (inicial del grabador). La marca de la Fábrica de la Moneda («M») aparece bajo la representación de la paloma de la paz. En el anillo exterior figuran las doce estrellas de la Unión Europea.;Octubre de 2005;2.000.000;;;;
Finlandia;2006;I centenario del sufragio universal e igualitario;;En el centro de la moneda figuran dos rostros, uno masculino y otro femenino, separados por una línea. Las inscripciones «20 FI 06», que representa el año de emisión con la abreviatura del país (FI) intercalada, y «1.10.1906» figuran a la derecha y a la izquierda respectivamente. La marca de la Fábrica de la Moneda («M») aparece junto a cada uno de los rostros. En la corona circular figuran las doce estrellas de la Unión Europea.;Octubre de 2006;2.500.000;;;;
Finlandia;2007;Quincuagésimo aniversario del Tratado de Roma (Diseño común Eurozona);;En el centro de la moneda se representa el documento del Tratado firmado por los seis países fundadores, sobre un fondo que imita el pavimento diseñado por Miguel Ángel para la Piazza del Campidoglio de Roma, en la que tuvo lugar la firma el 25 de marzo de 1957. El nombre del país emisor y las leyendas «TRATADO DE ROMA 50 AÑOS» y «EUROPA» aparecen en latín o en el idioma o idiomas de dicho país de la zona del euro. Así pues, la inscripción varía según el país, aunque la imagen es la misma. El Tratado de Roma estableció la Comunidad Económica Europea, iniciando así un proceso que condujo a la introducción del euro en 1999 y de los billetes y monedas en euros en el 2002. Para celebrar el aniversario del Tratado, el 25 de marzo de 2007, los países miembros de la zona del euro han decidido emitir de forma conjunta esta moneda, cuyo diseño resultó elegido en un concurso organizado por las fábricas de moneda europeas. En el anillo exterior de la moneda están representadas las doce estrellas de la Unión Europea.;Marzo de 2007;1.400.000;Finlandia (SUOMI FINLAND);;;
Finlandia;2007;Nonagésimo aniversario de la independencia de Finlandia;;La moneda reproduce una embarcación impulsada por nueve remeros, como símbolo de colaboración. Sobre la imagen figura el año de emisión «2007» y, debajo, el año de la independencia «1917». A la izquierda de los remos está inscrita la marca de la Fábrica de la Moneda y a la derecha, la abreviatura del país «FI». En la corona circular se representan las doce estrellas de la Unión Europea.;Diciembre de 2007;2.000.000;;;;
Finlandia;2008;Sexagésimo aniversario de la Declaración Universal de Derechos Humanos;;"Diseñada por el escultor Tapio Kettunen, la moneda reproduce una figura humana en el interior de un corazón, y debajo aparece la inscripción «HUMAN RIGHTS». En la parte inferior del centro de la moneda figuran las letras «FI» de Finlandia, la inicial del nombre del escultor, «K», y la marca de la Fábrica de la Moneda; mientras que en la parte superior puede verse el año de emisión, «2008». En la corona circular se representan las doce estrellas de la Unión Europea.";Octubre de 2008;1.500.000;;;;
Finlandia;2009;Décimo aniversario de la Unión Económica y Monetaria (Diseño común Eurozona);;En la moneda puede verse una figura de diseño primitivo que se funde con el símbolo del €. La idea que se desea transmitir es que la moneda única y, por extensión, la Unión Económica y Monetaria (UEM) constituyen el último eslabón de la larga historia de la integración económica y comercial europea. Esta moneda la emiten todos los países de la zona del euro, figurando en cada caso el nombre del país emisor y la leyenda «UEM 1999-2009» en la lengua o lenguas respectivas. El diseño, elegido entre los cinco preseleccionados por ciudadanos de la Unión Europea mediante votación por Internet, es creación de George Stamatopoulos, escultor del departamento de acuñación del Banco de Grecia. En la corona circular se representan las doce estrellas de la Unión Europea.;Enero de 2009;1.400.000;Finlandia (SUOMI FINLAND);;;
Finlandia;2009;Segundo centenario de la autonomía de Finlandia y de la Dieta de Porvoo;;La moneda reproduce un perfil de la catedral de Porvoo, lugar donde se celebró en 1809 la ceremonia inaugural de la primera sesión de la Dieta de Finlandia. Sobre el perfil aparece escrito en números estilizados «1809». A la izquierda figura el código del país emisor, «FI», y a la derecha, el año de emisión, «2009». En la corona circular se representan las doce estrellas de la Unión Europea.;23 de ctubre de 2009;1.600.000;;;;
Finlandia;2010;Decreto de 1860, que concede a Finlandia el derecho a emitir billetes y monedas;;En el centro de la moneda, a la izquierda, se representa la figura de un león, tomado del escudo de armas finlandés, y el año de emisión, «2010». A la derecha figura la marca de la Fábrica de la Moneda y una serie de números que simbolizan el valor de distintas monedas. En la parte inferior, en el centro, las letras «FI» indican el país emisor. En la corona circular figuran las doce estrellas de la Unión Europea.;29 de octubre de 2010;1.600.000;;;;
Finlandia;2011;Bicentenario del Suomen Pankki - Finlands Bank;;La moneda conmemorativa del bicentenario del Suomen Pankki - Finlands Bank, diseñada por el artista Hannu Veijalainen, muestra un cisne, el ave nacional de Finlandia. En la parte interior de la moneda figuran las inscripciones «2011», año de emisión, y «1811», año en que el zar Alejandro I de Rusia ordenó establecer una «Oficina de Cambio, Préstamo y Depósito» en Turku (Finlandia). Esta oficina fue el primer banco de Finlandia y se convirtió luego en el Suomen Pankki - Finlands Bank, que se trasladó a Helsinki en 1819. El banco empezó a funcionar como banco central a finales del siglo XIX, una vez que Finlandia tuvo su propia moneda y la banca comercial se estableció en el país. En la corona circular figuran las doce estrellas de la Unión Europea.;17 de octubre de 2011;1.500.000;;;;
Finlandia;2012;Diez años de billetes y monedas en euros (Diseño común: Eurozona);;La parte central de la moneda, diseñada por Helmut Andexlinger, de la Fábrica de Moneda de Austria, y escogida por los ciudadanos y residentes de la zona del euro como moneda conmemorativa común de 2012, muestra el mundo en forma de símbolo del euro en el centro, aludiendo a cómo el euro se ha convertido en un verdadero actor mundial a lo largo de la última década. Los elementos que rodean al euro simbolizan su importancia para la gente corriente (representada por una familia de cuatro miembros), para el mundo de las finanzas (la Eurotower), para el comercio (un buque), para la industria (una fábrica) y la energía, para la investigación y el desarrollo (dos turbinas eólicas). Las iniciales del diseñador «A.H.» se aprecian (si se observa con mucha atención) entre el buque y la Eurotower. En los bordes superior e inferior de la parte central de la moneda figuran, respectivamente, el país emisor y los años «2002 – 2012». La moneda la emitirán todos los países de la zona del euro. En la corona circular figuran las doce estrellas de la Unión Europea.;enero de 2012;1.500.000;Finlandia (SUOMI FINLAND);;;
Finlandia;2012;150º aniversario del nacimiento de la artista Helene Schjerfbeck;;La parte central de la moneda muestra un autorretrato estilizado de la artista, con el texto «Helene SCHJERFBECK» y los años de su nacimiento y fallecimiento, «1862-1946», inscritos en vertical a izquierda y derecha respectivamente. En la parte inferior, a la izquierda del retrato figuran la letras «FI» y el año «2012», que indican el país y el año de emisión respectivamente. La marca de ceca aparece en el borde de la parte central debajo de las fechas de nacimiento y fallecimiento. En la corona circular figuran las doce estrellas de la Unión Europea.;05 de octubre de 2012;2.000.000;;;;
Finlandia;2013;150° aniversario del Parlamento de 1863, cuando empezaron las sesiones periódicas del Parlamento en Finlandia;;En la moneda conmemorativa de 2€ figura el año «1863», del que brota una pequeña planta como símbolo del comienzo de la democracia y del desarrollo de Finlandia. En la parte inferior, en semicírculo, se indica el nombre del país emisor «SUOMI FINLAND», con las dos palabras separadas por la marca de ceca y el año «2013». La Dieta de 1863 señala el comienzo de un período de luz. En Finlandia, el año 1863 marcó el inicio de una democracia auténtica, una prensa transparente y el derecho a usar el idioma finlandés. Con las reuniones periódicas de la Dieta, las oportunidades de los finlandeses de influir en los asuntos de su propio país mejoraron de manera extraordinaria. Ese año representó el comienzo de un período de luz para la democracia finlandesa. En la corona circular de la moneda figuran las doce estrellas de la Unión Europea.;04 de septiembre de 2013;1.000.000;;;;
Finlandia;2013;125° aniversario del nacimiento del escritor ganador del premio Nobel de literatura F. E. SILLANPÄÄ;;"En la parte interior de la moneda figura el retrato de Sillanpää; en la parte superior, en semicírculo, las palabras «F. E. SILLANPÄÄ»; a la izquierda, el año «1888» y la marca de ceca; a la derecha, el año «1964», el código del país emisor «FI» y el año de emisión «2013». Esta es una moneda especial para conmemorar al abuelo de toda una nación. F. E. SILLANPÄÄ era un maestro del estilo que aportó a la literatura finesa una visión profunda de la relación entre las personas y la naturaleza. Recibió el premio Nobel en 1929, sobre todo, gracias a sus obras Santa miseria y Silja. Este autor magistral se hizo todavía más célebre gracias a sus populares intervenciones en la radio y a sus memorables columnas navideñas. Tras los años de guerra, el gran escritor se convirtió en el «taata» de largas barbas, el abuelo oficioso del país. A partir de los recuerdos de las navidades de su infancia surgió una tradición muy querida: el abuelo reunía a toda la nación en torno a la radio gracias a sus amenas «charlas» navideñas. En la corona circular de la moneda figuran las doce estrellas de la Unión Europea.";04 de noviembre de 2013;1.500.000;;;;
Finlandia;2014;Centenario del nacimiento de la autora y artista Tove Jansson;;El centro de la moneda muestra el retrato de Tove Jansson, bajo el cual figuran la firma «Tove Jansson» y los años «1914-2001». A la izquierda, el código del país emisor «FI». A la derecha, el año de emisión «2014» y la marca de ceca. En la corona circular figuran las doce estrellas de la Unión Europea.;20 de junio de 2014;1.500.000;;;;
Finlandia;2014;Centenario del nacimiento del diseñador y decorador Ilmari Tapiovaara;;En el centro de la moneda, a la izquierda, figuran el nombre y las fechas de Ilmari Tapiovaara. A la derecha, se observa un primer plano de una pieza de mobiliario característica de Ilmari Tapiovaara, así como el código del país emisor «FI», la marca de ceca y el año de emisión «2014». En la corona circular figuran las doce estrellas de la Unión Europea.;10 de noviembre de 2014;1.000.000;;;;
Finlandia;2015;Trigésimo aniversario de la bandera de la UE (Diseño común Eurozona);;El motivo representa la bandera de la UE como símbolo que une pueblos y culturas con visiones e ideales comunes de un futuro mejor. Doce estrellas que se transforman en figuras humanas representan el nacimiento de una nueva Europa. En la parte superior derecha, en semicírculo, figura la mención del país emisor «SUOMI FINLAND» y los años «1985-2015». En la parte inferior derecha aparecen las iniciales del artista (Georgios Stamatopoulos). En la corona circular de la moneda figuran las doce estrellas de la Unión Europea.;06 de agosto de 2015;500.000;Finlandia (SUOMI FINLAND);;;
Finlandia;2015;150  aniversario del nacimiento del compositor Jean Sibelius;;El centro de la moneda muestra un cielo estrellado y, a la derecha, copas de árboles. La leyenda «JEAN SIBELIUS» y el año de emisión «2015» figuran en el lado izquierdo de la parte central de la moneda. A la derecha aparecen el código del país emisor «FI» y la marca de ceca. En la corona circular de la moneda figuran las doce estrellas de la Unión Europea.;18 de febrero de 2015;1.000.000;;;;
Finlandia;2015;150° aniversario del nacimiento del artista Akseli Gallen-Kallela;;En la parte superior figura un cisne de Tuonela nadando. El agua bajo del cisne ondea como representación del espíritu que desciende. La indicación del país emisor «FI» se lee en el extremo derecho de la línea horizontal. En la parte inferior del motivo aparece la paleta del artista, con el año de nacimiento de Gallen-Kallela, «1865», y el año de emisión «2015». Al lado de la paleta figura la marca de ceca. El nombre del artista «AKSELI GALLEN KALLELA» está grabado en el anillo de la moneda, debajo de la línea horizontal. En la corona circular de la moneda figuran las doce estrellas de la Unión Europea.;22 de octubre de 2015;500.000;;;;
Finlandia;2016;90 años de fallecimiento del escritor y letrista finés Eino Leino;;En la parte interior de la moneda figura una llama y un atizador que apunta hacia arriba y la derecha. La leyenda «EINO LEINO» en semicírculo y el año de emisión «2016» se encuentran a la derecha. En la parte inferior izquierda aparece el código del país emisor «FI» y la marca de ceca. En la corona circular figuran las doce estrellas de la bandera europea.;25 de abril de 2016;1.000.000;;;;
Finlandia;2016;Centenario del nacimiento del filósofo Georg Henrik von Wright;;En la parte interior de la moneda aparece el fuste de una antigua columna dórica y una rama de roble a la izquierda. La leyenda «GEORG HENRIK VON WRIGHT» figura en semicírculo de izquierda a derecha, y el año de emisión «2016» aparece arriba a la derecha. En la parte superior, a la izquierda, se encuentran el código del país emisor «FI» y la marca de ceca. En la corona circular figuran las doce estrellas de la bandera europea.;17 de octubre de 2016;1.000.000;;;;
Finlandia;2017;Centenario de la independencia de Finlandia;;La parte central de la moneda tiene un diseño en forma de mosaico cuyos componentes más esparcidos a la derecha dejan entrever una imagen cartográfica que recuerda a Finlandia. A la izquierda, dispuestos de forma vertical y uno debajo del otro, encontramos la leyenda «SUOMI FINLAND», el año de la independencia, «1917», y el año de acuñación, «2017». En la parte central derecha se indica el país emisor, «FI», y la marca de ceca. En la corona circular de la moneda figuran las doce estrellas de la Unión Europea.;01 de junio de 2017;2.500.000;;;;
Finlandia;2017;La naturaleza finlandesa;;La parte interior de la moneda reproduce un mapa cartográfico de la luna vista desde Harmaja, Finlandia. Por encima de la luna aparece un cuervo posado en una rama. En la parte inferior, en el centro, se encuentra el año de emisión «2017». En la parte central, a la izquierda, se indica el país emisor «FI» y, a la derecha, se sitúa la marca de ceca. En la corona circular de la moneda figuran las doce estrellas de la Unión Europea.;21 de octubre de 2017;500.000;;;;
Finlandia;2018;El paisaje nacional finlandés de Koli;;El motivo muestra un dibujo del paisaje nacional finlandés de Kolia a vista de pájaro. El año de emisión, «2018», se sitúa en el centro de la parte inferior. La indicación del país de emisión, «FI», se halla en la parte izquierda, y la marca de ceca en la parte derecha. En la corona circular de la moneda figuran las doce estrellas de la Unión Europea.;28 de mayo de 2018;1.000.000;;;;
Finlandia;2018;La cultura de la sauna finlandesa;;El motivo muestra un paisaje finlandés con una típica sauna finlandesa a la orilla de un lago en el centro. El año de emisión, «2018», se sitúa en la parte inferior, en el centro. La indicación del país emisor, «FI», se encuentra en el centro de la parte izquierda y la marca de ceca en el centro de la parte derecha. En la corona circular de la moneda figuran las doce estrellas de la bandera europea.;22 de octubre de 2018;1.000.000;;;;
Finlandia;2019;La constitución de Finlandia de 1919;;El diseño muestra tres campos circulares que se unen en el centro. Los tres campos representan el trias política, la separación de poderes en tres ramas: poder legislativo, poder ejecutivo y poder judicial. El año de emisión, «2019», aparece en la parte central izquierda. La referencia al país emisor, «FI», y la marca de ceca aparecen en la parte inferior derecha. En la corona circular de la moneda figuran las doce estrellas de la bandera europea.;11 de noviembre de 2019;500.000;;;;
Finlandia;2020;Universidades y sociedad. Centenario de la Universidad de Turku;;El diseño reticular representa la interacción entre las universidades y la sociedad. En la parte superior aparece el año de emisión «2020», a la derecha, la marca de ceca, y debajo de esta la indicación del Estado emisor, «FI». En la corona circular de la moneda figuran las doce estrellas de la bandera europea.;18 de agosto de 2020;800.000;;;;
Finlandia;2020;100º aniversario de Väinö Linna;;La moneda conmemora al prominente escritor finlandés Väinö Linna. Este año se cumplen cien años desde su nacimiento en 1920. El motivo simboliza el tiempo que Linna trabajó en una fábrica textil y muestra, además de su rostro, letras a modo de urdimbre de sus libros. La inscripción «VÄINÖ LINNA» figura en el lado izquierdo. En la parte inferior se aprecian las inscripciones del año de emisión «2020» y del país emisor «FI» y la marca de ceca. En la corona circular de la moneda figuran las doce estrellas de la bandera europea.;16 de noviembre de 2020;800.000;;;;
Finlandia;2021;Periodismo y comunicación abierta en apoyo de la democracia finlandesa;;Las figuras representadas en la parte interior de la moneda pueden interpretarse como figuras humanas estilizadas y entrelazadas en una red de tipo cinta. En los lados exteriores de la parte interior de la moneda se lee «JOURNALISMI JOURNALISTIK». En la parte inferior de la parte interior figura la leyenda «2021 FI» precedida de la marca de ceca finlandesa. En la corona circular de la moneda figuran las doce estrellas de la bandera europea.;14 de abril de 2021;800.000;;;;
Finlandia;2021;Centenario de la autonomía de las islas Åland;;El tema de la moneda es el paisaje del archipiélago compuesto por formas en relieve. La mitad inferior del motivo presenta una escala con señales náuticas, la proa de una embarcación y una mano que sostiene una brújula. La línea media horizontal del motivo muestra un horizonte marino. La mitad superior del motivo presenta cielo y nubes. En la parte inferior, en un semicírculo, aparece la inscripción «AHVENANMAAN ITSEHALLINTO 100 VUOTTA» («Centenario de la autonomía de las islas Åland», en finés). En la parte superior, en un semicírculo, aparece la inscripción «ÅLANDS SJÄLVSTYRELSE 100 ÅR» («Centenario de la autonomía de las islas Åland», en sueco). En el centro hay dos puntos destacados en forma de diamante entre los textos, uno a la izquierda y otro a la derecha. Sobre los diamantes, en el lado derecho, figura la inscripción «2021 FI» y, en el lado izquierdo, la marca de ceca de la Fábrica de Moneda de Finlandia. En la corona circular de la moneda figuran las doce estrellas de la bandera europea.;13 de agosto de 2021;800.000;;;;
Finlandia;2022;35 años del programa Erasmus (Diseño común Eurozona);;El diseño es una combinación de dos elementos fundamentales del programa Erasmus: la inspiración intelectual original, el propio Erasmus, y la alegoría de su influencia en Europa. El primero se simboliza por una de las representaciones más conocidas de Erasmus. El segundo se simboliza por un haz de enlaces que cruzan la moneda de una baliza a otra, en representación de los numerosos intercambios intelectuales y humanos entre los estudiantes europeos. Como referencia a Europa, algunos de estos enlaces forman otras estrellas, derivadas de la sinergia entre los países. El número 35, por el 35.º aniversario, surge de las estrellas en un estilo gráfico moderno. En la corona circular de la moneda figuran las doce estrellas de la bandera europea.;1 de Julio de 2022;400.000;;;;
Finlandia;2022;Centenario del Ballet Nacional de Finlandia;;El motivo representa los movimientos vigorosos y gráciles de una bailarina cubierta con un ligero tejido vaporoso que acentúa la belleza y la fluidez de su pose. También aparece el año de emisión «2022» y, en la parte superior, la indicación del país emisor «FI» y la marca de ceca. En la corona circular de la moneda figuran las doce estrellas de la bandera europea.;11 de febrero de 2022;400.000;;;;
Finlandia;2022;Investigación climática en Finlandia;;El motivo de la moneda es un liquen barba estilizado, con su estructura en forma de raíz grabada en el centro de la parte interior de la moneda. En las caras exteriores de la parte interior de la moneda figuran las leyendas «ILMASTOTUTKIMUS», en finés en el lado izquierdo, y «KLIMATFORSKNING», en sueco en el lado derecho. En la parte inferior del interior de la moneda figura la leyenda «2022 FI». En la parte superior del interior de la moneda aparece la marca de ceca de la Fábrica de Moneda de Finlandia. En la corona circular de la moneda figuran las doce estrellas de la bandera europea.;30 de septiembre de 2022;400.000;;;;
Finlandia;2023;Primera Ley de conservación de la naturaleza de Finlandia;;El motivo de la moneda es un escarabajo estilizado. En la parte superior, en forma de semicírculo, aparece la leyenda «CONSERVACIÓN DE LA NATURALEZA» en finés, y en la parte inferior, de nuevo en semicírculo, la misma leyenda «CONSERVACIÓN DE LA NATURALEZA» en sueco, y el año de emisión «2023». A la derecha de la parte interior de la moneda figuran las letras «FI». A la izquierda de la parte interior de la moneda se ve la marca de ceca de la Fábrica de Moneda de Finlandia. En la corona circular de la moneda figuran las doce estrellas de la bandera europea.;21 de marzo de 2023;400.000;;;;
Finlandia;2023;Los servicios sociales y sanitarios;;El motivo representa un mapa estilizado de Finlandia. En el lado izquierdo, figura la leyenda «HYVINVOINTI / VÄLFÄRD» [BIENESTAR] en finés y sueco. El año de acuñación «2023» se encuentra ligeramente a la izquierda, en el centro de la moneda. En la parte inferior, figura la indicación del país de emisión, «FI». En el lado derecho, figura la marca de ceca de la Fábrica de Moneda de Finlandia. En la corona circular de la moneda figuran las doce estrellas de la bandera europea.;07 de agosto de 2023;400.000;Con esta moneda se quiere destacar el papel fundamental de los servicios sociales y sanitarios en la salvaguardia del bienestar de los ciudadanos. Se trata de un tema de relevancia y actualidad, ya que la pandemia de Covid-19 ha puesto de manifiesto la importancia de los servicios sociales y de salud para el funcionamiento de la sociedad, así como su potencial vulnerabilidad.;;;
Finlandia;2024;Elecciones y Democracia;;El dibujo muestra papeletas de voto estilizadas, formadas por círculos y rectángulos. El tema es abstracto, pero sigue siendo reconocible. Hay ocho papeletas de voto, que se solapan parcialmente, creando formas geométricas más pequeñas en las intersecciones de las papeletas que se solapan. En la parte inferior figura el año 2024. Las letras «FI» se encuentran en el lado derecho, ligeramente por encima de la línea media. La leyenda «VAALIT ? DEMOKRATIA» rodea el tema por la derecha. A su vez, la leyenda «VAL ? DEMOKRATI» rodea el tema por la izquierda. En la corona circular de la moneda figuran las doce estrellas de la bandera europea.;Segundo Treimestre de 2024;400.000;El diseño de la de la moneda muestra papeletas electorales de forma estilizada. Estas papeletas están formadas por círculos y rectángulos. El tema es abstracto, pero reconocible. Hay ocho papeletas que se superponen parcialmente en la superficie de la moneda, creando formas geométricas más pequeñas en las intersecciones de estas. El año 2024 figura en la parte inferior central de la moneda. La inscripción que identifica al estado emisor «FI», junto a la marca de ceca se encuentra en el lado derecho. La leyenda VAL ? DEMOKRATI figura en el lado izquierdo y en el derecho  VAALIT ? DEMOKRATIA (ELECCIONES Y DEMOCRACIA, en los dos idiomas oficiales de Finlandia, finlandés y sueco).;;;
Finlandia;2024;Gesellius, Lindgren, Saarinen - Arquitectura finlandesa;;En el diseño figuran las siluetas de cuatro edificios (Museo Nacional, Hvitträsk, la Casa Tallberg y el pabellón finlandés en la Exposición Universal de París de 1900) en los que las torres de los tejados apuntan hacia el centro. Entre los edificios, figuran en diagonal las menciones «GESELLIUS», «LINDGREN», «SAARINEN» (los nombres de los arquitectos), la indicación del país emisor «FI», la marca de ceca y el año «2024». Estas menciones y las siluetas de los edificios forman una composición tipo reloj en la superficie circular de la moneda. En la corona circular de la moneda figuran las doce estrellas de la bandera europea.;;400.000;;;;
Finlandia;2025;Visitas de Estado de Finlandia: Diplomacia y Política Exterior;;La moneda presenta un diseño contemporáneo y simbólico. En el centro, una figura en forma de puerta abstracta representa la idea de apertura y encuentro que caracteriza a las visitas de Estado. Esta figura aparece como un rectángulo de acabado en espejo, con la marca de ceca, el año «2025» y el código «FI» dispuestos verticalmente a lo largo del borde izquierdo. La parte superior del rectángulo es redondeada y sigue la curvatura del borde de la moneda. En la parte inferior derecha, la superficie está surcada por líneas horizontales, mientras que una forma circular atraviesa la curva de la imagen, creando una interesante interacción visual.;13 de Mayo de 2025;204.000;"Las visitas de Estado de Finlandia representan un pilar fundamental en su diplomacia y política exterior. Como un país nórdico con una fuerte tradición de cooperación internacional, Finlandia utiliza estas visitas oficiales para fortalecer las relaciones bilaterales, promover el diálogo político y económico, y reafirmar su compromiso con los valores democráticos y la paz global.
A través de estas visitas, los líderes finlandeses, como el presidente de la República y representantes del gobierno, mantienen encuentros con jefes de Estado y líderes internacionales. Estas ocasiones permiten abordar temas clave como el comercio, la seguridad, el cambio climático y la innovación tecnológica, áreas donde Finlandia se destaca como líder global.
Además, las visitas de Estado reflejan la identidad diplomática de Finlandia, caracterizada por la búsqueda de consensos, el respeto al derecho internacional y la promoción de la cooperación multilateral. En un contexto global cambiante, estas acciones consolidan la posición de Finlandia como un actor confiable y activo en la escena internacional, contribuyendo al desarrollo de soluciones sostenibles y al fortalecimiento de las alianzas estratégicas.";;;
Finlandia;2025;Centenario de la competición de atletismo Finlandia-Suecia;;El diseño presenta dos piernas en movimiento y líneas discontinuas arqueadas que representan una pista de atletismo. Conmemora el centenario del evento Finlandia-Suecia Athletics International, celebrando la tradición deportiva finlandesa y el espíritu colectivo del evento. En la parte superior aparece el año 2025. La marca de ceca está en el centro izquierdo y la inscripción FI en el centro derecho.;Octubre de 2025;204.000;"La competición internacional anual de atletismo entre Suecia y Finlandia, conocida como el «Encuentro Suecia-Finlandia» o «Finnkampen» en sueco y «Ruotsi-ottelu» en finlandés, es una de las rivalidades deportivas más antiguas y destacadas en el atletismo europeo. El primer encuentro se celebró en 1925, y desde 1945 se ha llevado a cabo anualmente, con la excepción del año olímpico de Helsinki en 1952.
Este evento enfrenta a los equipos nacionales masculinos y femeninos de ambos países en diversas disciplinas atléticas, acumulando puntos según las posiciones obtenidas en cada prueba. La sede del encuentro alterna cada año entre ambos países, realizándose en estadios emblemáticos como el Estadio Olímpico de Helsinki y el Estadio Olímpico de Estocolmo.
El Encuentro Suecia-Finlandia no solo es una competición deportiva, sino también una celebración de la amistad y la rivalidad histórica entre las dos naciones nórdicas, atrayendo a numerosos aficionados y fomentando el desarrollo del atletismo en la región.
La serie de encuentros de atletismo entre Finlandia y Suecia es una tradición deportiva que se remonta a 1925, celebrada anualmente y alternando sede entre Helsinki y Estocolmo. Se trata de una competición con fuerte arraigo en los países nórdicos, donde se vive con intensidad, pero cuyo impacto no trasciende más allá de sus fronteras.
Que un evento de estas características —respetable pero eminentemente local— se convierta en el motivo principal de una moneda de 2 euros conmemorativa plantea dudas legítimas. Estas monedas fueron concebidas originalmente para conmemorar hechos o personajes relevantes a nivel europeo, no celebraciones nacionales de escasa proyección continental.";;;
Finlandia;2026;100 años de radiodifusión finlandesa;;"El diseño de esta moneda de 2 euros ha sido realizado por Petri Neuvonen, autor que ya ha participado anteriormente en otras emisiones finlandesas. Su propuesta introduce una lectura muy actual sobre el papel de los medios públicos en la sociedad contemporánea.
Según la explicación oficial, el diseño representa las llamadas “burbujas informativas”, esos entornos cerrados donde muchas personas consumen únicamente información afín a sus ideas o intereses. Frente a ello, la radiodifusión pública aparece como un elemento capaz de romper esas barreras y acercar a la sociedad a un conocimiento compartido.
El motivo nacional aparece rodeado por las doce estrellas de la Unión Europea, mientras que la cara común mantiene el diseño habitual utilizado en las monedas de 2 euros de la eurozona.";21 de mayo de 2026;180.000;"La primera moneda conmemorativa de 2 euros de 2026, una emisión dedicada al centenario de Yleisradio, más conocida como Yle, la radiotelevisión pública finlandesa. La moneda lleva por título “100 años de radiodifusión finlandesa” y recuerda el nacimiento de una institución que, desde 1926, ha acompañado la vida diaria de varias generaciones de finlandeses.
A diferencia de otras emisiones de 2 euros conmemorativos, esta pieza no se destinará a la circulación general, sino que únicamente se comercializará en diferentes formatos para coleccionistas. La emisión llega en pleno año conmemorativo de Yle, que celebrará oficialmente su centenario el 9 de septiembre de 2026.
Yleisradio nació en 1926 como una pequeña emisora de radio en Helsinki, bajo el nombre de Suomen Yleisradio. Aquellas primeras transmisiones radiofónicas fueron el inicio de un camino que pronto se extendería por todo el país. En 1928 sus emisiones ya alcanzaban Finlandia entera, y en los años treinta alrededor de 100.000 hogares podían escuchar sus programas. Décadas después llegaría la televisión: las pruebas de Suomen Televisio comenzaron en 1957, germen de lo que más tarde sería Yle TV1.
Hoy, Yle es uno de los grandes pilares mediáticos del país. La corporación pública ofrece canales nacionales de televisión, emisoras de radio, servicios digitales y una amplia red regional, desempeñando además un importante papel cultural y social dentro de Finlandia.";;;
Finlandia;2026;Raili y Reima Pietilä;;En la parte superior central de la moneda aparecerá el texto “RAILI REIMA PIETILÄ” dispuesto en diagonal, una palabra por línea. En el borde izquierdo se situarán la marca de ceca y la inscripción “FI”, mientras que el año 2026 figurará en horizontal bajo esos elementos.;Octubre de 2026;204.000;"La nueva moneda de 2 euros conmemorativa estará dedicada a Raili Pietilä (1926-2021) y Reima Pietilä (1923-1993), dos nombres esenciales para comprender la evolución de la arquitectura finlandesa contemporánea. Ambos formaron una pareja profesional y creativa de enorme personalidad, capaz de apartarse del funcionalismo más rígido para explorar un lenguaje arquitectónico más libre, orgánico y expresivo.
 Su obra destacó por una visión poco convencional de la modernidad. Frente a las líneas impersonales o excesivamente racionales, los Pietilä apostaron por edificios con carácter, formas vivas y soluciones inspiradas en el entorno natural. En su arquitectura, la modernidad no era fría: dialogaba con el bosque, con la roca, con la tradición local y con la experiencia humana del espacio.
Ese es precisamente el gran valor simbólico de esta moneda: no homenajea solo a dos arquitectos, sino a una manera de crear profundamente ligada a la identidad cultural de Finlandia.
El diseño: Dipoli como símbolo de su legado
La descripción oficial de la moneda explica que el diseño honra a Raili y Reima Pietilä a través de su enfoque orgánico de la arquitectura moderna. Esa idea se representa mediante la fachada de Dipoli, uno de sus edificios más célebres, terminado en 1966.
Dipoli, situado en Espoo, es una obra emblemática de la arquitectura finlandesa del siglo XX. Concebido originalmente como centro estudiantil, el edificio se ha convertido con el paso del tiempo en una referencia internacional por su lenguaje casi escultórico, por el uso expresivo de los materiales y por su integración con el entorno. Sus formas quebradas, sus volúmenes irregulares y su relación con la naturaleza condensan a la perfección la filosofía de los Pietilä.
La emisión de esta moneda también encaja en una tendencia cada vez más visible en Europa: utilizar las monedas conmemorativas para reivindicar no solo episodios históricos o aniversarios institucionales, sino también a creadores que ayudaron a definir la imagen cultural de un país.
En el caso de Finlandia, hablar de los Pietilä es hablar de innovación, pero también de identidad. Su obra nunca imitó servilmente corrientes extranjeras: partió de influencias internacionales, sí, pero para construir un lenguaje propio, profundamente finlandés.";;;
Finlandia;2002;Cara Nacional 2€;;"La moneda de 2€ muestra la flor y el fruto del rubus chameromus, diseñados por Raimo Heino. Grabado del canto (virola) de la moneda de 2€: SUOMI FINLAND * * *, en la que el símbolo""*"" representa una cabeza de león.";01 de enero de 2002;Indefinido;;;;
Francia;2007;Quincuagésimo aniversario del Tratado de Roma (Diseño común Eurozona);;En el centro de la moneda se representa el documento del Tratado firmado por los seis países fundadores, sobre un fondo que imita el pavimento diseñado por Miguel Ángel para la Piazza del Campidoglio de Roma, en la que tuvo lugar la firma el 25 de marzo de 1957. El nombre del país emisor y las leyendas «TRATADO DE ROMA 50 AÑOS» y «EUROPA» aparecen en latín o en el idioma o idiomas de dicho país de la zona del euro. Así pues, la inscripción varía según el país, aunque la imagen es la misma. El Tratado de Roma estableció la Comunidad Económica Europea, iniciando así un proceso que condujo a la introducción del euro en 1999 y de los billetes y monedas en euros en el 2002. Para celebrar el aniversario del Tratado, el 25 de marzo de 2007, los países miembros de la zona del euro han decidido emitir de forma conjunta esta moneda, cuyo diseño resultó elegido en un concurso organizado por las fábricas de moneda europeas. En el anillo exterior de la moneda están representadas las doce estrellas de la Unión Europea.;Marzo de 2007;9.000.000;Francia (RÉPUBLIQUE FRANÇAISE);;;
Francia;2008;Presidencia francesa del Consejo de la Unión Europea en el segundo semestre de 2008;;El motivo de la moneda es la inscripción: «2008 PRÉSIDENCE FRANÇAISE UNION EUROPÉENNE RF». La marca de la ceca y la marca del grabador figuran abajo, a izquierda y derecha, respectivamente. En la corona circular se representan las doce estrellas de la Unión Europea.;Julio de 2008;20.000.000;;;;
Francia;2009;Décimo aniversario de la Unión Económica y Monetaria (Diseño común Eurozona);;En la moneda puede verse una figura de diseño primitivo que se funde con el símbolo del €. La idea que se desea transmitir es que la moneda única y, por extensión, la Unión Económica y Monetaria (UEM) constituyen el último eslabón de la larga historia de la integración económica y comercial europea. Esta moneda la emiten todos los países de la zona del euro, figurando en cada caso el nombre del país emisor y la leyenda «UEM 1999-2009» en la lengua o lenguas respectivas. El diseño, elegido entre los cinco preseleccionados por ciudadanos de la Unión Europea mediante votación por Internet, es creación de George Stamatopoulos, escultor del departamento de acuñación del Banco de Grecia. En la corona circular se representan las doce estrellas de la Unión Europea.;Enero de 2009;10.000.000;Francia (RÉPUBLIQUE FRANÇAISE);;;
Francia;2010;Septuagésimo aniversario del llamamiento del 18 de junio;;La moneda conmemora el septuagésimo aniversario del llamamiento que el 18 de junio de 1940 («Appel du 18 juin»), desde la BBC de Londres, hizo el general Charles de Gaulle, jefe de las Fuerzas de la Francia Libre, tras la caída de Francia. El general de Gaulle se dirigió al pueblo francés para proclamar que la guerra aún no había terminado. Se considera que el discurso marcó el nacimiento de la resistencia francesa y el principio de la lucha contra la ocupación de Francia durante la Segunda Guerra Mundial. En la corona circular figuran las doce estrellas de la Unión Europea.;25 de mayo de 2010;20.000.000;;;;
Francia;2011;Trigésimo aniversario de la Fiesta de la Música;;La parte interior de la moneda muestra una multitud gozosa, con una representación estilizada de un instrumento musical y notas flotando en el aire, que simbolizan la atmósfera festiva de la Fiesta de la Música, que se celebra en Francia coincidiendo con el solsticio de verano desde 1981. La leyenda «Fête de la MUSIQUE» y la fecha «21 JUIN 2011» aparecen en el centro del motivo. A lo largo del borde superior, hacia la derecha, figura la leyenda «30e ANNIVERSAIRE» y, en la parte inferior, el código del país emisor, «RF». En la corona circular figuran las doce estrellas de la Unión Europea.;21 de junio de 2011;10.000.000;;;;
Francia;2012;Diez años de billetes y monedas en euros (Diseño común: Eurozona);;La parte central de la moneda, diseñada por Helmut Andexlinger, de la Fábrica de Moneda de Austria, y escogida por los ciudadanos y residentes de la zona del euro como moneda conmemorativa común de 2012, muestra el mundo en forma de símbolo del euro en el centro, aludiendo a cómo el euro se ha convertido en un verdadero actor mundial a lo largo de la última década. Los elementos que rodean al euro simbolizan su importancia para la gente corriente (representada por una familia de cuatro miembros), para el mundo de las finanzas (la Eurotower), para el comercio (un buque), para la industria (una fábrica) y la energía, para la investigación y el desarrollo (dos turbinas eólicas). Las iniciales del diseñador «A.H.» se aprecian (si se observa con mucha atención) entre el buque y la Eurotower. En los bordes superior e inferior de la parte central de la moneda figuran, respectivamente, el país emisor y los años «2002 – 2012». La moneda la emitirán todos los países de la zona del euro. En la corona circular figuran las doce estrellas de la Unión Europea.;enero de 2012;10.000.000;Francia (RÉPUBLIQUE FRANÇAISE);;;
Francia;2012;Centenario del nacimiento del abad Pierre, célebre en Francia por su labor de protector de los pobres;;La parte central de la moneda muestra un retrato del abad Pierre con su famosa boina, escorado ligeramente a la izquierda. A la derecha figura el logotipo de la fundación que lleva su nombre, con un microtexto en el que se puede leer «Et les autres?», que era su divisa favorita para recordar que nunca debemos olvidar ayudar a los demás. En el borde interior, la inscripción «Centenaire de la naissance de l’abbé Pierre» forma un arco alrededor del retrato. A la izquierda figuran el cuerno de la abundancia (marca de ceca de la Monnaie de Paris) y las letras «RF», que hacen referencia al país de emisión. A la derecha aparece la «fleurette» (distintivo del taller de grabado). En la corona circular figuran las doce estrellas de la Unión Europea.;22 de junio de 2012;1.000.000;;;;
Francia;2013;50º aniversario de la firma del Tratado del Elíseo (Diseño común: ALE y FRA);;"La moneda, diseñada por Yves Sampo, de la Fábrica de la Moneda de París; Stefanie Lindner, de la Fábrica de la Moneda de Berlín; Alina Hoyer (Berlín) y Sneschana Russewa-Hoyer (Berlín), muestra los retratos estilizados de los signatarios del Tratado del Elíseo (el entonces canciller de la República Federal de Alemania, Konrad Adenauer, y el antiguo presidente de la República Francesa, Charles de Gaulle), sobre sus respectivas firmas situadas a los lados de la inscripción «50 ANS JAHRE» y el año «2013» en el centro. Las inscripciones «TRAITÉ DE L’ÉLYSÉE» y «ÉLYSÉE-VERTRAG» aparecen centradas, respectivamente, en los bordes superior e inferior del centro de la moneda. En el lado derecho de la parte interior figura, bajo la efigie de Adenauer, la «fleurette» (distintivo del taller de grabado) y las letras «RF» que indican el país emisor, mientras que la marca de ceca está situada en el lado izquierdo de la parte interior, bajo la efigie de De Gaulle. En la corona circular de la moneda figuran las doce estrellas de la Unión Europea.";22 de enero de 2013;10.000.000;Diseño común. Alemania y Francia.;;;
Francia;2013;150º aniversario del nacimiento de Pierre de Coubertin, promotor del renacimiento de los Juegos Olímpicos y primer presidente del Comité Olímpico Internacional;;En la parte central de la moneda, ligeramente a la derecha, aparece retratado un Pierre de Coubertin joven sobre una representación estilizada de los anillos olímpicos, que enmarcan las siluetas que simbolizan los deportes olímpicos. Las letras «RF», que indican el país emisor, figuran a la izquierda del retrato, sobre el año de emisión «2013». El nombre «PIERRE DE COUBERTIN» está inscrito en el borde superior de la parte central de la moneda. En la corona circular de la moneda figuran las doce estrellas de la Unión Europea.;03 de junio de 2013;1.000.000;;;;
Francia;2014;70º aniversario del desembarco de Normandía, el 6 de junio de 1944 (El día D);;En el centro de la moneda, el grafismo «D-DAY» representa a la vez una lancha de desembarco y el cañón de un carro de combate. Encima del cañón figuran las fechas «1944 - 2014» y la mención «70e anniversaire du débarquement». Las características huellas de las botas que llevaban los soldados estadounidenses, británicos y canadienses van desapareciendo poco a poco, borradas por una ola. En la ola están grabados los versos de Verlaine que fueron la contraseña para el inicio del desembarco: «Les sanglots longs des violons de l’automne blessent mon coeur d’une langueur monotone». En la corona circular figuran las doce estrellas de la Unión Europea.;11 de junio de 2014;3.000.000;;;;
Francia;2014;Día Mundial de Lucha contra el SIDA;;El lazo rojo, símbolo de la lucha contra el SIDA, figura en la cara de la moneda. Creado por iniciativa del «Visual Aids Artist Caucus» y del pintor estadounidense Frank Moore, el lazo rojo, que se lleva cerca del corazón como símbolo de solidaridad con los enfermos, tiene forma de «V» invertida. La idea es que un día pueda llevarse hacia arriba, representando la victoria contra la enfermedad. En el centro de la moneda aparecen tres lazos: uno de ellos está en el sentido clásico y es de color rojo para las versiones BU (brillante universal) y BE (belle épreuve, acabado mate-brillo), y los otros dos al revés, en forma de «V», para reforzar el valor simbólico de la victoria tan esperada. La fecha del 1 de diciembre, Día Mundial de Lucha contra el SIDA de la UNESCO, aparece en la parte superior de la moneda. En la corona circular figuran las doce estrellas de la Unión Europea.;24 de noviembre de 2014;3.000.000;;;;
Francia;2015;Trigésimo aniversario de la bandera de la UE (Diseño común Eurozona);;El motivo representa la bandera de la UE como símbolo que une pueblos y culturas con visiones e ideales comunes de un futuro mejor. Doce estrellas que se transforman en figuras humanas representan el nacimiento de una nueva Europa. En la parte superior derecha, en semicírculo, figura la mención del país emisor «RÉPUBLIQUE FRANÇAISE» y los años «1985-2015». En la parte inferior derecha aparecen las iniciales del artista (Georgios Stamatopoulos). En la corona circular de la moneda figuran las doce estrellas de la Unión Europea.;21 de noviembre de 2015;4.000.000;Francia (RÉPUBLIQUE FRANÇAISE);;;
Francia;2015;Desde 1945, Europa construye la paz y la seguridad;;El centro de la moneda muestra una representación gráfica y moderna de una paloma. Lleva un ramo de olivo, que simboliza la paz, cuyas ramas han sido sustituidas por las 12 estrellas de la bandera europea. Asimismo, se hace referencia a los 28 países de la Unión Europea mediante el correspondiente código ISO. Las letras «RF» (República Francesa) están en la parte inferior de la moneda, las marcas de ceca, a la izquierda y el año de fabricación, «2015», a la derecha. En la corona circular de la moneda figuran las doce estrellas de la Unión Europea.;02 de febrero de 2015;4.000.000;;;;
Francia;2015;225 años de la Fiesta de la Federación;;La fiesta nacional une al pueblo francés en conmemoración de la República. La imagen muestra el perfil de Mariana, símbolo de la República, representada de manera gráfica y moderna. Lleva el gorro frigio. A la derecha, sobre las iniciales RF, se esboza la escarapela tricolor. El año está grabado en el centro de la moneda. En el lado izquierdo hay una estrofa de «Liberté», obra del poeta francés Paul Éluard, en referencia al lema de la República. Las marcas de ceca aparecen al lado de este fragmento. En la corona circular figuran las doce estrellas de la Unión Europea.;24 de julio de 2015;4.000.000;;;;
Francia;2016;Eurocopa 2016 de la UEFA;;El campeonato de Europa de la UEFA, que se organiza cada cuatro años desde 1960 y se denomina comúnmente Eurocopa, se disputó en Francia entre el 10 de junio y el 10 de julio de 2016. La Eurocopa 2016 fue la decimoquinta edición de la competición organizada por la Unión de Asociaciones Europeas de Fútbol y reunió a los mejores equipos masculinos europeos. El trofeo Henri-Delaunay, llamado así por el creador de la competición, se entregó en versión reducida al vencedor. El motivo representa el trofeo Henri-Delaunay en el centro de la silueta de Francia, flanqueado por dos marcas de la Casa de la Moneda de París. A la derecha de la silueta de Francia figura el código «RF» (República Francesa) y encima aparece el nombre de la competición:«UEFA EURO 2016 France». Más abajo figura un balón en primer plano. El conjunto descansa sobre un fondo compuesto por elementos gráficos que representan la competición. En la corona circular de la moneda figuran las doce estrellas de la Unión Europea.;08 de febrero de 2016;10.000.000;;;;
Francia;2016;Centenario del nacimiento de François Mitterrand;;El motivo representa un perfil de François Mitterrand pensativo. A la derecha aparece su emblema personal: un roble y un olivo entrelazados. Por encima del conjunto figuran los años de su nacimiento y centenario («1916» y «2016») y su nombre. En la parte inferior aparece el código del país emisor «RF». En la corona circular figuran las doce estrellas de la bandera europea.;12 de septiembre de 2016;10.000.000;;;;
Francia;2017;Centenario de la muerte de Auguste Rodin;;Para conmemorar el centenario de su fallecimiento, la Monnaie de Paris rinde tributo al ilustre escultor francés Auguste Rodin. Nacido en 1840, es uno de los grandes genios del estilo realista. Obras suyas como El pensador, El beso, La puerta del infierno o Los burgueses de Calais son obras maestras intemporales de la escultura mundial. El motivo representa a Auguste Rodin y El pensador, su obra más conocida, frente con frente. La mención RF, por la República Francesa, aparece como esculpida en la parte superior de la moneda, con el nombre del artista, «A. Rodin», y las fechas de la efemérides, «1917-2017», inscritos en su barba. En la corona circular de la moneda figuran las doce estrellas de la Unión Europea.;21 de febrero de 2017;10.000.000;;;;
Francia;2017;25º aniversario del lazo rosado, símbolo de la lucha contra el cáncer de mama;;El motivo representa el busto de una mujer protegido simbólicamente por una mano y el lazo. Lo rodea, a la derecha, la leyenda «25e ANNIVERSAIRE DU RUBAN ROSE» (25º aniversario del lazo rosado). En el lado derecho figuran también los años «1992-2017», la indicación del país emisor «RF», y las marcas de ceca. En la corona circular de la moneda figuran las doce estrellas de la Unión Europea.;28 de septiembre de 2017;10.000.000;Desde la década de 1990, la lucha contra el cáncer de mama es una importante causa común en todo el mundo. Con ocasión del 25º aniversario del lazo rosado, icono de esta lucha, la Monnaie de Paris ha decidido prestar su apoyo a la causa. Desde hace casi quince años, se concede un premio lazo rosado para contribuir a los esfuerzos de investigación y a la innovación.;;;
Francia;2018;Le Bleuet de France (Aciano de Francia);;"Desde hace cien años, el aciano es la flor de la Memoria y la Solidaridad de Francia. Nació de la voluntad de acudir en auxilio de los soldados mutilados de la Primera Guerra Mundial. Rápidamente, esta florecita se convirtió en el símbolo de toda la nación francesa agradecida por el sacrificio de sus soldados en defensa de su país y sus ideales.
Hoy en día, el Bleuet de France prosigue su misión tradicional de apoyo moral y económico a los veteranos y las víctimas de la guerra de ayer y hoy, sin olvidar a las víctimas del terrorismo.
El Bleuet también contribuye a la transmisión de referentes y valores como el respeto, la paz y la tolerancia entre los más jóvenes: una tarea de preservación de la memoria que honra a quienes lucharon y siguen luchando aún ahora por nuestra libertad.
En el diseño, el Bleuet ocupa la parte central y está rodeado por la inscripción «Le Bleuet de France, fleur de mémoire et de solidarité». Asimismo figuran en el diseño las fechas «1918-2018», la mención «RF» y la marca de ceca. En la corona circular de la moneda figuran las doce estrellas de la Unión Europea.";22 de febrero de 2018;15.000.000;;;;
Francia;2018;Simone Veil;;El diseño muestra un retrato de Simone Veil, un icono de la lucha por los derechos de las mujeres. Simone Veil, Jacob de nacimiento, nos dejó en junio de 2017 a la edad de 89 años. Tras haber sobrevivido a una deportación a Auschwitz, llegó a convertirse en una de las protagonistas más importantes de la construcción de Europa. Fue la primera presidenta elegida democráticamente del Parlamento Europeo, cargo que ejerció desde 1979 hasta 1982. Es una figura simbólica de la despenalización del aborto, por la que luchó con la ley que lleva su nombre y que se votó en 1975. En 2008, fue elegida miembro de la Academia Francesa. El número con el que la registraron durante su deportación aparece en el cuello de su camisa. Al fondo aparece el Parlamento Europeo, en el que se inscriben su nombre y fechas clave, la indicación del país «RF», el año de emisión «2018» y las marcas de ceca. En la corona circular de la moneda figuran las doce estrellas de la Unión Europea.;26 de junio de 2018;15.000.000;;;;
Francia;2019;60º aniversario de Astérix;;Durante sesenta años, Astérix ha sido un verdadero icono de la cultura francesa. Este personaje, creado en 1959 por el guionista René Goscinny y el dibujante Albert Uderzo, encarna al francés con su inteligencia y agudeza a través de la identidad gala. Aparte de su línea artística, su pintura de la sociedad contemporánea con humor ha ganado para Astérix una gran fama internacional desde hace muchos años. Desde su creación, se ha traducido a todas las lenguas de la Unión Europea con gran éxito. Por ejemplo, la reputación de Astérix es tan alta en Alemania como en Francia. También es muy conocido en el Reino Unido, los Países Bajos, España, Portugal, Italia y Escandinavia desde hace muchos años. Aparte de ser un icono de Francia, Astérix se ha convertido en una verdadera figura del noveno arte. El motivo representa a Astérix de perfil con su famoso casco alado. Está rodeado de laureles e inscripciones romanas que hacen referencia a sus sesenta años. En la parte superior figuran la leyenda «ASTÉRIX» y, debajo, la indicación del país emisor «RF» (iniciales de República Francesa). El año de emisión «2019» está inscrito en la parte inferior, junto con la marca de ceca francesa y la del maestro de ceca. En la corona circular de la moneda figuran las doce estrellas de la bandera europea.;07 de junio de 2019;310.000;;;;
Francia;2019;Treinta años de la caída del muro de Berlín;;"Hace treinta años cayó el muro de Berlín. Además de sus repercusiones en la sociedad alemana, fue un acontecimiento que tuvo consecuencias mundiales. El 9 de noviembre de 1989, este hito marcó el final de la guerra fría y anunció un apaciguamiento al cabo de varias décadas de tensiones internacionales. A escala europea, fue el primer paso hacia la reunificación de uno de los principales países de la Unión Europea. Este cambio importante quedó consagrado en el Tratado de Moscú, del que Francia fue signataria. La Unión Europea acogió entonces a dieciséis millones de nuevos ciudadanos en tan solo un año, lo cual suponía un efecto estructural y económico equivalente al de la adhesión de un nuevo país.
El motivo representa el muro de Berlín, abierto en su centro, de forma que deja pasar a unas palomas (símbolos del apaciguamiento internacional) y a una multitud jubilosa. En el fondo figura la Puerta de Brandeburgo, el símbolo por excelencia de Berlín. La leyenda «30 ans de la chute du mur de Berlin/30 Jahre Mauerfall» (treinta años de la caída del muro de Berlín) está inscrita en un lado de la pared. En la parte inferior del motivo figura el año de emisión «2019» y, a su derecha, la indicación del país emisor «RF» (iniciales de República Francesa). En la corona circular de la moneda figuran las doce estrellas de la bandera europea.";15 de octubre de 2019;10.000.000;;;;
Francia;2020;50 Aniversario de la muerte del general Charles de Gaulle, y 80 Aniversario del llamamiento del 18 de junio;;El motivo representa dos perfiles de Charles de Gaulle en dos momentos diferentes. El perfil del segundo plano muestra a Charles de Gaulle en uniforme de general del ejército durante el llamamiento a las armas del 18 de junio de 1940 o durante la liberación de París. El perfil del primer plano representa a Charles de Gaulle durante su segundo mandato presidencial. Por último, la mención RF está semiintegrada en una cruz de Lorena, símbolo de la Francia Libre elegido por el general Charles de Gaulle en 1940. Sus fechas de nacimiento y de fallecimiento, así como la fecha del año, también figuran en la cruz de Lorena. En la corona circular de la moneda figuran las doce estrellas de la bandera europea.;31 de enero de 2020;18.061.940;;;;
Francia;2020;Investigación médica;;"El motivo muestra la figura del ser humano en la Unión, representada por un rostro grabado en una esfera. Mira a lo infinitamente pequeño, representado por fragmentos de ADN grabados en un círculo. La intersección de los planos es una alegoría que representa a la investigación y la inteligencia dominando lo infinitamente pequeño, estudiándolo y derrotando a las enfermedades. La indicación del Estado emisor «RF» se encuentra en la parte superior derecha; la marca de ceca y el año de emisión «2020» se encuentran en la parte inferior izquierda. En la corona circular de la moneda figuran las doce estrellas de la bandera europea.";27 de octubre de 2020;300.000;;;;
Francia;2021;75 años de la fundación de UNICEF;;El motivo consiste en una alegoría de la labor de «UNICEF», con las manos como elemento clave. Las manos sujetan el globo terráqueo por encima y por abajo, y representan el vínculo entre las distintas regiones de la Tierra. Coronan el conjunto la indicación del 75º aniversario y unas hojas de laurel, junto con el acrónimo RF. En el borde superior figuran la leyenda «UNICEF», junto con las fechas correspondientes, y el lema UNICEF «Pour chaque enfant» (Para cada niño). En la corona circular de la moneda figuran las doce estrellas de la bandera europea.;16 de marzo de 2021;7.500.000;;;;
Francia;2021;Juegos Olímpicos de París 2024 (1/4);;El motivo representa a Marianne, personaje nacional e icono de la numismática francesa, corriendo a la «antigua usanza» en referencia a los Juegos Olímpicos de la Antigüedad. Su silueta se superpone a la Torre Eiffel, elemento fundamental del patrimonio parisino, para formar un eje común con la «dama de hierro». En el fondo, aparece una pista de atletismo en cuyo lado izquierdo se inserta el símbolo de París 2024. Bajo el arco de la torre figuran el año, la mención RF y las marcas de ceca. En la corona circular de la moneda figuran las doce estrellas de la bandera europea.;21 de septiembre de 2021;510.000;;;;
Francia;2022;35 años del programa Erasmus (Diseño común Eurozona);;El diseño es una combinación de dos elementos fundamentales del programa Erasmus: la inspiración intelectual original, el propio Erasmus, y la alegoría de su influencia en Europa. El primero se simboliza por una de las representaciones más conocidas de Erasmus. El segundo se simboliza por un haz de enlaces que cruzan la moneda de una baliza a otra, en representación de los numerosos intercambios intelectuales y humanos entre los estudiantes europeos. Como referencia a Europa, algunos de estos enlaces forman otras estrellas, derivadas de la sinergia entre los países. El número 35, por el 35.º aniversario, surge de las estrellas en un estilo gráfico moderno. En la corona circular de la moneda figuran las doce estrellas de la bandera europea.;1 de Julio de 2022;3.500.000;;;;
Francia;2022;Nonagésimo aniversario del nacimiento del presidente Jacques Chirac;;Jacques Chirac, presidente de la República Francesa durante dos mandatos, fue uno de los principales artífices de la construcción europea. Era presidente cuando se introdujo el euro en 2002, cuyo vigésimo aniversario celebramos a principios de este año. El diseño muestra un perfil solemne del presidente Jacques Chirac mirando hacia el futuro, rodeado de varios símbolos que representan su legado: un símbolo del euro, como signo de su participación en la introducción del euro y de su espíritu europeo, y una bandera francesa representada con colores heráldicos, adornada a su vez con las letras «RF» en referencia a su presidencia. Sus fechas y su nombre figuran en el logotipo del euro. Las marcas de ceca y el año de emisión también figuran en el diseño. En la corona circular de la moneda figuran las doce estrellas de la bandera europea.;25 de enero de 2022;9.000.000;;;;
Francia;2022;Juegos Olímpicos de París 2024 (2/4);;Cien años después de los Juegos Olímpicos de 1924, Francia vuelve a acoger los Juegos Olímpicos de Verano, que tendrán lugar en París en 2024. Se trata de un evento con un eco internacional que se va intensificando según se acerca la fecha de celebración. Con ocasión de la cuenta atrás para los Juegos Olímpicos, la ceca de París desea celebrar el camino hacia los Juegos. Por ello, tiene previsto emitir cada año, en 2022, 2023 y 2024, una moneda conmemorativa de dos euros con una cara original que celebra los Juegos, utilizando el patrimonio de Francia y de París. El diseño representa el genio alado, una figura nacional e icono de la numismática francesa, lanzando el disco de forma «clásica», como referencia a los Juegos Olímpicos de la Antigüedad. Su silueta se funde con la del Arco de Triunfo, un elemento clave del patrimonio parisino, y forma un eje común con este monumento triunfal emblemático. Al fondo figura una pista de atletismo, en cuyo lado derecho se inserta el símbolo de París 2024. El año, la mención «RF» y las marcas de ceca figuran bajo el arco y en torno a sus pies. En la corona circular de la moneda figuran las doce estrellas de la bandera europea.;22 de septiembre de 2022;260.000;;;;
Francia;2023;Juegos Olímpicos de París 2024 (3/4);;Cien años después de los Juegos Olímpicos de París de 1924, la capital francesa volverá a acoger los Juegos de Verano en 2024. A un año del inicio de los Juegos Olímpicos, la Casa de la Moneda de París prosigue las celebraciones con una cuenta atrás hasta el inicio de la Olimpiada, destacando su patrimonio y el de la ciudad de París. Se trata de un acontecimiento con repercusión internacional cuya intensidad va aumentando gradualmente a lo largo de los años precedentes a los Juegos, habiéndose dedicado ya varias monedas conmemorativas de 2€ a los Juegos Olímpicos en los últimos años. El motivo central de la moneda es «La Semeuse» (la sembradora), figura nacional e icono de la numismática francesa, practicando el pugilismo —deporte precursor del boxeo— en referencia a los Juegos Olímpicos de la Antigüedad. Su silueta aparece en primer plano delante del Pont-Neuf y sus alrededores, lugar típico de la Île de la Cité y elemento clave del paisaje parisino. En segundo plano está representado el carril de una pista de atletismo, en cuyo lado derecho está insertado el emblema de París 2024. El año, las siglas RF y las marcas de ceca están inscritas bajo el arco, en la barandilla del puente y en el Sena. En la corona circular de la moneda figuran las doce estrellas de la bandera europea.;10 de enero de 2023;260.000;;;;
Francia;2023;Copa Mundial de Rugby Francia 2023;;Con ocasión de la Copa Mundial de Rugby que se organiza en Francia, la Fábrica de Moneda de París celebra el rugby y este torneo que reunirá a los equipos de una veintena de países. El motivo representa un jugador de rugby estilizado haciendo un pase. Al fondo, el campo de rugby forma el globo sobre el que se colocan los postes de la portería. El conjunto forma parte de una galaxia imaginaria del rugby en la que los demás planetas tienen forma ovalada. El emblema del torneo figura al lado del jugador y el nombre del torneo rodea el diseño. La indicación del país emisor «RF», la marca de ceca y la marca del maestro de ceca figuran debajo de la imagen, a la derecha. En el lado izquierdo figuran el nombre del torneo, el país emisor «FRANCE» y el año «2023». El nombre del torneo que rodea el diseño, así como la mención «RF» aparecen en la tipografía oficial del evento, denominada «Mobius». En la corona circular de la moneda figuran las doce estrellas de la bandera europea.;04 de julio de 2023;15.000.000;"En el centro de la moneda aparece un jugador de rugby estilizado con un balón en la mano. Bajo sus pies, el campo se ha transformado en un globo terráqueo marcado por paralelos y meridianos. Un cielo estrellado y dos planetas ovalados, en referencia al balón de rugby, rodean la Tierra como alegoría al mundo del rugby. Como en un terreno de juego, los postes enmarcan el diseño. Las palabras «Rugby World Cup France 2023» y «RF» aparecen alrededor de la composición.
La Copa Mundial de Rugby de 2023 será la décima edición de la Copa del Mundo de Rugby, torneo internacional de rugby que se celebra cada cuatro años, tendrá lugar en Francia del 8 de Septiembre al 21 octubre de 2023. Un total de 20 equipos jugarán en 9 estadios un total de 48 partidos, que determinaran a la selección nacional ganadora.";;;
Francia;2024;La Torre Eiffel (Juegos Olímpicos y Paralímpicos París 2024);;El diseño representa a Francia a través de edificios emblemáticos, a saber, aparecen juntas la Torre Eiffel y la Basílica de Notre Dame de la Garde, situada en Marsella. Al fondo, una flor Gardenia tahitensis representa a la isla de Tahití, donde se celebrarán las competiciones de surf. La Torre Eiffel está en movimiento, y transmite los valores del deporte. Sus brazos están formados por 73 remaches que representan las comunidades de acogida. Por primera vez, se reúnen los símbolos olímpicos y paralímpicos, a fin de celebrar los Juegos para todos. La fecha del año, la indicación del país emisor «RF» y las marcas de ceca se hallan en la pista de atletismo. En la corona circular de la moneda figuran las doce estrellas de la bandera europea.;Mayo de 2024;24.000.000;Con motivo de la cuenta atrás para los Juegos Olímpicos de París de 2024, la Fábrica de Moneda de París celebra el itinerario a los juegos a través de París, así como su propio patrimonio. Cien años después de los Juegos de 1924, la capital francesa vuelve a acoger los Juegos de Verano. Se trata de un acto con alcance internacional, que va cobrando intensidad en los años previos al acto y culmina en 2024 con la emisión de dos monedas conmemorativas de dos euros dedicadas a los Juegos Olímpicos.;;;
Francia;2024;Juegos Olímpicos de Verano París 2024 - Lucha (4/4);;El diseño representa a Hércules, una figura nacional y un icono de la numismática francesa, practicando la lucha antigua con una quimera de Notre Dame, en referencia a los Juegos Olímpicos de la Edad Antigua. Ambos se representan en primer plano delante de la catedral de Notre Dame. Al fondo, se muestra una pista de atletismo en cuyo lado izquierdo se inserta el símbolo de París 2024. El año, la inscripción RF y las marcas de ceca se insertan en la pista de atletismo. En la corona circular de la moneda figuran las doce estrellas de la bandera europea.;09 de enero de 2024;510.000;Con motivo de la cuenta atrás para los Juegos Olímpicos de París de 2024, la Fábrica de Moneda de París celebra el camino hacia los juegos a través de París, así como de su propio patrimonio. Cien años después de los Juegos de 1924, la capital francesa vuelve a acoger los Juegos de Verano. Se trata de un acto con alcance internacional, que va cobrando intensidad en los años previos al acto y culmina en 2024 con la emisión de dos monedas conmemorativas de dos euros dedicadas a los Juegos Olímpicos.;;;
Francia;2025;El Museo del Louvre;;La cara de la moneda representa la fachada este del museo del Louvre, mezclada con el plano emblemático del laberinto de extraordinarias salas del museo. Al fondo, el piramidión y la estructura de la gran pirámide ilustran el carácter tradicional y contemporáneo del Louvre. La mención al país emisor, RF, así como las distintas marcas de ceca y autor, están insertados en el plano del museo.;18 de Marzo de 2025;315.000;"Imaginemos un recorrido por el Museo del Louvre, uno de los museos más emblemáticos y visitados del mundo. Al adentrarnos en sus pasillos, nos encontramos con una colección impresionante que abarca siglos de historia, arte y cultura. Desde las majestuosas esculturas griegas, como la Venus de Milo, hasta la famosa Victoria de Samotracia, pasando por las fascinantes obras del Renacimiento, como la siempre enigmática Mona Lisa, el Louvre es una verdadera joya que atrae a millones de visitantes cada año.
En este contexto, resulta irónico y un tanto frustrante que la nueva moneda conmemorativa del Louvre, que será emitida el 18 de marzo, no se ponga en circulación. La moneda, que rinde homenaje a este emblemático museo, es una oportunidad de llevar un pedazo de la historia del arte a todos, pero no será accesible en nuestras carteras, como ocurre con las monedas comunes. En lugar de eso, se emitirá en cuatro coincards temáticas, cada una dedicada a una obra maestra del Louvre: la Venus de Milo, la Victoria de Samotracia, la Mona Lisa y Amor y Psique.";;;
Francia;2025;Catedral de Notre-Dame;;"El anverso de la moneda muestra una representación volumétrica de la fachada oeste de la catedral, con su rosetón emergiendo entre las dos torres. El logotipo oficial de Notre-Dame de París también aparece sobre el listón.
En el centro se aprecia la fachada occidental tal como se ve desde el parvis (la explanada frente a la catedral). La rosácea central, uno de sus elementos más reconocibles, domina la composición, mientras que la aguja —recientemente reconstruida— se eleva al fondo como símbolo de esperanza y continuidad.
A la izquierda figuran el año 2025, las siglas RF (République Française) y el poinçon de la Monnaie de Paris.
A la derecha, el texto «NOTRE-DAME DE PARIS» aparece en vertical, acompañado del símbolo del Grabador General.";28 de Octubre de 2025;20.000.000;Construida en el siglo XII bajo la dirección del obispo Maurice de Sully, la Catedral de Notre-Dame de París es una joya de la arquitectura gótica que ha dominado la Île de la Cité durante más de ocho siglos. Esta obra maestra, caracterizada por sus imponentes arbotantes y sus espectaculares rosetones, es testimonio de la maestría de los constructores medievales y ha sido escenario de numerosos acontecimientos históricos, como la coronación de Napoleón Bonaparte.;;;
Francia;2026;400 Centenario de la Armada Francesa (1626-2026);;;;;;;;
Francia;2026;80 Aniversario de la publicación de El principito;;"El diseño del anverso de la moneda muestra al Principito en actitud pensativa, evocando la reflexión y la sensibilidad que definen a la emblemática obra de Antoine de Saint-Exupéry. Tras la figura se aprecia el número «80», símbolo del aniversario, integrado de forma estilizada en la composición.
En la parte superior del diseño figura la inscripción «Le Petit Prince», junto a las iniciales «RF» (République Française), y en la parte inferior de la composición se indica el año de emisión, 2026.";29 de Enero de 2026;320.000;"Con motivo del 80.º aniversario de la publicación de El Principito en Francia, la poesía de Antoine de Saint-Exupéry y la Monnaie de Paris se unen en la primera emisión de una moneda conmemorativa de 2 euros dedicada a esta obra universal.
Publicado por primera vez en Francia en 1946, El Principito es mucho más que un cuento infantil. Es una obra atemporal que ha sabido trascender generaciones gracias a su mensaje profundamente humano, centrado en la amistad, la poesía y la mirada curiosa sobre el mundo. Traducido a 627 idiomas y dialectos, se ha convertido en uno de los libros más leídos y traducidos de la historia.
Escrita e ilustrada por el propio Antoine de Saint-Exupéry, la obra vio la luz inicialmente en 1943 en Nueva York, en ediciones simultáneas en inglés y francés, antes de ser publicada en Francia por Gallimard, donde alcanzó un éxito inmediato, superando los 15 millones de ejemplares vendidos.
Para conmemorar este aniversario, la Casa de la Moneda de París rinde homenaje al pequeño viajero de las estrellas con una colección que celebra el espíritu de la aventura y la imaginación.
Sin embargo, la emisión no está exenta de controversia, ya que la moneda no entrará en circulación, una decisión que ha generado debate al tratarse de una obra universal y accesible, que podría haber sido un homenaje entrañable y educativo al alcance de todos.";;;
Francia;2002;Cara Nacional 2€;;"El diseño seleccionado para la primera serie de monedas de 1€ y 2€ es obra del artista Joaquin Jimenez. Las monedas muestran un árbol, símbolo de la vida, la continuidad y el crecimiento, en el centro de un hexágono rodeado por el lema republicano francés «Liberté, Egalité, Fraternité» (libertad, igualdad, fraternidad). 
Grabado del canto (virola) de la moneda de 2€: «2**», repetido seis veces y orientado alternativamente de abajo arriba y de arriba abajo.";01 de enero de 2002;Indefinido;;;;
Francia;2022;Cara Nacional 2€;;"En 2022, Francia introdujo la segunda serie de monedas de 1€ y 2€. El nuevo diseño reproduce ramas de roble y de olivo formando el árbol de la vida, símbolo de la fuerza, la solidez y la paz. El árbol y el lema figuran en un hexágono. 
Grabado del canto (virola) de la moneda de 2€: «2**», repetido seis veces y orientado alternativamente de abajo arriba y de arriba abajo.";01 de enero de 2022;Indefinido;;;;
Grecia;2004;Juegos Olímpicos de Atenas 2004;;Las doce estrellas de la Unión Europea situadas en torno al anillo exterior rodean el diseño de una estatua antigua que representa un discóbolo dispuesto a lanzar el disco. La base de la estatua cubre una pequeña parte del anillo exterior de la moneda (parte exterior). A la izquierda figura el logotipo de los Juegos Olímpicos «ATENAS 2004» y los cinco círculos olímpicos, y a la derecha, una sobre otra, la cifra «2» y la palabra «????». La inscripción del año de acuñación aparece dividida a ambos lados de la estrella situada en el centro de la parte inferior (20*04), y la marca de la Fábrica de la Moneda se encuentra por encima de la cabeza del atleta a la izquierda.;Marzo de 2004;50.000.000;;;;
Grecia;2007;Quincuagésimo aniversario del Tratado de Roma (Diseño común Eurozona);;En el centro de la moneda se representa el documento del Tratado firmado por los seis países fundadores, sobre un fondo que imita el pavimento diseñado por Miguel Ángel para la Piazza del Campidoglio de Roma, en la que tuvo lugar la firma el 25 de marzo de 1957. El nombre del país emisor y las leyendas «TRATADO DE ROMA 50 AÑOS» y «EUROPA» aparecen en latín o en el idioma o idiomas de dicho país de la zona del euro. Así pues, la inscripción varía según el país, aunque la imagen es la misma. El Tratado de Roma estableció la Comunidad Económica Europea, iniciando así un proceso que condujo a la introducción del euro en 1999 y de los billetes y monedas en euros en el 2002. Para celebrar el aniversario del Tratado, el 25 de marzo de 2007, los países miembros de la zona del euro han decidido emitir de forma conjunta esta moneda, cuyo diseño resultó elegido en un concurso organizado por las fábricas de moneda europeas. En el anillo exterior de la moneda están representadas las doce estrellas de la Unión Europea.;Marzo de 2007;4.000.000;Grecia (EAAHNIKH ?HMOKPATIA - ???????? ??????????-Elliniki Dimokratia);;;
Grecia;2009;Décimo aniversario de la Unión Económica y Monetaria (Diseño común Eurozona);;En la moneda puede verse una figura de diseño primitivo que se funde con el símbolo del €. La idea que se desea transmitir es que la moneda única y, por extensión, la Unión Económica y Monetaria (UEM) constituyen el último eslabón de la larga historia de la integración económica y comercial europea. Esta moneda la emiten todos los países de la zona del euro, figurando en cada caso el nombre del país emisor y la leyenda «UEM 1999-2009» en la lengua o lenguas respectivas. El diseño, elegido entre los cinco preseleccionados por ciudadanos de la Unión Europea mediante votación por Internet, es creación de George Stamatopoulos, escultor del departamento de acuñación del Banco de Grecia. En la corona circular se representan las doce estrellas de la Unión Europea.;Enero de 2009;4.000.000;Grecia (EAAHNIKH ?HMOKPATIA - ???????? ??????????-Elliniki Dimokratia);;;
Grecia;2010;2500 años de la batalla de Maratón;;La moneda conmemora los 2500 años de la batalla de Maratón. En el centro de la moneda figura una síntesis de un escudo y un corredor guerrero, que representa la lucha por la libertad y los nobles ideales símbolo de la batalla de Maratón. El ave del escudo simboliza el nacimiento de la civilización occidental en su forma actual. En la corona circular figuran las doce estrellas de la Unión Europea.;25 de octubre de 2010;2.500.000;;;;
Grecia;2011;Juegos Olímpicos Especiales Mundiales de Verano - Atenas 2011;;En el centro de la moneda se muestra el emblema de los Juegos: un sol radiante, fuente de vida que subraya la excelencia y la potencia de los atletas que participan en los Juegos. La rama de olivo representa la excelencia, y la espiral que parte del centro del sol, la potencia. Inscrita alrededor del borde derecho de la parte interior figura la leyenda «XIII SPECIAL OLYMPICS W.S.G. ATHENS 2011» y el nombre del país emisor «???????? ??????????», separados por la marca de ceca. En la corona circular figuran las doce estrellas de la Unión Europea.;30 de mayo de 2011;1.000.000;;;;
Grecia;2012;Diez años de billetes y monedas en euros (Diseño común: Eurozona);;La parte central de la moneda, diseñada por Helmut Andexlinger, de la Fábrica de Moneda de Austria, y escogida por los ciudadanos y residentes de la zona del euro como moneda conmemorativa común de 2012, muestra el mundo en forma de símbolo del euro en el centro, aludiendo a cómo el euro se ha convertido en un verdadero actor mundial a lo largo de la última década. Los elementos que rodean al euro simbolizan su importancia para la gente corriente (representada por una familia de cuatro miembros), para el mundo de las finanzas (la Eurotower), para el comercio (un buque), para la industria (una fábrica) y la energía, para la investigación y el desarrollo (dos turbinas eólicas). Las iniciales del diseñador «A.H.» se aprecian (si se observa con mucha atención) entre el buque y la Eurotower. En los bordes superior e inferior de la parte central de la moneda figuran, respectivamente, el país emisor y los años «2002 – 2012». La moneda la emitirán todos los países de la zona del euro. En la corona circular figuran las doce estrellas de la Unión Europea.;enero de 2012;1.000.000;Grecia (EAAHNIKH ?HMOKPATIA - ???????? ??????????-Elliniki Dimokratia);;;
Grecia;2013;2.400 años de la fundación de la Academia de Platón;;"Retrato de Platón (de perfil). A la izquierda, aparecen las inscripciones «2 400 años desde la creación de la Academia de Platón» y «República Helénica», escritas en griego antiguo; a la derecha, «2013» y la marca de ceca. En la corona circular de la moneda figuran las doce estrellas de la Unión Europea.";01 de octubre de 2013;750.000;;;;
Grecia;2013;Centenario de la unión de Creta a Grecia;;"La parte interior de la moneda muestra a los rebeldes cretenses ondeando la bandera griega, en representación de la lucha de Creta por su unión a Grecia. En la parte superior figura, en sentido circular y en letras mayúsculas, el nombre en griego del país emisor «República Helénica» y debajo, las palabras «100 años de la Unión de Creta a Grecia» en griego; a la derecha, aparecen los años «1913-2013» y la marca de ceca. En la corona circular de la moneda figuran las doce estrellas de la Unión Europea.";01 de octubre de 2013;750.000;;;;
Grecia;2014;400º aniversario de la muerte de Domenikos Theotokopoulos (1614-2014);;El centro de la moneda muestra un retrato de Domenikos Theotokopoulos. En segundo plano aparece una figura típica de su obra, ilustrativa de su técnica. A la izquierda, el año «2014» y la firma característica del artista («Domenikos Theotokopoulos Epoiei»). A la derecha, la marca de ceca de la fábrica de la moneda de Grecia. Rodea el diseño una inscripción en griego que reza «DOMENIKOS THEOTOKOPOULOS 1541-1614» y el nombre del país emisor «REPÚBLICA HELÉNICA». En la corona circular figuran las doce estrellas de la Unión Europea.;14 de septiembre de 2014;750.000;;;;
Grecia;2014;150  aniversario de la unión de las islas Jónicas a Grecia (1864-2014);;El centro de la moneda muestra una estrella de siete puntas con una inscripción en griego que reza: «150 AÑOS DESDE LA UNIÓN DE LAS ISLAS JÓNICAS (EPTÁNISA) A GRECIA 1864-2014», el nombre del país emisor, «REPÚBLICA HELÉNICA», y la marca de la fábrica de la moneda de Grecia. En los espacios entre las puntas de la estrella se encuentran los símbolos de las islas Jónicas. Rodea el diseño un motivo decorativo en forma de ola estilizada. En la corona circular figuran las doce estrellas de la Unión Europea.;24 de septiembre de 2014;750.000;;;;
Grecia;2015;Trigésimo aniversario de la bandera de la UE (Diseño común Eurozona);;El motivo representa la bandera de la UE como símbolo que une pueblos y culturas con visiones e ideales comunes de un futuro mejor. Doce estrellas que se transforman en figuras humanas representan el nacimiento de una nueva Europa. En la parte superior derecha, en semicírculo, figura la mención del país emisor «EAAHNIKH ?HMOKPATIA» y los años «1985-2015». En la parte inferior derecha aparecen las iniciales del artista (Georgios Stamatopoulos). En la corona circular de la moneda figuran las doce estrellas de la Unión Europea.;23 de diciembre de 2015;750.000;Grecia (EAAHNIKH ?HMOKPATIA - ???????? ??????????-Elliniki Dimokratia);;;
Grecia;2015;75 años en memoria de Spyros Louis;;El motivo muestra a Spyros Louis y la copa que recibió, con el estadio Panatenaico de fondo. A lo largo del borde interior figuran el país emisor «REPÚBLICA HELÉNICA» y «75 AÑOS EN MEMORIA DE SPYROS LOUIS» (en griego). Sobre la copa aparecen el año de emisión «2015» y, a la derecha, una palmeta (la marca de ceca de la fábrica de la moneda griega). En la parte inferior del motivo se puede ver el monograma del artista (George Stamatopoulos). En la corona circular de la moneda figuran las doce estrellas de la Unión Europea.;23 de diciembre de 2015;750.000;;;;
Grecia;2016;120 años del nacimiento de Dimitri Mitropoulos;;El motivo representa el retrato de Dimitri Mitropoulos sobre un fondo de notas musicales. Inscrito en el borde interior izquierdo aparece el texto «120 AÑOS DEL NACIMIENTO DE DIMITRI MITROPOULOS» y «REPÚBLICA HELÉNICA», en griego. En la parte superior izquierda figura el año de emisión «2016» y una palmeta (la marca de ceca de la Casa de la moneda griega). En la parte inferior derecha se aprecia el monograma del artista (Georgios Stamatópoulos). En la corona circular de la moneda figuran las doce estrellas de la Unión Europea.;21 de diciembre de 2016;750.000;;;;
Grecia;2016;150 años desde que se produjo el incendio del Monasterio de Arkadi;;El motivo reproduce el Monasterio de Arkadi. Inscrita, en el centro, figura la leyenda «MONASTERIO DE ARKADI» y a lo largo del borde interior, a la izquierda «REPÚBLICA HELÉNICA», en griego. En la parte superior derecha aparece el año de emisión «2016» y, debajo de la inscripción central, una palmeta (la marca de ceca de la Casa de la moneda griega). En la parte inferior derecha se aprecia el monograma del artista (Georgios Stamatópoulos). En la corona circular de la moneda figuran las doce estrellas de la Unión Europea.;21 de diciembre de 2016;750.000;;;;
Grecia;2017;Yacimiento arqueológico de Filipos;;El diseño muestra parte de la Basílica B y motivos lineales inspirados en el trazado de la cenefa de un antiguo mosaico griego descubierto en el yacimiento. Inscritas en el círculo interior aparecen las menciones «YACIMIENTO ARQUEOLÓGICO DE FILIPOS» y «REPÚBLICA HELÉNICA» (en griego). Inscritos en el fondo aparecen el año de emisión «2017» y una palmeta (la marca de la Fábrica de la Moneda griega). En la parte inferior, a la izquierda, figura el monograma del artista (Georgios Stamatópoulos). En la corona circular de la moneda figuran las doce estrellas de la Unión Europea.;17 de octubre de 2017;750.000;;;;
Grecia;2017;60º aniversario de la muerte de Nikos Kazantzakis;;El diseño muestra un retrato de perfil de Nikos Kazantzakis, uno de los principales escritores griegos del siglo XX. Inscritas en el círculo interior, a la izquierda, aparecen las menciones «REPÚBLICA HELÉNICA» y «NIKOS KAZANTZAKIS» (en griego). En la parte superior aparece el año de emisión «2017» y, en el centro, a la izquierda, una palmeta (la marca de la Fábrica de la Moneda griega). En la parte inferior, a la derecha, figura el monograma del artista (Georgios Stamatópoulos). En la corona circular de la moneda figuran las doce estrellas de la Unión Europea.;13 de julio de 2017;750.000;;;;
Grecia;2018;70 años de la unión del Dodecaneso con Grecia;;El diseño muestra una rosa en la parte central, emblema de Rodas, y está inspirado en una moneda acuñada en la antigua ciudad de Rodas. Se trata de una de las monedas más características del Dodecaneso, con olas estilizadas desplegándose en abanico desde el centro. En el borde interior figuran las palabras «1948-2018 LA UNIÓN DEL DODECANESO CON GRECIA» y «REPÚBLICA HELÉNICA» (en griego). También figuran una palmeta (la marca de ceca de la Casa de la Moneda griega) en el lado izquierdo y el monograma del artista (Yorgos Stamatópoulos) en el lado derecho. En la corona circular de la moneda figuran las doce estrellas de la bandera europea.;31 de octubre de 2018;750.000;;;;
Grecia;2018;Kostís Palamás - 75 años de la muerte del poeta;;El diseño muestra un retrato del poeta griego Kostís Palamás (1859-1943). En el borde izquierdo interior figuran las palabras «REPÚBLICA HELÉNICA» y el nombre «KOSTÍS PALAMÁS» (en griego). También figuran una palmeta (la marca de ceca de la Casa de la Moneda griega) y el año de emisión: En la parte inferior derecha se aprecia el monograma del artista (Yorgos Stamatópoulos). En la corona circular de la moneda figuran las doce estrellas de la bandera europea.;31 de octubre de 2018;750.000;;;;
Grecia;2019;100º aniversario del nacimiento de Manolis Andronicos;;"Manolis Andronicos (1919-1992) fue uno de los mayores arqueólogos de Grecia. El descubrimiento que hizo del túmulo regio de Vergina en 1977 reveló hallazgos de gran valor que confirman el esplendor de la antigua civilización macedonia. El motivo muestra un retrato de Manolis Andronicos. En la parte izquierda, en semicírculo de abajo a arriba, se encuentra la inscripción «??????? ?????????? 1919-1992», y, a la derecha de esta, el año de acuñado y una palmeta (marca de ceca de la moneda griega); en la parte inferior derecha, en semicírculo de izquierda a derecha, se encuentra la inscripción «???????? ??????????». En la parte inferior derecha, también se aprecia el monograma del artista (George Stamatopoulos). En la corona circular de la moneda figuran las doce estrellas de la bandera europea.";11 de julio de 2019;750.000;;;;
Grecia;2019;150º aniversario de la muerte de Andreas Kalvos;;"Nacido en Zante, Andreas Kalvos (1792-1869) es uno de los poetas griegos modernos más importantes. Al fusionar su sólida educación neoclásica con los ideales elevados del romanticismo y darle un giro arcaico al griego demótico, logró expresar tanto las ideas revolucionarias de su época como su propia visión. La cara nacional de la moneda muestra un retrato de Andreas Kalvos. En la parte izquierda, en semicírculo de abajo a arriba, se encuentra la inscripción «ANDREAS KALVOS 1792-1869», y, a la derecha de esta, el año de acuñado y una palmeta (marca de ceca de la moneda griega); en la parte inferior derecha, en semicírculo de izquierda a derecha, se encuentra la inscripción «???????? ??????????». En la parte inferior derecha, también se aprecia el monograma del artista (George Stamatopoulos). En la corona circular de la moneda figuran las doce estrellas de la bandera europea.";11 de julio de 2019;750.000;;;;
Grecia;2020;2500 años de la batalla de las Termópilas;;El motivo representa un casco griego antiguo. En semicírculo de abajo a arriba figuran las leyendas en griego «2500 AÑOS DE LA BATALLA DE LAS TERMÓPILAS» y «REPÚBLICA HELÉNICA». También figuran en el fondo el año de emisión «2020» y una palmeta (la marca de ceca de la ceca griega). Se puede ver en la parte inferior y a la derecha del casco el monograma del artista (George Stamatopoulos). Aunque acabó en derrota para los griegos, la batalla de las Termópilas sigue siendo un símbolo intemporal de resistencia heroica. En la corona circular de la moneda figuran las doce estrellas de la bandera europea.;30 de junio de 2020;750.000;;;;
Grecia;2020;Centenario de la unión de Tracia con Grecia;;El motivo reproduce una antigua moneda de la ciudad tracia de Abdera, con un grifo. En semicírculo de abajo a arriba figuran las leyendas en griego «CENTENARIO DE LA UNIÓN DE TRACIA CON GRECIA» y «REPÚBLICA HELÉNICA», el año de emisión «2020» y una palmeta (la marca de ceca griega). A la izquierda se ve también el monograma del artista (George Stamatopoulos). La región de Tracia, situada en el extremo nordeste del país, se unió a Grecia tras el fin de la Primera Guerra Mundial. En la corona circular de la moneda figuran las doce estrellas de la bandera europea.;08 de octubre de 2020;750.000;;;;
Grecia;2021;Segundo centenario de la Revolución griega;;El motivo presenta la bandera griega en el centro, rodeada por ramas de laurel. En semicírculo, de abajo a arriba, figuran las leyendas en griego «1821-2021 DOSCIENTOS AÑOS DE LA REVOLUCIÓN GRIEGA» y «REPÚBLICA HELÉNICA». Se pueden ver, en la parte inferior y entre dos ramas de laurel, una palmeta (la marca de ceca de la Casa de la Moneda griega) y la firma del artista (George Stamatopoulos). En la corona circular de la moneda figuran las doce estrellas de la bandera europea.;22 de abril de 2021;1.500.000;;;;
Grecia;2022;35 años del programa Erasmus (Diseño común Eurozona);;El diseño es una combinación de dos elementos fundamentales del programa Erasmus: la inspiración intelectual original, el propio Erasmus, y la alegoría de su influencia en Europa. El primero se simboliza por una de las representaciones más conocidas de Erasmus. El segundo se simboliza por un haz de enlaces que cruzan la moneda de una baliza a otra, en representación de los numerosos intercambios intelectuales y humanos entre los estudiantes europeos. Como referencia a Europa, algunos de estos enlaces forman otras estrellas, derivadas de la sinergia entre los países. El número 35, por el 35.º aniversario, surge de las estrellas en un estilo gráfico moderno. En la corona circular de la moneda figuran las doce estrellas de la bandera europea.;1 de Julio de 2022;750.000;;;;
Grecia;2022;Bicentenario de la primera Constitución griega;;El motivo representa el templo de Asclepio en Epidauro con la estatua del dios en el centro. El tema reproduce el reverso de una medalla conmemorativa de la Primera Asamblea Nacional celebrada por los griegos sublevados en Epidauro, concedida a los miembros de la Asamblea durante el reinado de Otho. En el borde interior superior figura la leyenda «???????? ??????????» (REPÚBLICA HELÉNICA) y en el borde interior inferior «?? ????? ???????? ????????» (PRIMERA CONSTITUCIÓN GRIEGA), así como los años «1822» y «2022», una palmeta (la marca de ceca de la Casa de la Moneda griega) y el monograma del artista (George Stamatopoulos). En la corona circular de la moneda figuran las doce estrellas de la bandera europea.;01 de julio de 2022;750.000;;;;
Grecia;2023;150 años del nacimiento de Constantín Carathéodory;;"El motivo presenta un retrato del matemático griego Constantín Carathéodory. En el borde interior izquierdo figura la inscripción «???????????? ??????????? 1873-1950», y a la derecha de esta, el año de acuñación «2023» y una palmeta (marca de ceca de la Fábrica de Moneda griega); debajo del retrato figura la inscripción «???????? ??????????» [República Helénica]. En la corona circular de la moneda figuran las doce estrellas de la bandera europea.";28 de septiembre de 2023;750.000;;;;
Grecia;2023;Centenario del nacimiento de Maria Callas;;"El motivo representa un retrato de la legendaria soprano griega Maria Callas. En el borde interior figura la inscripción «100 ?????? ??? ?? ??????? ??? ?????? ??????» [100 años del nacimiento de Maria Callas], y a la derecha de esta, el año de acuñación «2023» y una palmeta (marca de ceca de la Fábrica de Moneda griega); debajo del retrato figura la inscripción «???????? ??????????» [República Helénica]. En la corona circular de la moneda figuran las doce estrellas de la bandera europea.";28 de septiembre de 2023;750.000;"Maria Anna Cecilia Sofia Kalogeropoúlou (2 de diciembre de 1923 – 16 de septiembre de 1977), conocida por el público como Maria Callas, fue una mujer brillante, estamos hablando, sin duda, de la cantante lírica más grande del siglo XX. Hija de inmigrantes griegos, inició su largo viaje desde Nueva York, donde nació, para regresar a Grecia. Desde allí viajó por todo el mundo recorriendo los mágicos caminos de la música, teniendo siempre en su corazón el amor y la pasión por el canto.
En poco tiempo logró que hablaran de ella con asombro y admiración en todo el mundo. Fue anunciada como el nuevo fenómeno musical y todos la llamaban por su nuevo nombre, «La Divina». Cada una de sus apariciones era considerada como uno de los eventos culturales más importantes del mundo. Sin embargo, su vida fue turbulenta y dura y, en su búsqueda por encontrar el amor y el afecto, se transformó en una figura trágica, como las heroínas que interpretó a lo largo de su carrera.";;;
Grecia;2024;150 Años del nacimiento de Penélope Delta;;El diseño presenta un retrato de Penélope Delta. El tema se enmarca con la leyenda «???????? ????? 1874-1941» («PENÉLOPE DELTA 1874-1941») y «???????? ??????????» («REPÚBLICA HELÉNICA»). A la izquierda se encuentra una palmeta (marca de ceca de la Casa de la Moneda Griega) y a la derecha, el año de acuñación. Penelope Delta fue pionera de la literatura infantil en Grecia. Generaciones de niños griegos han sido criados con sus libros, que siguen siendo populares. En la corona circular de la moneda figuran las doce estrellas de la bandera europea.;Julio de 2024;750.000;Penélope Delta (24 de abril de 1874 – 2 de mayo de 1941), fue una autora cuyos libros han influido en generaciones de griegos. Su obra es especialmente significativa por ser la primera mujer autora de libros infantiles en Grecia. Además de sus libros infantiles, sus novelas históricas influyeron enormemente en la visión que el pueblo griego tenía de la identidad y la cultura nacional.;;;
Grecia;2024;50 Años de la restauración de la democracia en Grecia;;En el diseño figura el edificio del Parlamento Helénico, rodeado de la leyenda «50 ?????? ??? ?? ?????????????» («50 ANIVERSARIO DE LA RESTAURACIÓN DE LA DEMOCRACIA EN GRECIA») y «???????? ??????????» («REPÚBLICA HELÉNICA»). A continuación aparece una palmeta (marca de ceca de la Casa de la Moneda Griega). La caída de la Junta de Coroneles el 24 de julio de 1974 marcó el restablecimiento de la democracia en Grecia tras una dictadura de siete años. En la corona circular de la moneda figuran las doce estrellas de la bandera europea.;Julio de 2024;750.000;"La restauración de la democracia en julio de 1974 marcó un punto de inflexión en la historia política de la Grecia moderna. Cuando se derrumbó el régimen militar que había gobernado el país desde 1967, comenzó un período de transición con la formación de un gobierno de «unidad nacional» bajo el mando de Konstantinos Karamanlis, quien había desempeñado un papel destacado como Primer Ministro a finales de los años cincuenta y principios de los sesenta. El gobierno de «unidad nacional» tomó tres decisiones importantes: primero, organizar elecciones parlamentarias libres para la elección de una asamblea constitucional; segundo, organizar un referéndum sobre la cuestión de la monarquía, y tercero, legalizar el Partido Comunista (KKE), que anteriormente había sido considerado ilegal desde su formación.";;;
Grecia;2025;200 Aniversario de la muerte de Laskarina Bouboulina;;"En el anverso de la moneda, se muestra una representación de Laskarina Bouboulina, una heroína clave de la guerra de independencia griega contra el Imperio Otomano. Bouboulina está representada de forma imponente y decidida, con su mano extendida hacia adelante, simbolizando su valentía y liderazgo en la lucha. Ella es retratada con un busto que refleja su rostro serio y determinado, llevando un pañuelo en la cabeza, que era típico de la época. El fondo incluye elementos visuales relacionados con la independencia, como una antigua torre de guerra, que hace referencia a las fortalezas y barcos en los que luchó.
A lo largo del borde superior de la moneda, aparece el texto: «200 ?????? ??? ?? ?????? ??? ?????????? ?????????????», que se traduce como «200 años desde la muerte de Laskarina Bouboulina». En la parte inferior, debajo de la figura de la heroína, se encuentra la mención de «???????? ??????????» (República Helénica), junto con la fecha «2025».";10 de Septiembre de 2025;750.000;"Laskarina Bouboulina (1771-1825) fue una destacada heroína de la Guerra de Independencia de Grecia contra el Imperio Otomano. Nació en Islas de Spetses y, tras quedar huérfana, se trasladó a Rusia, donde su familia se involucró en la armada rusa. Bouboulina heredó la fortuna de su esposo, un comerciante griego, lo que le permitió financiar y comandar sus propios barcos.
Durante la guerra de independencia (1821-1829), luchó valientemente, convirtiéndose en una de las pocas mujeres líderes en la lucha contra el Imperio Otomano. Fue conocida por su habilidad como estratega naval y por su valentía, al ser una de las primeras en ofrecer recursos y comandar tropas. Su muerte en 1825 fue un golpe significativo para el movimiento independentista.";;;
Grecia;2025;Centenario del nacimiento de Mikis Theodorakis;;En el centro del diseño aparece un retrato de perfil de Mikis Theodorakis mientras dirige como director de orquesta, con una pose característica. A la izquierda se incluye una clave de sol y un pentagrama, resaltando su contribución a la música. Rodeando el diseño, en griego, se lee la inscripción «100 ?????? ??? ?? ??????? ??? ???? ?????????» (100 años desde el nacimiento de Mikis Theodorakis). En la parte inferior figura el año «2025» junto con la inscripción «???????? ??????????» (República Helénica).;10 de Septiembre de 2025;750.000;"Mikis Theodorakis (1925-2021) fue un compositor griego, conocido tanto por su música como por su activismo político. Es famoso por haber compuesto la música de Zorba el Griego (1964), cuya danza «Sirtaki» se convirtió en un ícono cultural. A lo largo de su carrera, combinó influencias de la música popular griega con la clásica, y también escribió sinfonías, óperas y canciones populares.
Además de su faceta artística, Theodorakis fue un activista comprometido, participando en la resistencia griega durante la Segunda Guerra Mundial, y más tarde en la lucha contra la dictadura militar en Grecia (1967-1974). Fue encarcelado y exiliado por sus opiniones políticas, pero siguió siendo una figura clave en la vida cultural y política de su país hasta su fallecimiento.";;;
Grecia;2026;100 años de la Academia de Atenas;;;;750.000;"Celebra los 100 años de la Academia de Atenas, la institución científica y cultural más prestigiosa del país. Fundada en 1926, la Academia funciona como un puente entre la tradición intelectual de la Antigüedad y la investigación contemporánea. Su imponente edificio neoclásico, presidido por las estatuas de Atenea y Apolo, simboliza perfectamente ese legado.
Elegir a la Academia de Atenas como motivo de una moneda de 2 euros no sólo honra a la institución, sino que proyecta una imagen muy potente: la Grecia moderna no es únicamente la tierra de grandes gestas históricas, sino también un centro permanente de pensamiento, investigación y cultura.";;;
Grecia;2026;200 años de la Éxodos de Messolonghi;;"Rodeando la escena aparece la leyenda griega «200 ?????? ??? ??? ????? ??? ???????????», cuya traducción es «200 años desde el Éxodo de Mesolongi». En la parte inferior figura «???????? ??????????», «República Helénica», mientras que sobre la figura central se sitúan el año 2026 y la palmeta que identifica a la Casa de la Moneda de Grecia.
El anillo exterior incorpora las doce estrellas de la Unión Europea. El diseño de la moneda ha sido realizado por Georgios Stamatopoulos.";15 de septiembre de 2026;750.000;"La cara nacional adapta un fragmento del cuadro Episodio del asedio de Mesolongi, pintado en 1827 por el artista francés François-Émile de Lansac. La composición monetaria parte, por tanto, de una obra realizada apenas un año después de los acontecimientos.
La escena muestra a una mujer griega en uno de los momentos más estremecedores del asedio. Según la descripción publicada por las autoridades griegas, la mujer se quita la vida después de haber acabado con la de su hijo para evitar que ambos caigan en manos de las tropas otomanas y sean esclavizados.
La elección concentra en una sola imagen el carácter desesperado del Éxodo de Mesolongi. En lugar de recurrir al retrato de un dirigente o a la representación de un monumento, la moneda pone el foco en el sacrificio de la población civil.
El término «Éxodo» no se utiliza aquí en su sentido bíblico, sino para denominar el intento de salida colectiva protagonizado por los defensores y habitantes de Mesolongi durante la noche del 10 al 11 de abril de 1826.
La ciudad llevaba cerca de un año cercada por fuerzas otomanas y egipcias. Con los alimentos agotados y sin posibilidad de recibir nuevos suministros, sus habitantes decidieron romper el cerco. Combatientes, mujeres y niños trataron de atravesar las líneas enemigas, pero la operación terminó en una matanza. Solo una parte de quienes emprendieron la salida consiguió escapar.
La caída de Mesolongi causó una profunda conmoción en Europa y dio un nuevo impulso al movimiento filohelénico, que defendía la independencia de Grecia. La ciudad ya se encontraba estrechamente unida a ese movimiento por la figura del poeta británico Lord Byron, fallecido allí en 1824 mientras apoyaba la causa griega.
Por el valor de sus defensores y el sacrificio de su población, Mesolongi recibió posteriormente la consideración de Ciudad Sagrada y quedó convertida en uno de los grandes símbolos nacionales de Grecia.";;;
Grecia;2002;Cara Nacional 2€;;La moneda de 2€ representa una escena de un mosaico aparecido en Esparta (s. III d.C.), en la que se muestra el rapto de Europa por Zeus, que ha adoptado la forma de un toro. Europa es un personaje de la mitología griega del que toma el nombre nuestro continente. Grabado del canto (virola) de la moneda de 2€: E??HNIKH ?HMOKPATIA * (República Helénica).;01 de enero de 2002;Indefinido;El ministro de Economía y Hacienda y el gobernador del Banco de Grecia escogieron los diseños para la cara nacional de las monedas en euros de este país entre varias propuestas presentadas por una comisión técnica y artística. El diseñador de los motivos ganadores, fue el escultor Georges Stamatopoulos, que recibió el patrocinio del Banco de Grecia.;;;
Irlanda;2007;Quincuagésimo aniversario del Tratado de Roma (Diseño común Eurozona);;En el centro de la moneda se representa el documento del Tratado firmado por los seis países fundadores, sobre un fondo que imita el pavimento diseñado por Miguel Ángel para la Piazza del Campidoglio de Roma, en la que tuvo lugar la firma el 25 de marzo de 1957. El nombre del país emisor y las leyendas «TRATADO DE ROMA 50 AÑOS» y «EUROPA» aparecen en latín o en el idioma o idiomas de dicho país de la zona del euro. Así pues, la inscripción varía según el país, aunque la imagen es la misma. El Tratado de Roma estableció la Comunidad Económica Europea, iniciando así un proceso que condujo a la introducción del euro en 1999 y de los billetes y monedas en euros en el 2002. Para celebrar el aniversario del Tratado, el 25 de marzo de 2007, los países miembros de la zona del euro han decidido emitir de forma conjunta esta moneda, cuyo diseño resultó elegido en un concurso organizado por las fábricas de moneda europeas. En el anillo exterior de la moneda están representadas las doce estrellas de la Unión Europea.;Marzo de 2007;4.000.000;Irlanda (EIRE);;;
Irlanda;2009;Décimo aniversario de la Unión Económica y Monetaria (Diseño común Eurozona);;En la moneda puede verse una figura de diseño primitivo que se funde con el símbolo del €. La idea que se desea transmitir es que la moneda única y, por extensión, la Unión Económica y Monetaria (UEM) constituyen el último eslabón de la larga historia de la integración económica y comercial europea. Esta moneda la emiten todos los países de la zona del euro, figurando en cada caso el nombre del país emisor y la leyenda «UEM 1999-2009» en la lengua o lenguas respectivas. El diseño, elegido entre los cinco preseleccionados por ciudadanos de la Unión Europea mediante votación por Internet, es creación de George Stamatopoulos, escultor del departamento de acuñación del Banco de Grecia. En la corona circular se representan las doce estrellas de la Unión Europea.;Enero de 2009;4.000.000;Irlanda (EIRE);;;
Irlanda;2012;Diez años de billetes y monedas en euros (Diseño común: Eurozona);;La parte central de la moneda, diseñada por Helmut Andexlinger, de la Fábrica de Moneda de Austria, y escogida por los ciudadanos y residentes de la zona del euro como moneda conmemorativa común de 2012, muestra el mundo en forma de símbolo del euro en el centro, aludiendo a cómo el euro se ha convertido en un verdadero actor mundial a lo largo de la última década. Los elementos que rodean al euro simbolizan su importancia para la gente corriente (representada por una familia de cuatro miembros), para el mundo de las finanzas (la Eurotower), para el comercio (un buque), para la industria (una fábrica) y la energía, para la investigación y el desarrollo (dos turbinas eólicas). Las iniciales del diseñador «A.H.» se aprecian (si se observa con mucha atención) entre el buque y la Eurotower. En los bordes superior e inferior de la parte central de la moneda figuran, respectivamente, el país emisor y los años «2002 – 2012». La moneda la emitirán todos los países de la zona del euro. En la corona circular figuran las doce estrellas de la Unión Europea.;enero de 2012;3.000.000;Irlanda (EIRE);;;
Irlanda;2015;Trigésimo aniversario de la bandera de la UE (Diseño común Eurozona);;El motivo representa la bandera de la UE como símbolo que une pueblos y culturas con visiones e ideales comunes de un futuro mejor. Doce estrellas que se transforman en figuras humanas representan el nacimiento de una nueva Europa. En la parte superior derecha, en semicírculo, figura la mención del país emisor «REPUBLIK ÖSTERREICH» y los años «1985-2015». En la parte inferior derecha aparecen las iniciales del artista (Georgios Stamatopoulos). En la corona circular de la moneda figuran las doce estrellas de la Unión Europea.;16 de octubre de 2015;1.000.000;Irlanda (EIRE);;;
Irlanda;2016;Centenario del alzamiento de Pascua de 1916 en Irlanda;;El motivo muestra la estatua de Hibernia que se levanta sobre el edificio general de correos cuya ocupación en 1916 marcó el inicio del levantamiento de Pascua. Hibernia es el símbolo de Irlanda. Su nombre procede de la antigua denominación griega de Irlanda y su escultura es obra de John Smyth. Hibernia es considerada testigo de los sucesos de 1916 y, desde hace cien años, ha asistido al florecimiento de la nación sobre la base de los ideales de la Proclamación. Sigue mirando hacia adelante y es un símbolo del pasado, presente y futuro del país. En la parte superior del círculo interior figura la inscripción «HIBERNIA» en letra manuscrita inspirada en el histórico libro de Kells. Los rayos de sol reflejan la idea subyacente del alzamiento y de la Proclamación correspondiente, es decir, el alba de la nueva nación y república. Flanquean la imagen de la estatua los años «1916» y «2016». En la parte inferior del círculo interior figuran el nombre del país emisor «éire», y, debajo, el año de emisión «2016». En la corona circular de la moneda figuran las doce estrellas de la Unión Europea.;20 de enero de 2016;4.500.000;;;;
Irlanda;2019;Centenario del establecimiento del Dáil Éireann (parlamento irlandés);;El motivo representa la primera sesión del Dáil Éireann en la Sala Redonda. El gobierno de la nación irlandesa comenzó el 21 de enero y la sesión se desarrolló enteramente en lengua irlandesa con el fin de marcar el carácter simbólico de la reunión. La gran Sala Redonda de la Mansion House forma un arco sobre la gran reunión del primer Dáil elegido del país. La leyenda «An chéad Dáil», en el centro del motivo, y el año «1919», en la parte superior, figuran inscritos en letra uncial tradicional. En la parte inferior aparecen inscritos el nombre del país y el año de emisión «ÉIRE 2019». En la corona circular de la moneda figuran las doce estrellas de la bandera europea.;13 de febrero de 2019;1.000.000;;;;
Irlanda;2022;35 años del programa Erasmus (Diseño común Eurozona);;El diseño es una combinación de dos elementos fundamentales del programa Erasmus: la inspiración intelectual original, el propio Erasmus, y la alegoría de su influencia en Europa. El primero se simboliza por una de las representaciones más conocidas de Erasmus. El segundo se simboliza por un haz de enlaces que cruzan la moneda de una baliza a otra, en representación de los numerosos intercambios intelectuales y humanos entre los estudiantes europeos. Como referencia a Europa, algunos de estos enlaces forman otras estrellas, derivadas de la sinergia entre los países. El número 35, por el 35.º aniversario, surge de las estrellas en un estilo gráfico moderno. En la corona circular de la moneda figuran las doce estrellas de la bandera europea.;1 de Julio de 2022;500.000;;;;
Irlanda;2023;El quincuagésimo aniversario de la adhesión de Irlanda a la Unión Europea;;El motivo muestra una modificación del logotipo del programa «EU50» utilizado por los ministerios para promover actos con ocasión del quincuagésimo aniversario de la adhesión de Irlanda a la UE. El nombre del país emisor «ÉIRE» figura encima del logotipo. También figuran el año «1973», por ser el año en que Irlanda se adhirió a la UE, y el año «2023», año de emisión de la moneda. En la corona circular de la moneda figuran las doce estrellas de la bandera europea.;22 de junio de 2023;500.000;"Irlanda firmó el Tratado de Adhesión para unirse a la UE, entonces llamada Comunidad Económica Europea, en 1972, convirtiéndose formalmente en miembro el 1 de enero de 1973. El entonces Primer Ministro irlandés, Jack Lynch, firmó el ingreso del territorio en la Comunidad Económica Europea junto con el Reino Unido y Dinamarca. A pesar de unos comienzos difíciles, el país ha pasado de pobre a uno de los más ricos del mundo per cápita, gracias sobre todo a su pertenencia al club comunitario.
La pertenencia a la Unión Europea (UE) sacó a Irlanda de la sombra de su vecino británico y les permitió no solo ser independientes políticamente, sino también económicamente. La normativa de la UE contribuyó a modernizar su economía. Los fondos de la UE fueron vitales para mejorar las infraestructuras de Irlanda, el transporte y otros ámbitos.";;;
Irlanda;2026;Presidencia del Consejo de la Unión Europea;;"El diseño reproduce el emblema oficial de la Presidencia irlandesa del Consejo de la Unión Europea en 2026. En lugar de recurrir a un monumento, a un personaje histórico o a una escena figurativa, la composición central se organiza mediante una gran espiral formada por decenas de pequeños discos en relieve.
Cada uno de los brazos de esa espiral incorpora 27 discos, en representación de los 27 Estados miembros de la Unión Europea. El espacio que queda libre en el centro forma una estrella de cinco puntas, una clara referencia a uno de los símbolos de la bandera europea.";06 de julio de 2026;500.000;"La emisión coincide con el inicio del octavo semestre en el que Irlanda asume la Presidencia rotatoria del Consejo de la Unión Europea. El país ejercerá esta responsabilidad entre el 1 de julio y el 31 de diciembre de 2026, trece años después de su anterior Presidencia, celebrada en 2013.
Durante este semestre, Irlanda deberá presidir reuniones, facilitar acuerdos entre los países miembros, representar al Consejo en negociaciones con el Parlamento Europeo y la Comisión, y mantener la continuidad de los trabajos legislativos en numerosos ámbitos.
La Presidencia irlandesa se presenta bajo el lema en gaélico “Ní neart go cur le chéile”, una expresión que puede traducirse como “la fuerza nace de la unión”. La frase resume bien la idea trasladada a la moneda: la Unión Europea como una construcción colectiva, formada por Estados distintos pero unidos por objetivos comunes.
Las prioridades anunciadas por Irlanda para este semestre giran en torno a tres grandes ejes: competitividad, valores y seguridad. La utilización del irlandés en el lema adquiere además un significado especial, ya que esta será la primera Presidencia irlandesa desde que el gaélico pasó a funcionar plenamente como lengua de trabajo de la Unión Europea en 2022.";;;
Irlanda;2026;50º Aniversario de U2;;"El lado nacional de la moneda muestra el nombre U2 y los retratos de sus cuatro integrantes, de izquierda a derecha: Adam Clayton, Bono, The Edge y Larry Mullen Jr. Sobre los retratos figura la inscripción «50TH ANNIVERSARY». También aparecen «Éire», denominación de Irlanda en irlandés, y el año 2026; las doce estrellas de la Unión Europea rodean el motivo.";25 de septiembre de 2026;150.000;"La historia comenzó en Dublín en 1976. Larry Mullen Jr. colocó en el tablón de su colegio un anuncio para buscar músicos. De aquella convocatoria nació el grupo que acabarían formando Bono, The Edge, Adam Clayton y el propio Mullen. El 25 de septiembre, fecha elegida para lanzar la moneda, coincide con el día en que la banda sitúa su primera reunión.
Tres curiosidades sobre U2:
Empezaron en una cocina: varios jóvenes respondieron al anuncio de Larry Mullen Jr. y se reunieron el 25 de septiembre de 1976 en la cocina de su casa, en Artane (Dublín). Entre ellos estaban Bono, The Edge y Adam Clayton.
No siempre fueron U2: antes utilizaron los nombres Feedback y The Hype.
El mismo cuarteto: las fichas de la emisión ponen el acento en que Bono, The Edge, Adam Clayton y Larry Mullen Jr. siguen siendo los integrantes originales de la banda.";;;
Irlanda;2002;Cara Nacional 2€;;"En Irlanda, el Gobierno eligió una única cara nacional para todas las denominaciones. El diseño, obra de Jarlath Hayes, representa el arpa céltica, uno de los símbolos tradicionales de Irlanda, decorada con el año de emisión y la palabra «Éire», que significa Irlanda en gaélico. 
Grabado del canto (virola) de la moneda de 2€: «2**», repetido seis veces y orientado alternativamente de abajo arriba y de arriba abajo.";01 de enero de 2002;Indefinido;;;;
Italia;2004;Quincuagésimo aniversario del Programa Mundial de Alimentos;;"En el centro aparece el globo terráqueo, inclinado hacia la derecha y con la inscripción «WORLD FOOD PROGRAMME», del que emerge una espiga de trigo, otra de maíz y otra de arroz; estos tres tipos de grano representan las principales fuentes mundiales de alimentos. A la derecha del globo aparece la inicial «I» superpuesta a la «R» (es decir, el acrónimo de «Repubblica Italiana») y debajo otra combinación más pequeña de las letras «U» y «P», iniciales de la grabadora, Uliana Pernazza. A la izquierda y por encima del globo figura la letra «R» y debajo del globo el año de emisión «2004». Las doce estrellas de la Unión Europea están dispuestas en el anillo exterior de la moneda.";Diciembre de 2004;16.000.000;;;;
Italia;2005;Primer aniversario de la firma de la Constitución Europea;;En el centro de la moneda figura una representación de Europa y el toro. Europa sostiene una pluma y el texto de la Constitución Europea. En la parte superior izquierda de la imagen aparece la marca de la Fábrica de la Moneda («R»). Las iniciales de la grabadora, Maria Carmela Colaneri («MCC»), figuran en la parte inferior izquierda. El año de acuñación aparece en el extremo superior derecho de la ilustración, por encima de la cabeza del toro. En la parte inferior de la imagen figura el monograma de la República Italiana («RI»). Las palabras «COSTITUZIONE EUROPEA» forman un semicírculo en la parte inferior del anillo exterior, bajo la imagen representada, y en la parte superior del anillo figuran doce estrellas.;Octubre de 2005;18.000.000;;;;
Italia;2006;XX edición de los Juegos Olímpicos de Invierno: Turín 2006;;En el centro de la moneda aparece la figura curvilínea de un esquiador en acción. Sobre la imagen figuran las palabras «GIOCHI INVERNALI» y, a su izquierda, en alusión a la ciudad que acoge los Juegos de Invierno, la inscripción «TORINO» y una imagen de la Mole Antonelliana, edificio emblemático de Turín. El monograma de la República Italiana «RI» y la marca «R» de la Fábrica de la Moneda aparecen también a la izquierda del esquiador. El año de emisión, «2006», y las iniciales de la grabadora, «MCC» (Maria Carmela Colaneri), figuran a su derecha. Las doce estrellas de la Unión Europea rodean el diseño.;Enero de 2006;40.000.000;;;;
Italia;2007;Quincuagésimo aniversario del Tratado de Roma (Diseño común Eurozona);;En el centro de la moneda se representa el documento del Tratado firmado por los seis países fundadores, sobre un fondo que imita el pavimento diseñado por Miguel Ángel para la Piazza del Campidoglio de Roma, en la que tuvo lugar la firma el 25 de marzo de 1957. El nombre del país emisor y las leyendas «TRATADO DE ROMA 50 AÑOS» y «EUROPA» aparecen en latín o en el idioma o idiomas de dicho país de la zona del euro. Así pues, la inscripción varía según el país, aunque la imagen es la misma. El Tratado de Roma estableció la Comunidad Económica Europea, iniciando así un proceso que condujo a la introducción del euro en 1999 y de los billetes y monedas en euros en el 2002. Para celebrar el aniversario del Tratado, el 25 de marzo de 2007, los países miembros de la zona del euro han decidido emitir de forma conjunta esta moneda, cuyo diseño resultó elegido en un concurso organizado por las fábricas de moneda europeas. En el anillo exterior de la moneda están representadas las doce estrellas de la Unión Europea.;Marzo de 2007;5.000.000;Italia (REPUBBLICA ITALIANA);;;
Italia;2008;Sexagésimo aniversario de la Declaración Universal de Derechos Humanos;;La moneda reproduce las figuras de un hombre y una mujer con los símbolos del derecho a la paz, a la alimentación, al trabajo y a la libertad representados mediante el ramo de olivo, la espiga de trigo, la rueda dentada y el alambre de púas. Entre ambas figuras están inscritos el anagrama de la República Italiana, «RI», y el año de emisión, «2008». En la parte inferior de la imagen aparecen los eslabones de una cadena que forman la cifra «60» y la inscripción «DIRITTI UMANI» y, a la derecha, las iniciales de la artista Maria Carmela Colaneri, «MCC», y la marca de la Fábrica de la Moneda, «R». En la corona circular se representan las doce estrellas de la Unión Europea.;Abril de 2008;5.000.000;;;;
Italia;2009;Décimo aniversario de la Unión Económica y Monetaria (Diseño común Eurozona);;En la moneda puede verse una figura de diseño primitivo que se funde con el símbolo del €. La idea que se desea transmitir es que la moneda única y, por extensión, la Unión Económica y Monetaria (UEM) constituyen el último eslabón de la larga historia de la integración económica y comercial europea. Esta moneda la emiten todos los países de la zona del euro, figurando en cada caso el nombre del país emisor y la leyenda «UEM 1999-2009» en la lengua o lenguas respectivas. El diseño, elegido entre los cinco preseleccionados por ciudadanos de la Unión Europea mediante votación por Internet, es creación de George Stamatopoulos, escultor del departamento de acuñación del Banco de Grecia. En la corona circular se representan las doce estrellas de la Unión Europea.;Enero de 2009;2.000.000;Italia (REPUBBLICA ITALIANA);;;
Italia;2009;Segundo centenario del nacimiento de Louis Braille;;"La moneda muestra una mano leyendo con el tacto un libro abierto. El dedo índice señala la inscripción que aparece en vertical «LOUIS BRAILLE 1809-2009»; sobre la mano, dos pájaros volando simbolizan la libertad del conocimiento. En la parte superior derecha figura el anagrama de la República Italiana, «RI», y en la parte inferior, la marca de la Fábrica de la Moneda, «R». Debajo del libro está escrito el nombre de Braille en el alfabeto que inventó. En la parte inferior figuran las iniciales de la artista Maria Carmela Colaneri, «MCC». En la corona circular se representan las doce estrellas de la Unión Europea.";15 de octubre de 2009;2.000.000;;;;
Italia;2010;Bicentenario del nacimiento del conde de Cavour;;La moneda conmemora el bicentenario del nacimiento de Camillo Benso, conde de Cavour (1810-1861), figura clave de la unificación y del primer liberalismo italiano y fundador del periódico político Il Risorgimento. En la moneda se reproduce un retrato de Cavour pintado por Francesco Hayez en 1864. En la corona circular figuran las doce estrellas de la Unión Europea.;01 de diciembre de 2010;4.000.000;;;;
Italia;2011;150º aniversario de la unificación de Italia;;"En el centro de la moneda aparecen tres banderas italianas ondeando al viento, que representan los tres quincuagésimos aniversarios acaecidos desde el inicio de la República Italiana (1911, 1961 y 2011) e ilustran el nexo que existe entre las generaciones; este es el emblema del 150º aniversario de la unificación de Italia. En semicírculo, a lo largo del borde superior que rodea las tres banderas, figura la inscripción «150º DELL'UNITÀ D'ITALIA» (150º aniversario de la unificación de Italia). A su derecha, las iniciales superpuestas del país emisor «RI» y, debajo de las banderas, las fechas «1861 › 2011 › ›». En el centro, debajo de las fechas, aparece la marca de ceca «R» y, a lo largo del borde inferior, a la derecha, las iniciales del artista Ettore Lorenzo Frapiccini y las tres primeras letras del nombre de su profesión en italiano (incisore): «ELF INC.». En la corona circular figuran las doce estrellas de la Unión Europea.";22 de abril de 2011;10.000.000;;;;
Italia;2012;Diez años de billetes y monedas en euros (Diseño común: Eurozona);;La parte central de la moneda, diseñada por Helmut Andexlinger, de la Fábrica de Moneda de Austria, y escogida por los ciudadanos y residentes de la zona del euro como moneda conmemorativa común de 2012, muestra el mundo en forma de símbolo del euro en el centro, aludiendo a cómo el euro se ha convertido en un verdadero actor mundial a lo largo de la última década. Los elementos que rodean al euro simbolizan su importancia para la gente corriente (representada por una familia de cuatro miembros), para el mundo de las finanzas (la Eurotower), para el comercio (un buque), para la industria (una fábrica) y la energía, para la investigación y el desarrollo (dos turbinas eólicas). Las iniciales del diseñador «A.H.» se aprecian (si se observa con mucha atención) entre el buque y la Eurotower. En los bordes superior e inferior de la parte central de la moneda figuran, respectivamente, el país emisor y los años «2002 – 2012». La moneda la emitirán todos los países de la zona del euro. En la corona circular figuran las doce estrellas de la Unión Europea.;enero de 2012;15.000.000;Italia (REPUBBLICA ITALIANA);;;
Italia;2012;Centenario de la muerte de Giovanni Pascoli;;La parte central de la moneda muestra un retrato del poeta de Romaña, Giovanni Pascoli, representante destacado de la literatura italiana de finales del siglo XIX. A la izquierda figuran el año de fallecimiento del poeta «1912», la marca de ceca «R» y las iniciales de la diseñadora Maria Carmela Colaneri «M.C.C.». A la derecha aparece el año de emisión «2012», sobre el monograma de la República Italiana «RI». Debajo del retrato, la inscripción «G. PASCOLI» forma un arco sobre el borde inferior del interior de la moneda. En la corona circular figuran las doce estrellas de la Unión Europea.;02 de julio de 2012;15.000.000;;;;
Italia;2013;Segundo centenario del nacimiento de Giuseppe VERDI;;"La imagen muestra una vista de tres cuartos del busto de Giuseppe VERDI, con el rostro vuelto hacia la izquierda; a la izquierda, las letras superpuestas del monograma «RI»/1813 de la República Italiana; a la derecha, una R (marca de la fábrica de la moneda de Roma)/2013; en exergo, MCC (monograma de la autora Maria Carmela Colaneri)/G. VERDI. En la corona circular de la moneda figuran las doce estrellas de la Unión Europea.";20 de mayo de 2013;10.000.000;;;;
Italia;2013;Séptimo centenario del nacimiento de Giovanni BOCCACCIO;;"La imagen muestra una vista de tres cuartos del rostro de Giovanni BOCCACCIO, mirando hacia la derecha, basado en el fresco realizado por Andrea del Castagno en torno a 1450 (Florencia, Galleria degli Uffizi); en la parte inferior, figura la inscripción BOCCACCIO 1313 2013, y a la derecha, las letras superpuestas R (monograma de la casa de la moneda de Roma)/RI (monograma de la República Italiana)/m (monograma del autor Mauri). En la corona circular de la moneda figuran las doce estrellas de la Unión Europea.";18 de noviembre de 2013;10.000.000;;;;
Italia;2014;450º aniversario del nacimiento de Galileo Galilei (1564);;"El centro de la moneda muestra la cabeza de Galileo Galilei tal como aparece en la pintura de Justus Sustermans, 1636 (Florencia, Galleria degli Uffizi); alrededor, en la parte superior, GALILEO GALILEI; a la derecha, superpuestos, el monograma «R» de la ceca de Roma, un telescopio astronómico y las iniciales «C.M.» de la autora, Claudia Momoni; a la izquierda, las letras superpuestas del monograma de la República Italiana «RI»; en exergo, «1564-2014». En la corona circular figuran las doce estrellas de la Unión Europea.";21 de noviembre de 2014;6.500.000;;;;
Italia;2014;Segundo centenario de la fundación del Arma dei Carabinieri;;"El centro de la moneda muestra una reinterpretación de la escultura «Pattuglia di Carabinieri nella tormenta» realizada por Antonio Berti en 1973; a la derecha, las letras superpuestas del monograma de la República Italiana «RI» y el año «2014»; a la izquierda, el año «1814»; arriba, la letra superpuesta «R» (monograma de la ceca de Roma); en exergo, «LDS» (monograma de la diseñadora, Luciana De Simoni) y CARABINIERI. En la corona circular figuran las doce estrellas de la Unión Europea.";27 de junio de 2014;6.500.000;;;;
Italia;2015;Trigésimo aniversario de la bandera de la UE (Diseño común Eurozona);;El motivo representa la bandera de la UE como símbolo que une pueblos y culturas con visiones e ideales comunes de un futuro mejor. Doce estrellas que se transforman en figuras humanas representan el nacimiento de una nueva Europa. En la parte superior derecha, en semicírculo, figura la mención del país emisor «EIRE» y los años «1985-2015». En la parte inferior derecha aparecen las iniciales del artista (Georgios Stamatopoulos). En la corona circular de la moneda figuran las doce estrellas de la Unión Europea.;18 de diciembre de 2015;1.000.000;Italia (REPUBBLICA ITALIANA);;;
Italia;2015;Expo 2015, Exposición Universal de Milán;;"La imagen muestra una composición que simboliza la fertilidad de la Tierra: en un semicírculo que representa la esfera terrestre, una semilla regada con agua está a punto de brotar; sobre la Tierra crecen una vid, una rama de olivo y una espiga a partir de un tronco; a su alrededor, figura la inscripción «NUTRIRE IL PIANETA»; a la izquierda, las iniciales de la diseñadora Maria Grazia Urbani, «MGU»; a la derecha, el monograma de la República Italiana, «RI», y la marca de la fábrica de la moneda de Roma, «R»; en el centro, aparece el logotipo de la Expo de Milán («EXPO MILANO 2015»). En la corona circular de la moneda figuran las doce estrellas de la Unión Europea.";22 de julio de 2015;3.500.000;;;;
Italia;2015;750º aniversario del nacimiento de Dante Alighieri (1265-2015);;"La imagen muestra a Dante con un libro abierto en la mano izquierda y, detrás, la montaña del purgatorio, un detalle de la ilustración de la Divina Comedia pintada por Domenico di Michelino (1417-1491) en la cúpula de la iglesia de Santa Maria del Fiore de Florencia; en el centro, aparece el monograma de la República Italiana «RI»; a la derecha, la marca de la fábrica de la moneda de Roma «R»; en la parte inferior, la inscripción «SP», siglas de Silvia Petrassi, y los años del nacimiento de Dante «1265» y de emisión de la moneda «2015»; por último, en forma de arco, la inscripción «DANTE ALIGHIERI». En la corona circular de la moneda figuran las doce estrellas de la Unión Europea.";22 de julio de 2015;3.500.000;;;;
Italia;2016;2.200º aniversario de la muerte de Tito Maccio Plauto;;"Máscaras de teatro que representan a dos personajes de la Comedia Nueva, la mujer joven y el esclavo, procedentes de un mosaico del siglo II de nuestra era (Roma, Museos Capitalinos); alrededor, plano de construcción de un teatro romano y el anagrama de la República Italiana «RI»; en el lado izquierdo, «R», y en el derecho, «LDS», iniciales de la autora Luciana De Simoni; abajo, «184 a. C.», «2016» y «PLAUTO». En la corona circular de la moneda figuran las doce estrellas de la Unión Europea.";21 de julio de 2016;1.500.000;;;;
Italia;2016;550º aniversario de la muerte de Donatello;;"Cabeza del David de Donatello (detalle de la escultura de bronce expuesta en el Museo Nacional de Bargello, Florencia). A la izquierda, el anagrama de la República Italiana «RI»; abajo, en dos líneas, los años «1466» y «2016». A la derecha, las iniciales de la autora Claudia Momoni «C.M.»; abajo, la inscripción «DONATELLO». En la corona circular de la moneda figuran las doce estrellas de la Unión Europea.";21 de julio de 2016;1.500.000;;;;
Italia;2017;400º aniversario de la construcción de la Basílica de San Marcos en Venecia;;"En el exergo las fechas «1617» y «2017», año en el que se completó la construcción de la Basílica y de la acuñación de la moneda, respectivamente, junto al logotipo de la República Italiana, «RI»; debajo, la inscripción «SAN MARCO»; a la derecha, las iniciales «LDS», que corresponden a su autor, Luciano De Simoni. En la parte de arriba la inscripción «VENEZIA», y la marca de ceca de la Casa de la Moneda de Roma, «R». En la corona circular de la moneda figuran las doce estrellas de la Unión Europea.";21 de junio de 2017;1.500.000;;;;
Italia;2017;Bimilenario de la muerte de Tito Livio;;"Busto del historiador romano Tito Livio, proveniente de una obra de Lorenzo Larese Moretti; a la izquierda, el logotipo de la República Italiana, «RI», y las iniciales de la autora, Claudia Momoni, «C.M.»; a la derecha, «17» y «2017», año de la muerte de Livio y de la acuñación de la moneda, respectivamente, y la marca de ceca de la Casa de la Moneda de Roma, «R»; alrededor, un círculo de puntos y la inscripción «TITO • LIVIO». En la corona circular de la moneda figuran las doce estrellas de la Unión Europea.";20 de noviembre de 2017;1.500.000;;;;
Italia;2018;70º aniversario de la entrada en vigor de la Constitución italiana;;"Enrico De Nicola, Jefe provisional del Estado, firma el acto de promulgación de la Constitución de la República Italiana, el 27 de diciembre de 1947; a su derecha, el Jefe de Gobierno Alcide De Gasperi; a su izquierda, Umberto Terracini, Presidente de la Asamblea Constituyente italiana. Encima, la inscripción «COSTITUZIONE» y el monograma de la República Italiana, «RI»; en relieve, la inscripción «CON SICURA COSCIENZA»; «R», la marca de ceca de la Casa de la Moneda de Roma; y las fechas «1948 • 2018», año de entrada en vigor de la Constitución Italiana y año de emisión de la moneda, respectivamente. En la corona circular de la moneda figuran las doce estrellas de la Unión Europea.";13 de agosto de 2018;4.000.000;;;;
Italia;2018;60º aniversario de la creación del Ministerio de Sanidad italiano;;"El motivo muestra una representación alegórica de la Sanidad con algunos símbolos de las actividades del Ministerio: medio ambiente, investigación, nutrición y medicina. A la izquierda se observa el anagrama «RI», símbolo de la República Italiana; en la parte superior, la marca de ceca de la Casa de la Moneda de Roma, «R»; y, debajo de la figura femenina, las iniciales de la autora, Silvia Petrassi. De izquierda a derecha se aprecia, en semicírculo, la inscripción «MINISTERO DELLA SALUTE» y las fechas «1958-2018». En la corona circular de la moneda figuran las doce estrellas de la Unión Europea.";19 de noviembre de 2018;3.000.000;;;;
Italia;2019;El 500º aniversario de la muerte de Leonardo da Vinci;;"El motivo muestra un detalle del cuadro «Dama con l’ermellino» (Señora con un armiño), de Leonardo da Vinci (Museo Nacional de Cracovia). A la izquierda figuran la leyenda «LEONARDO» y las iniciales de la autora, Maria Angela Cassol, «MAC», así como el logotipo «RI», acrónimo de la República Italiana; a la derecha, la marca de ceca, «R», de la Fábrica de la Moneda de Roma y las fechas «1519-2019», que hacen referencia al año de la muerte de Leonardo y al año de emisión de las monedas. En la corona circular de la moneda figuran las doce estrellas de la bandera europea.";12 de agosto de 2019;3.000.000;;;;
Italia;2020;80º aniversario de la fundación del «Corpo Nazionale dei Vigili del Fuoco» (Cuerpo Nacional de Bomberos);;"El motivo muestra, en el centro, el logotipo del Cuerpo Nacional de Bomberos. A la izquierda figura «RI», acrónimo de la República Italiana; a la derecha, el año de la emisión de moneda «2020», y «R», marca de ceca de la Fábrica de la Moneda de Roma; en la parte inferior, «LDS», las iniciales de la diseñadora Luciana De Simoni; en la parte superior, la leyenda dispuesta en forma de arco «CORPO NAZIONALE DEI VIGILI DEL FUOCO». En la corona circular de la moneda figuran las doce estrellas de la bandera europea.";14 de septiembre de 2020;3.000.000;;;;
Italia;2020;150º aniversario del nacimiento de Maria Montessori;;"Retrato de Maria Montessori de composición geométrica con algunos elementos didácticos extraídos de su sistema educativo. A la derecha, «RI», acrónimo de la República Italiana; a la izquierda, «R», marca de ceca de la Fábrica de la Moneda de Roma; a la derecha, «LDS», las iniciales de la diseñadora Luciana De Simoni; en las partes superior e inferior, las fechas «1870» y «2020», el año de nacimiento de la pedagoga italiana y de la emisión de la moneda, respectivamente; alrededor del retrato, la leyenda «MARIA MONTESSORI». En la corona circular de la moneda figuran las doce estrellas de la bandera europea.";16 de noviembre de 2020;3.000.000;;;;
Italia;2021;Profesionales sanitarios;;"En el centro aparecen un hombre y una mujer con vestimenta médica y mascarillas, un estetoscopio y un expediente médico que representan a los doctores y enfermeras de primera línea en la lucha contra la COVID-19; en la parte superior, la palabra «GRAZIE» seguida, a la derecha, de un corazón; a la izquierda se reproduce una cruz médica. En el centro, figuran las letras «RI», acrónimo de la República Italiana; a la derecha, «R», marca de ceca de la Fábrica de la Moneda de Roma; en la parte inferior a la izquierda se lee «CM», iniciales de la diseñadora Claudia Momoni; en el exergo aparece «2021», año de la emisión de la moneda. En la corona circular de la moneda figuran las doce estrellas de la bandera europea.";19 de noviembre de 2021;5.000.000;;;;
Italia;2021;150 aniversario de la institución de Roma capital de Italia;;"Detalle de la diosa Roma, escultura de Angelo Zanelli inserta en el centro del Altar de la Patria, monumento votivo dedicado a la nación italiana en el complejo Vittoriano de Roma. En la parte superior se puede leer «ROMA CAPITALE»; a la derecha, las fechas «•1871•2021•», años, respectivamente, de la proclamación de Roma capital de Italia y de la emisión de la moneda; a la izquierda, «RI», acrónimo de la República Italiana, y «R», marca de ceca de la Fábrica de la Moneda de Roma; en el exergo se lee «UP», iniciales de la diseñadora Uliana Pernazza. En la corona circular de la moneda figuran las doce estrellas de la bandera europea.";16 de agosto de 2021;3.000.000;;;;
Italia;2022;35 años del programa Erasmus (Diseño común Eurozona);;El diseño es una combinación de dos elementos fundamentales del programa Erasmus: la inspiración intelectual original, el propio Erasmus, y la alegoría de su influencia en Europa. El primero se simboliza por una de las representaciones más conocidas de Erasmus. El segundo se simboliza por un haz de enlaces que cruzan la moneda de una baliza a otra, en representación de los numerosos intercambios intelectuales y humanos entre los estudiantes europeos. Como referencia a Europa, algunos de estos enlaces forman otras estrellas, derivadas de la sinergia entre los países. El número 35, por el 35.º aniversario, surge de las estrellas en un estilo gráfico moderno. En la corona circular de la moneda figuran las doce estrellas de la bandera europea.;1 de Julio de 2022;3.000.000;;;;
Italia;2022;170º aniversario de la fundación de la Policía Nacional italiana;;"El motivo representa a dos agentes de la «Polizia di Stato» (Policía Nacional italiana), una mujer y un varón, de pie en primer plano delante de un coche de policía. En la parte superior figura la inscripción en forma de arco «POLIZIA DI STATO»; a la derecha, «RI», acrónimo de la República Italiana; la inscripción «R» —marca de ceca de la Fábrica de la Moneda de Roma—, las iniciales «AM» de la diseñadora Annalisa Masini y las fechas «1852-2022» aparecen a la izquierda, en el centro y a la derecha, respectivamente. En la corona circular de la moneda figuran las doce estrellas de la bandera europea.";06 de abril de 2022;3.000.000;;;;
Italia;2022;30º aniversario de la muerte de Giovanni Falcone y Paolo Borsellino;;"El motivo representa en el centro los retratos de los dos jueces italianos Giovanni Falcone y Paolo Borsellino, inspirados en una fotografía de Tony Gentile. En la parte superior figura la inscripción en forma de arco «FALCONE – BORSELLINO»; debajo, las fechas «1992 2022», con el acrónimo de la República Italiana «RI» en el medio; a la derecha, «R», marca de ceca de la Fábrica de la Moneda de Roma; a la izquierda, «VdS», iniciales del diseñador Valerio de Seta. En la corona circular de la moneda figuran las doce estrellas de la bandera europea.";17 de mayo de 2022;3.000.000;;;;
Italia;2023;150º aniversario de la muerte de Alessandro Manzoni;;El motivo representa el retrato de medio cuerpo de Alessandro Manzoni, inspirado en la imagen del escritor italiano que figuraba en el billete de 100 000 liras emitido en 1967. A la izquierda, «RI», acrónimo de la República Italiana, las fechas «1873-2023», el año del fallecimiento del escritor y el año de emisión de la moneda, respectivamente, y la inscripción en forma de arco «ALESSANDRO MANZONI». A la derecha, «R», marca de ceca de la Fábrica de la Moneda de Roma, y «AV», iniciales del diseñador Antonio Vecchio. En la corona circular de la moneda figuran las doce estrellas de la bandera europea.;01 de noviembre de 2023;3.000.000;;;;
Italia;2023;Centenario de las Fuerzas Aéreas;;"El motivo reproduce el logotipo del Centenario de las Fuerzas Aéreas. A la izquierda, aparece una «R», marca de ceca de la Casa de la Moneda de Roma; por encima, las siglas «RI», acrónimo de República Italiana; por debajo, la inscripción en forma de arco «AERONAUTICA MILITARE»; a la derecha, las iniciales del diseñador Valerio de Seta, «VdS». En la corona circular de la moneda figuran las doce estrellas de la bandera europea.";01 de septiembre de 2023;3.000.000;"El diseño de la moneda reproduce el logotipo del Centenario de las Fuerzas Aéreas. A la izquierda, aparece una «R», marca de ceca de la Casa de la Moneda de Roma; por encima, las siglas «RI», acrónimo de República Italiana; por debajo, la inscripción en forma de arco «AERONAUTICA MILITARE»; a la derecha, las iniciales del diseñador Valerio de Seta, «VdS».
El logo creado por Francesco Simone, denominado «Per omnia Coela», (En todos los cielos), fue elegido para honrar a los hombres y mujeres italianos que han servido al l’Arma Azzurra durante 100 años.
Este presenta los elementos esenciales, recoge de forma expresiva el concepto del Centenario representado por el número “100” y por la referencia a las dos fechas (1923-2023). Los dos ceros, que representan las ondas de choque provocadas por un avión que supera la velocidad del sonido, hacen referencia al estilo futurista.
Para completar la simbología, el semicírculo en la parte inferior derecha representa el sentido de continuidad en la historia de la Fuerza Aérea. Un recurso gráfico que encuentra en la presencia de dos aviones, uno de los cuales se remonta a la época de la constitución de la Fuerza Armada y el otro contemporáneo, la culminación de un camino histórico ideal que, como indica la dirección del vuelo, ayer como hoy ve a la Fuerza Aérea siempre apuntando a nuevos y más altos horizontes para el buen y exclusivo servicio de Italia.";;;
Italia;2024;250º aniversario de la fundación de la Guardia di Finanza;;"En el centro del diseño figura una versión estilizada del escudo de la Guardia di Finanza: representa el concepto de seguridad y ofrece una visión futura del papel de la Guardia, que si bien celebra el pasado, está preparada para el futuro y los retos que le esperan. Este emblema incluye diferentes elementos: la montaña, el mar y el cielo, que son los entornos naturales en los que opera la Guardia; el grifo, un animal mitológico que, según la leyenda, supervisa la protección del Tesoro, representado por el cofre del Estado, y la corona torreada. En la parte superior, en forma de semicírculo, consta la inscripción «GUARDIA DI FINANZA». En la parte inferior, figura «RI», el acrónimo de la República Italiana y las fechas «1774-2024», año de creación de la Guardia di Finanza y año de emisión de la moneda, respectivamente; a la derecha, «R», marca de ceca de la Fábrica de Moneda de Roma, y «MB», iniciales de la diseñadora Marta Bonifacio. En la corona circular de la moneda figuran las doce estrellas de la bandera europea.";Enero de 2024;3.000.000;;;;
Italia;2024;Rita Levi-Montalcini, Premio Nobel de Medicina 1986;;"El diseño muestra en primer plano un retrato de medio cuerpo de Rita Levi-Montalcini inspirado en una fotografía de Manuela Fabbri; en el fondo, un microscopio, tomado de una medalla diseñada por Gino Levi- Montalcini, hermano de la ilustre científica, cuya base tiene forma de herradura, como amuleto de la suerte para la concesión del Premio Nobel de Medicina en 1986. En la parte superior, figura la inscripción «RITA LEVI-MONTALCINI» en forma de arco; a la izquierda, «RI», acrónimo de la República Italiana, y «R», marca de ceca de la Fábrica de la Moneda de Roma; En la parte inferior, «2024», año de emisión de la moneda; a la derecha, las iniciales de la diseñadora Silvia Petrassi, «SP». En la corona circular de la moneda figuran las doce estrellas de la bandera europea.";Enero de 2024;3.000.000;;;;
Italia;2025;Año Jubileo 2025;;"La moneda muestra en el centro, la representación de la Puerta Santa situada cerca de la Basílica de San Pedro. En la parte superior, en un arco, la inscripción «IUBILAEUM», mientras que, en la parte inferior, siempre en un arco para cerrar la inscripción en latín, una serie de peces alternados, vacíos y llenos, símbolo del cristianismo. A la izquierda, «2025», año de acuñación de la moneda, y «R», identificador de la Casa de la Moneda de Roma; a la derecha, «RI», acrónimo de la República Italiana, y «C.M.», iniciales de la autora Claudia Momoni.";05 de Febrero de 2025;3.000.000;"Esta nueva moneda celebra el «Jubileo 2025? proclamado por la Iglesia Católica. Bajo el lema «Peregrinos de la Esperanza», invita a los fieles a reflexionar sobre la fe, la paz y la fraternidad en un mundo desafiante.
Durante este evento, millones de peregrinos visitarán Roma para cruzar la Puerta Santa en las basílicas mayores, símbolo de gracia y perdón. El Jubileo incluirá celebraciones litúrgicas, actos de caridad y eventos culturales, fomentando la unidad y la esperanza a nivel global.";;;
Italia;2025;Vuelta al mundo del buque escuela Amerigo Vespucci 2023-2025;;"El diseño muestra, en el centro, una representación del buque escuela Amerigo Vespucci que, a toda vela, surca las olas del mar. A la izquierda, la inscripción «Amerigo Vespucci Tour Mondiale 2023-2025» dispuesta en forma de arco; en la parte inferior izquierda, «2025», año de emisión de la moneda, y «RI», siglas de la República Italiana; a la derecha, «R», marca de ceca de la Casa de la Moneda de Roma; en el exergo aparece «E.FERRETTI», firma del diseñador. En la corona circular de la moneda figuran las doce estrellas de la bandera europea.";enero de 2025;3.000.000;;;;
Italia;2026;Carlo Collodi, Las aventuras de Pinocho;;"En el centro, Pinocho, el héroe de la obra principal de Carlo Collodi, Las aventuras de Pinocchio. Historia de un burattino, aparece danzando. En el campo, a la derecha, se representa la sombra de Pinocho, que observa atónita al Grillo Parlante posado sobre la punta de su larga nariz, que está creciendo tras haber dicho una de sus mentiras.
En la parte superior figura el nombre «Carlo Collodi», junto con las fechas «1826» y «2026». A la izquierda aparece la letra «R», identificativa de la Ceca de Roma.
A la derecha, el monograma «RI», acrónimo de la República Italiana. En la parte inferior se lee «Pinocchio», tal como figura en la moneda, y en la parte inferior derecha el monograma «MB», firma de la autora. En el borde exterior se disponen las doce estrellas de la Unión Europea.";;;"El diseño elegido no se limita a representar al personaje: cuenta una historia.
Pinocho aparece bailando, lleno de vitalidad y despreocupación. A su lado, su sombra observa con asombro al Grillo Parlante, situado sobre la punta de su nariz, que crece como consecuencia de una mentira. En un solo vistazo, la moneda resume algunos de los elementos más reconocibles del relato de Collodi.
Esta riqueza narrativa convierte la pieza en algo más que un homenaje conmemorativo: es literatura convertida en metal, comprensible y sugerente incluso para quienes nunca han leído la obra original.
Carlo Collodi nació en Florencia en 1826 y desarrolló una intensa actividad como periodista y escritor en la Italia del siglo XIX. Comprometido con los ideales del Risorgimento, reflexionó en sus textos sobre la educación, la moral y la sociedad de su tiempo.
Aunque Pinocho nació casi como una obra secundaria, el personaje terminó convirtiéndose en su legado más duradero. La moneda de 2026 no solo recuerda al autor en el bicentenario de su nacimiento, sino que subraya la vigencia y la fuerza simbólica de su creación.";;;
Italia;2026;San Francisco de Asís (1226-2026);;"En el centro, una imagen de san Francisco de Asís inspirada en un fresco de Simone Martini del siglo XIV, ubicado en la Basílica de San Francisco en Asís.
Alrededor figura la inscripción «San Francesco d’Assisi 1226-2026».
A la derecha, en la parte inferior, aparece el monograma «RI», acrónimo de la República Italiana. A la izquierda, la letra «R», identificativa de la Ceca de Roma, y debajo la firma «AV.». En el borde exterior se disponen las doce estrellas de la Unión Europea.";;;"La segunda moneda conmemorativa italiana de 2026 se sitúa en un registro muy distinto, pero igualmente profundo. San Francisco de Asís murió en 1226 y, ocho siglos después, sigue siendo una de las figuras espirituales más influyentes de la historia europea.
Su mensaje de pobreza voluntaria, fraternidad y respeto por la naturaleza lo ha convertido en un referente que trasciende lo religioso. En un mundo marcado por la crisis climática y los conflictos sociales, su pensamiento conserva una sorprendente actualidad.
El diseño de la moneda dedicada a san Francisco se inspira en un fresco del siglo XIV de Simone Martini, conservado en la Basílica de San Francisco en Asís. De este modo, la pieza conecta directamente la numismática contemporánea con el gran arte medieval italiano.";;;
Italia;2002;Cara Nacional 2€;;La moneda de 2€ muestra un retrato de Dante Alighieri realizado por Rafael que se conserva en el ala del papa Julio II del Palacio del Vaticano. Grabado del canto (virola) de la moneda de 2€: «2*», repetido seis veces y orientado alternativamente de abajo arriba y de arriba abajo.;01 de enero de 2002;Indefinido;En Italia, el diseño de la cara nacional de las monedas en euros fue sometido al escrutinio de una comisión técnica y artística antes de que se presentara a la nación en RAI UNO, el principal canal de televisión del país. Se eligieron diseños distintos para cada denominación de entre obras maestras de artistas italianos de renombre. Grabado del canto (virola) de la moneda de 2€: «2*», repetido seis veces y orientado alternativamente de abajo arriba y de arriba abajo.;;;
Letonia;2014;Riga, Capital Europea de la Cultura 2014;;El centro de la moneda muestra la silueta del centro histórico de la ciudad de Riga, que ha sido incluido en la lista de lugares declarados Patrimonio de la Humanidad por la UNESCO. En la parte superior, figura la inscripción «EIROPAS KULTURAS GALVASPILSETA» (Capital Europea de la Cultura) y, en la parte inferior, el nombre de la célebre ciudad y el año de emisión «RIGA — 2014», sobre el código del país emisor «LV». En la corona circular figuran las doce estrellas de la Unión Europea.;12 de agosto de 2014;1.000.000;;;;
Letonia;2015;Trigésimo aniversario de la bandera de la UE (Diseño común Eurozona);;El motivo representa la bandera de la UE como símbolo que une pueblos y culturas con visiones e ideales comunes de un futuro mejor. Doce estrellas que se transforman en figuras humanas representan el nacimiento de una nueva Europa. En la parte superior derecha, en semicírculo, figura la mención del país emisor «LIETUVA» y los años «1985-2015». En la parte inferior derecha aparecen las iniciales del artista (Georgios Stamatopoulos). En la corona circular de la moneda figuran las doce estrellas de la Unión Europea.;03 de noviembre de 2015;1.010.000;Letonia (LIETUVA);;;
Letonia;2015;Presidencia letona del Consejo de la Unión Europea;;La imagen muestra el logotipo oficial de la Presidencia letona del Consejo de la Unión Europea. Complementan el logotipo la leyenda «LATVIJAS PREZIDENT?RA ES PADOM?» («PRESIDENCIA LETONA DEL CONSEJO DE LA UE») y la página web de la Presidencia «EU2015.LV». En la corona circular de la moneda figuran las doce estrellas de la Unión Europea.;10 de febrero de 2015;2.000.000;;;;
Letonia;2015;Naturaleza en peligro: La cigüeña negra;;El motivo muestra una cigüeña negra, que se considera una de las especies emblemáticas desde el punto de vista de la conservación de la naturaleza en Europa. El plan de protección de la cigüeña negra se adoptó en 2005 en Letonia. En la parte inferior del motivo aparece el nombre del país emisor «LATVIJA» y, debajo, el año de emisión «2015». En la corona circular de la moneda figuran las doce estrellas de la Unión Europea.;01 de diciembre de 2015;1.010.000;;;;
Letonia;2016;Sector agrario letón;;El motivo muestra una vaca parda letona, uno de los símbolos de la ganadería láctea letona tanto en el folklore como en la vida. Bajo el motivo, en el lado izquierdo, figura el año de emisión «2016» y, en la parte inferior del círculo interior, el nombre del país emisor «LATVIJA». En la corona circular figuran las doce estrellas de la bandera europea.;19 de julio de 2016;1.010.000;;;;
Letonia;2016;Región Histórica de Vidzeme;;El motivo muestra el escudo de la región histórica de Letonia llamada Vidzeme o Livonia. En la parte superior aparece el código del país emisor «LATVIJA» y, en la parte inferior, la inscripción «VIDZEME». A la derecha figura el año de emisión «2016». En la corona circular figuran las doce estrellas de la bandera europea.;15 de noviembre de 2016;1.030.000;;;;
Letonia;2017;Región Histórica de Kurzeme;;En el motivo figura el escudo de la región de Curlandia («Kurzeme», en letón). En la parte superior figuran el nombre del país emisor, «LATVIJA», y en la parte inferior, la inscripción «KURZEME». En el lado derecho se encuentra el año de emisión «2017». En la corona circular de la moneda figuran las doce estrellas de la Unión Europea.;14 de noviembre de 2017;530.000;;;;
Letonia;2017;Región Histórica de Latgale;;En el motivo figura el escudo de la región de Latgalia («Latgale», en letón). En la parte superior figura el nombre del país emisor, «LATVIJA», y, en la parte inferior, la inscripción «LATGALE». En el lado derecho se encuentra el año de emisión, «2017». En la corona circular de la moneda figuran las doce estrellas de la Unión Europea.;14 de noviembre de 2017;530.000;;;;
Letonia;2018;Centenario de la Fundación de los Estados Bálticos Independientes. (Diseño común: EST, LET y LIT);;Los tres Estados bálticos están representados simbólicamente por una trenza. Están unidos por su historia: un pasado, presente y futuro compartidos. Una cifra estilizada representa el 100.º aniversario, junto a los escudos de los tres Estados bálticos. A la izquierda figura el nombre del país emisor, «LATVIJA» (Letonia), y a la derecha, el año de emisión, «2018». El diseño fue seleccionado por votación popular en los tres Estados bálticos. En la corona circular de la moneda figuran las doce estrellas de la Unión Europea.;31 de enero de 2018;512.000;En 2018, Estonia, Letonia y Lituania emitieron conjuntamente una moneda conmemorativa de euro con un diseño común en el que rendirán homenaje a la creación de los Estados de Estonia y Letonia y al restablecimiento del Estado de Lituania;;;
Letonia;2018;Región Histórica de Zemgale (Semigalia);;"El motivo muestra el escudo de armas de la región de Semigalia (Zemgale en letón). En la parte superior, figura el nombre del país emisor «LATVIJA» y, en la parte inferior, la leyenda «ZEMGALE»; a la derecha, el año de emisión «2018». En el lado derecho se encuentra el año de emisión, «2018». En la corona circular de la moneda figuran las doce estrellas de la bandera europea.";26 de septiembre de 2018;512.000;;;;
Letonia;2019;El Sol naciente;;La moneda, dedicada a la historia del escudo de Letonia, muestra el diseño del Sol naciente. Originalmente, el motivo formaba parte de la propuesta de diseño para el símbolo de la autonomía de Letonia, que fue elaborada por el artista Ansis Cirulis en 1917. Más tarde, este motivo se convirtió en uno de los elementos esenciales del escudo de Letonia. Ansis Cirulis también usó el motivo del Sol naciente en el diseño de la insignia de los fusileros letones y otras obras. Tras la fundación de la República de Letonia en 1918, el motivo del Sol naciente aparecía en las propuestas de diseño para el escudo del nuevo Estado. El escudo de Letonia se estableció de manera oficial en 1921. El diseño representa el motivo del Sol naciente con las letras B y L estilizadas (abreviatura de «Br?v? Latvija»- Letonia libre) en el centro. También puede leerse la inscripción «UZL?COŠ? SAULE» (el Sol naciente), el nombre del país emisor «LATVIJA» y el año de emisión «2019». En la corona circular de la moneda figuran las doce estrellas de la bandera europea.;17 de septiembre de 2019;307.000;;;;
Letonia;2020;Cerámica de Latgalia;;La moneda está dedicada a la alfarería de Latgalia. Esta alfarería tradicional existió durante largos períodos de tiempo en dos distritos, Latgalia y Curlandia (Latgale y Kurzeme en letón, respectivamente), pero solo en Latgalia ha sobrevivido a lo largo de los años y se ha transmitido de unas generaciones a otras. La alfarería de Latgalia forma parte también del Canon Cultural Letón. El motivo representa una pieza característica de la cerámica de Latgalia, el candelero de arcilla. Lleva la inscripción «LATGALES KERAMIKA» (cerámica de Latgalia), el nombre del país, «LATVIJA», y el año de emisión, «2020». En la corona circular de la moneda figuran las doce estrellas de la bandera europea.;05 de octubre de 2021;412.000;;;;
Letonia;2021;Centenario del reconocimiento internacional 'de iure' de la república de Letonia;;El 26 de enero de 1921, los diplomáticos letones lograron algo trascendental: las grandes potencias mundiales reconocieron de iure a Letonia. Si bien Letonia había declarado su independencia el 18 de noviembre de 1918, la nueva nación no fue reconocida hasta 1920, después de un período trabado de combates. El motivo representa la inscripción artística «100 Latvija de iure 2021», por lo que figuran tanto el nombre del país «LATVIJA» como el año de emisión «2021». En la corona circular de la moneda figuran las doce estrellas de la bandera europea.;05 de octubre de 2021;412.000;;;;
Letonia;2022;35 años del programa Erasmus (Diseño común Eurozona);;El diseño es una combinación de dos elementos fundamentales del programa Erasmus: la inspiración intelectual original, el propio Erasmus, y la alegoría de su influencia en Europa. El primero se simboliza por una de las representaciones más conocidas de Erasmus. El segundo se simboliza por un haz de enlaces que cruzan la moneda de una baliza a otra, en representación de los numerosos intercambios intelectuales y humanos entre los estudiantes europeos. Como referencia a Europa, algunos de estos enlaces forman otras estrellas, derivadas de la sinergia entre los países. El número 35, por el 35.º aniversario, surge de las estrellas en un estilo gráfico moderno. En la corona circular de la moneda figuran las doce estrellas de la bandera europea.;1 de Julio de 2022;308.000;;;;
Letonia;2022;Centenario del Banco de Letonia: alfabetización financiera;;La alfabetización financiera es una capacidad importante para comprender y utilizar eficazmente diversas habilidades financieras, incluida la gestión financiera personal, la presupuestación y la inversión. La alfabetización financiera es el fundamento de nuestra relación con el dinero y un proceso de aprendizaje de por vida. El motivo representa un árbol, que simboliza la importancia de la alfabetización financiera y su conocimiento. En la parte inferior, se indica el año de emisión «2022», y, debajo de este, el nombre del país emisor «LATVIJA». En la corona circular de la moneda figuran las doce estrellas de la bandera europea.;12 de abril de 2022;415.000;;;;
Letonia;2023;Girasol de Ucrania;;El motivo representa un girasol, que es uno de los símbolos nacionales de Ucrania, ya que Ucrania es uno de los mayores productores y exportadores de aceite de girasol del mundo. Desde el inicio de la guerra en Ucrania, el girasol se ha convertido en un símbolo mundial de la paz. El girasol se utilizó por primera vez como símbolo de la paz en el verano de 1996. Posteriormente, se plantaron en una base militar cerca de Pervomaysk, a aproximadamente 250 kilómetros al sur de la capital, Kiev. En la actualidad, el girasol se utiliza como símbolo de la paz y del apoyo a Ucrania en todo el mundo. En la parte superior, en semicircunferencia, figura la inscripción «SLAVA UKRAINAI!» (¡Viva Ucrania!) y, en la parte inferior, en semicircunferencia, el nombre del país emisor, «LATVIJA», seguido del año de emisión, «2023». El autor del motivo es el artista letón Krišs Salmanis. En la corona circular de la moneda figuran las doce estrellas de la bandera europea.;30 de mayo de 2023;415.000;;;;
Letonia;2024;Puzuris. Himmeli, una artesana y típica decoración navideña popular en el norte de Europa;;La palabra «Himmeli» designa un antiguo adorno navideño letón. El diseño muestra la forma modular tradicional del adorno: un poliedro de ocho caras, que consta de doce pajas interconectadas que simbolizan los doce meses del año. El «himmeli» se cuenta entre los adornos navideños más antiguos, mucho anterior al árbol de Navidad. En la parte inferior figuran, a la izquierda, el nombre del país emisor, «LATVIJA», y, a la derecha, el año de emisión, «2024». En la corona circular de la moneda figuran las doce estrellas de la bandera europea.;;413.000;;;;
Letonia;2025;Región Histórica de S?lija;;En la cara nacional de la moneda se observa el escudo de armas de S?lija, acompañado de la inscripción LATVIJA y el año de emisión 2025.;9 de Octubre de 2025;413.000;"El diseño gráfico de la cara nacional corresponde a Laimonis Š?nbergs, autor de todas las monedas de esta serie,  La acuñación se ha realizado en la UAB Lietuvos monet? kalykla de Lituania.
Situada en el sureste del país, S?lija es una región histórica mencionada ya en documentos del siglo XIII. No fue hasta 2021, con su inclusión en la Ley sobre las Regiones Históricas de Letonia, que se reconoció formalmente como una región cultural e histórica independiente.
En 2023 se aprobaron su bandera y su escudo de armas, diseñado por el artista heráldico Edgars Sims en colaboración con comunidades y organizaciones locales. El emblema muestra un ciervo plateado sobre fondo rojo, con la cabeza erguida y majestuosas astas, símbolo que conecta con la tradición heráldica del Ducado de Kurzeme y Zemgale.
S?lija es conocida por sus paisajes rurales, colinas suaves, bosques y ríos, así como por su folclore, música y tradiciones agrícolas. Ha sido un cruce de influencias culturales y desempeñó un papel clave en la historia medieval y moderna temprana del país. Hoy, se considera un pilar esencial de la identidad letona.";;;
Letonia;2026;Los mercados de Navidad en Letonia;;La cara nacional de la moneda presenta una composición cálida y dinámica inspirada en un mercado navideño tradicional. En el centro destaca un gran árbol de Navidad decorado, símbolo universal de estas festividades. A su alrededor se desarrollan escenas que evocan la vida y el ambiente característico de estos mercados: puestos con tejadillos, figuras humanas en movimiento y elementos tradicionales como un gallo ornamental, todos integrados en una atmósfera festiva. En la parte superior del núcleo interior aparece la inscripción “LATVIJA” y el año de emisión “2026”. El diseño es obra de Anna Vaivare.;;;"Los mercados de Navidad en Letonia no son simples ferias estacionales. Representan una tradición profundamente arraigada en la historia y la identidad cultural del país. Durante el invierno, estos mercados se convierten en puntos de encuentro donde conviven artesanía, gastronomía y celebraciones populares.
El más conocido es el mercado navideño de Riga, capital de Letonia, situado en pleno casco histórico. Este mercado es especialmente relevante por su conexión con una de las tradiciones navideñas más antiguas de Europa: según fuentes históricas, en Riga se documentó por primera vez la decoración de un árbol de Navidad a comienzos del siglo XVI.
El mercado de Navidad de Riga: símbolo cultural y atractivo turístico
El mercado de Navidad de Riga es hoy uno de los más visitados del Báltico. Cada año atrae a miles de visitantes gracias a su ambiente invernal, sus puestos de madera decorados y su cuidada iluminación.";;;
Letonia;2014;Cara Nacional 2€;;En la moneda de 2€ figura una joven que representa al pueblo. La imagen fue utilizada originalmente en 1929 en la moneda de plata de 5 lats. En el canto de la moneda figura la inscripción DIEVS * SV?T? * LATVIJU (DIOS BENDIGA LETONIA). El diseñador es Guntars Sieti?š.;01 de enero de 2014;Indefinido;;;;
Lituania;2015;Trigésimo aniversario de la bandera de la UE (Diseño común Eurozona);;El motivo representa la bandera de la UE como símbolo que une pueblos y culturas con visiones e ideales comunes de un futuro mejor. Doce estrellas que se transforman en figuras humanas representan el nacimiento de una nueva Europa. En la parte superior derecha, en semicírculo, figura la mención del país emisor «LATVIJA» y los años «1985-2015». En la parte inferior derecha aparecen las iniciales del artista (Georgios Stamatopoulos). En la corona circular de la moneda figuran las doce estrellas de la Unión Europea.;17 de noviembre de 2015;750.000;Lituania (LATVIJA);;;
Lituania;2015;La lengua lituana;;El motivo muestra la palabra «A?I?» (GRACIAS), una de las palabras más bellas de la lengua lituana. El diseño utiliza un tipo de letra original lituano, creado especialmente a partir de caracteres latinos con ocasión del centenario de la restauración de la prensa en Lituania, con el fin de adecuar mejor las combinaciones de letras más utilizadas en la lengua lituana. Todas las letras de la lengua lituana se representan al fondo de la palabra «A?I?» en forma de nube de letras. En la parte inferior, figura el nombre del país emisor «LIETUVA» y, debajo, el año «2015». En la parte inferior derecha, bajo la palabra «A?I?», aparece la marca de ceca de la fábrica de la moneda de Lituania. En la corona circular de la moneda figuran las doce estrellas de la Unión Europea.;14 de diciembre de 2015;1.000.000;;;;
Lituania;2016;La cultura báltica;;El motivo muestra un disco de ámbar, uno de los símbolos más característicos de la cultura báltica. El disco está decorado con una figura en forma de cruz con agujeros perforados, ornamento que simboliza el eje del mundo. En la parte superior figura el nombre del país emisor, «LIETUVA», flanqueado por la marca de ceca y el año de emisión «2016». En la corona circular figuran las doce estrellas de la bandera europea.;03 de mayo de 2016;1.000.000;;;;
Lituania;2017;Vilna, Capital Cultural y Artística del Estado;;El diseño muestra una parte del panorama de la ciudad de Vilna. En el lado izquierdo aparece la inscripción «VILNIUS» y la marca del diseñador. En el lado superior derecho se encuentra el nombre del país emisor «LIETUVA» y el año de emisión «2017». En el centro figura la marca de ceca. En la corona circular de la moneda figuran las doce estrellas de la Unión Europea.;31 de agosto de 2017;1.000.000;;;;
Lituania;2018;Centenario de la Fundación de los Estados Bálticos Independientes. (Diseño común: EST, LET y LIT);;Los tres Estados bálticos están representados simbólicamente por una trenza. Están unidos por su historia: un pasado, presente y futuro compartidos. Una cifra estilizada representa el 100.º aniversario, junto a los escudos de los tres Estados bálticos. A la izquierda figura el nombre del país emisor, «LIETUVA» (Lituania), y la marca de ceca, y a la derecha, el año de emisión, «2018», y la marca del diseñador, «JP». El diseño fue seleccionado por votación popular en los tres Estados bálticos. En la corona circular de la moneda figuran las doce estrellas de la Unión Europea.;31 de enero de 2018;1.000.000;En 2018, Estonia, Letonia y Lituania emitieron conjuntamente una moneda conmemorativa de euro con un diseño común en el que rendirán homenaje a la creación de los Estados de Estonia y Letonia y al restablecimiento del Estado de Lituania;;;
Lituania;2018;Celebración de los cantos y danzas lituanos (inscritos en la Lista Representativa del Patrimonio Cultural Inmaterial de la Humanidad de la Unesco);;"El motivo recoge figuras estilizadas de personas y aves, características de una de las manifestaciones del arte folclórico lituano, el papel recortado, simbolizando los cantos y danzas populares. La indicación del país emisor, «LIETUVA», está en la parte inferior, en el centro; el año de emisión, «2018», figura en el lado izquierdo; y la marca de ceca de Lituania, en el lado derecho. En la corona circular de la moneda figuran las doce estrellas de la Unión Europea.";26 de junio de 2018;500.000;;;;
Lituania;2019;Regiones etnográficas de Lituania: Samogitia ;;El diseño muestra un oso erguido sobre las patas traseras con un collar en el cuello. Este oso aparece en el escudo de Samogitia desde el siglo XVI. El oso se recorta sobre un escudo con una corona en su parte superior que está sujeto por un soldado armado (símbolo de valentía, sacrificio y patriotismo) y por una diosa con un ancla (símbolo de esperanza). Debajo puede leerse la inscripción en latín «PATRIRIA UNA» (una patria). El diseño está rodeado por las inscripciones «LIETUVA» (Lituania) y «ŽEMAITIJA» (Samogitia), el año de emisión, «2019», y la marca de ceca de la Fábrica de la Moneda de Lituania. En la corona circular de la moneda figuran las doce estrellas de la bandera europea.;10 de septiembre de 2019;500.000;;;;
Lituania;2019;Los Sutartin?s (canciones multiparte lituanas de múltiples partes inscritas en la Lista Representativa del Patrimonio Cultural Inmaterial de la Humanidad de la Unesco);;El diseño presenta motivos lineares que simbolizan las melodías polifónicas del patrimonio lituano único, canciones folklóricas llamadas sutartin?s. Las líneas se ensanchan y se encogen en una espiral decorada con diferentes figuras geométricas y de naturaleza en miniatura. En el semicírculo se pueden leer las inscripciones correspondientes al país emisor, «LIETUVA», a las canciones multiparte lituanas, «SUTARTIN?S» y al año de emisión, «2019». También aparece la marca de ceca lituana. En la corona circular de la moneda figuran las doce estrellas de la bandera europea.;10 de julio de 2019;500.000;;;;
Lituania;2020;Serie de regiones etnográficas de Lituania: Aukštaitija;;El motivo representa un escudo de armas con un jinete pertrechado de armadura que blande con su diestra una espada. El escudo de armas lo sostienen dos ángeles, que simbolizan el ensalzamiento y la protección de Aukštaitija, una de las regiones más importantes de Lituania y cuna de su identidad estatal. Justo debajo figura en latín «PATRIAM TUAM MUNDUM EXISTIMA» (ten a tu patria por el mundo entero). El motivo está rodeado por las leyendas siguientes: «LIETUVA» (nombre del país emisor), «AUKŠTAITIJA», el año de emisión «2020» y la marca de ceca de la Fábrica de la Moneda de Lituania. En la corona circular de la moneda figuran las doce estrellas de la bandera europea.;16 de septiembre de 2020;500.000;;;;
Lituania;2020;Sitio declarado patrimonio de la humanidad por la Unesco: Kryži? Kalnas (Colina de las Cruces);;El motivo representa la Colina de las Cruces: fragmentos de cruces de madera y forjadas que simbolizan la elaboración artesanal de cruces y la cultura popular lituanas. La elaboración artesanal de cruces y su simbolismo en Lituania están incluidos en la Lista Representativa del Patrimonio Cultural Inmaterial de la Humanidad de la Unesco. Se pueden apreciar las inscripciones siguientes: el nombre del Estado emisor «LIETUVA» y el año de emisión «2020» en la parte superior, y «KRYŽI? KALNAS» (Colina de las Cruces) y la marca de ceca lituana en la parte inferior. El motivo es obra de Rytas Jonas Belevi?ius. En la corona circular de la moneda figuran las doce estrellas de la bandera europea.;04 de noviembre de 2020;500.000;;;;
Lituania;2021;Programa sobre el Hombre y la Biosfera de la UNESCO: reserva de la biosfera de Žuvintas.;;El motivo representa el entorno característico de la reserva de la biosfera de Žuvintas, que pertenece a la red mundial de reservas de la biosfera del Programa sobre el Hombre y la Biosfera de la UNESCO. Se trata de islas remotas de un lago único lleno de aves y del mayor humedal de Lituania, con sus animales distintivos. En primer plano se ve un gran avetoro que va a atrapar un sapo rojo en el agua. Entre los juncos representados a la derecha hay un carricerín cejudo y, arriba, una bandada de grullas comunes y un cisne común, todo lo cual simboliza la creación de la reserva. El motivo está rodeado por las inscripciones «LIETUVA» (LITUANIA), «ŽUVINTAS», «UNESCO», el año de emisión «2021» y la marca de ceca de la Fábrica de la Moneda de Lituania. El motivo es obra de Egl? Ratkut? y Ernestas Žemaitis. En la corona circular de la moneda figuran las doce estrellas de la bandera europea.;19 de mayo de 2021;500.000;;;;
Lituania;2021;Regiones etnográficas de Lituania: Dz?kija;;El motivo representa un escudo de armas con un soldado con armadura que sostiene una alabarda en su mano derecha y apoya su brazo izquierdo en un escudo báltico de plata. El escudo de armas, sujeto por dos linces, está colocado sobre un travesaño. Debajo cuelga una cinta con la inscripción latina «EX GENTE BELLICOSISSIMA POPULUS LABORIOSUS» [DE UNA TRIBU MUY BELICOSA (SURGE) UN PUEBLO OPEROSO]. La composición está rodeada por las inscripciones «LIETUVA» (LITUANIA) y «DZ?KIJA», el año de emisión «2021» y la marca de ceca de la Fábrica de la Moneda de Lituania. Rolandas Rimk?nas es el autor del motivo. En la corona circular de la moneda figuran las doce estrellas de la bandera europea.;09 de septiembre de 2021;500.000;;;;
Lituania;2022;35 años del programa Erasmus (Diseño común Eurozona);;El diseño es una combinación de dos elementos fundamentales del programa Erasmus: la inspiración intelectual original, el propio Erasmus, y la alegoría de su influencia en Europa. El primero se simboliza por una de las representaciones más conocidas de Erasmus. El segundo se simboliza por un haz de enlaces que cruzan la moneda de una baliza a otra, en representación de los numerosos intercambios intelectuales y humanos entre los estudiantes europeos. Como referencia a Europa, algunos de estos enlaces forman otras estrellas, derivadas de la sinergia entre los países. El número 35, por el 35.º aniversario, surge de las estrellas en un estilo gráfico moderno. En la corona circular de la moneda figuran las doce estrellas de la bandera europea.;1 de Julio de 2022;300.000;;;;
Lituania;2022;100 años de baloncesto en Lituania;;El motivo representa, en el centro, la silueta del mapa de Lituania como si se tratara de una cancha de baloncesto, con el significado de que el baloncesto se lleva jugando en Lituania desde hace cien años. La moneda también incluye las leyendas «LIETUVA» (Lituania), «1922-2022» y el logotipo de la ceca lituana, su fabricante, colocada en un semicírculo alrededor del centro. En la corona circular de la moneda figuran las doce estrellas de la bandera europea.;21 de abril de 2022;750.000;;;;
Lituania;2022;Regiones etnográficas lituanas: Suvalkija;;El motivo representa un uro en el escudo de armas, que a su vez está decorado, en ambos lados, con ramas de roble de plata con bellotas. Las ramas se unen en la parte inferior con una cinta de plata en la que figura la leyenda «VIENYB? TEŽYDI» (QUE FLOREZCA LA UNIDAD). Las ramas de roble simbolizan la rica historia de la región, que se remonta a la época pagana del estado lituano. En el pasado, el uro era el animal más extendido en esta región. La composición está rodeada por la leyenda «LIETUVA» (LITUANIA) y el año de emisión «2022» en la parte superior, así como por la leyenda «SUVALKIJA» y la marca de ceca de la Fábrica de Moneda lituana en la parte inferior. En la corona circular de la moneda figuran las doce estrellas de la bandera europea.;20 de diciembre de 2022;500.000;;;;
Lituania;2023;Todos con Ucrania;;El motivo central es un girasol estilizado cuyos pétalos parecen siluetas de personas que se dan la mano, se abrazan y se protegen, imagen que encarna la unidad, el apoyo y la fuerza de la solidaridad. El diseño artístico del girasol evoca el sol naciente, la esperanza de un nuevo comienzo, los pájaros, la libertad, la esperanza, el valor y la superación de circunstancias adversas, sin aceptar jamás la imposición de la voluntad ajena, en alusión a quienes han sacrificado sus vidas y a sus almas en tránsito hacia otro plano. La composición está rodeada de las inscripciones «LIETUVA» (LITUANIA), «KARTU SU UKRAINA» (TODOS CON UCRANIA), el año de emisión «2023» y la marca de ceca de la Casa de la Moneda de Lituania. El diseño de la moneda es de Egl? Žemait?. En la corona circular de la moneda figuran las doce estrellas de la bandera europea.;16 de marzo de 2023;500.000;;;;
Lituania;2024;Jardines de paja en Lituania ;;"La cara nacional de la moneda muestra un jardín de paja estilizado formado por formas geométricas de diversos tamaños, con una espiga apuntando hacia arriba (hacia el cielo) y la otra hacia abajo (hacia el inframundo). También figura la inscripción «LIETUVA» (LITUANIA), el año de emisión (2024), la marca de ceca de la Casa de la Moneda de Lituania y las doce estrellas de la UE.
El canto de la moneda, como todas las emitidas por Lituania en este valor, cuenta con las leyendas: LAISV? * VIENYB? * GEROV? * (LIBERTAD * UNIDAD * BIENESTAR *).";25 de septiembre de 2024;500.000;"Se trata de un motivo dedicado al que fue inscrito en la Lista Representativa del Patrimonio Cultural Inmaterial de la Humanidad en 2023 con el nombre de «Fabricación de sodai, adornos decorativos de paja en Lituania».
La fabricación de sodai es una tradición artesanal lituana que data de siglos atrás, caracterizada por la creación de adornos decorativos hechos de paja o cañas de cereales. Estos adornos suelen ser de forma geométrica, formados por estructuras tridimensionales simétricas y complejas. Los sodai son conocidos por su delicadeza y precisión, y se asocian tanto a la decoración de hogares como a costumbres ceremoniales.
El sodai tiene profundas raíces en la cultura pagana y rural de Lituania. Tradicionalmente, estos adornos se colgaban en los techos durante festividades importantes como la Navidad (Kal?dos) y las bodas. Los sodai se consideraban amuletos de protección y buena suerte, y su simetría y equilibrio se pensaban que atraían armonía y prosperidad a los hogares.
El nombre «sodai» significa «jardín» en lituano, lo que subraya la idea de que estos adornos representan microcosmos del mundo natural, un reflejo del deseo de vivir en armonía con la naturaleza y el cosmos.
Los sodai se hacen tradicionalmente de paja de centeno u otros cereales, aunque algunas versiones modernas pueden incluir materiales como el hilo. El proceso es meticuloso y requiere habilidad. La paja se corta en segmentos y se ensambla utilizando hilos o cuerdas para formar figuras geométricas como pirámides, rombos y otras formas poliédricas. Cada parte del sodai debe estar perfectamente alineada para garantizar la simetría, lo que hace que el proceso sea un trabajo de paciencia y precisión.
Originalmente, los sodai no solo eran decoraciones, sino que también se les atribuía un significado ritual. Se colocaban sobre la mesa festiva o en el centro de la casa como símbolo de la fuerza vital y el equilibrio. En las bodas, los sodai simbolizaban el crecimiento y la fertilidad, y en Navidad, su función era invitar a las fuerzas protectoras y bendiciones del próximo año.
En tiempos modernos, la fabricación de sodai ha tenido un resurgimiento como parte del interés por las artesanías y tradiciones populares en Lituania. Además de su uso en festividades tradicionales, los sodai también se han convertido en objetos decorativos populares, a menudo vistos como una expresión del diseño folclórico lituano y su conexión con la naturaleza.
Hoy en día, hay talleres y artesanos dedicados a preservar esta antigua técnica y a enseñar a las nuevas generaciones cómo hacer sodai, no solo como un legado cultural, sino también como una forma de meditación creativa. La belleza y delicadeza de los sodai también los han convertido en exportaciones apreciadas fuera de Lituania, siendo un símbolo de su herencia cultural.
En 2023, la fabricación de sodai fue incluida en la Lista Representativa del Patrimonio Cultural Inmaterial de la Humanidad de la UNESCO. Este reconocimiento subraya la importancia de esta antigua tradición artesanal lituana, destacando su valor cultural, su conexión con la naturaleza, y su capacidad de transmitir conocimientos y habilidades a las generaciones más jóvenes.
Este logro es un testimonio de los esfuerzos por preservar y revitalizar una práctica que, aunque sencilla en apariencia, tiene un profundo significado simbólico y artístico para el pueblo lituano. La inclusión de los sodai en la lista de la UNESCO asegura que esta tradición perdurará y recibirá la protección adecuada, además de un mayor reconocimiento internacional.";;;
Lituania;2025;Defensa del Estado lituano;;En el anverso de la moneda conmemorativa, dedicada a la defensa, se representan los contornos de Lituania. Las fronteras estatales están rodeadas por una barrera de espinas estilizadas, como si de un erizo se tratase, que simboliza el concepto de defensa integral y de toda la sociedad. La imagen del erizo también representa la apertura y la fragilidad de las sociedades libres, que deben defenderse al máximo frente a las amenazas externas. Lituania se presenta como un erizo que siempre está listo para defenderse. En el centro del anverso figura la inscripción «LIETUVA» (LITUANIA), el año de emisión (2025) y la marca de la ceca de la Casa de la Moneda de Lituania. En la corona circular de la moneda figuran las doce estrellas de la bandera europea.;;1.000.000;"Lituania, una de las tres repúblicas bálticas, se encuentra estratégicamente situada en Europa del Este, en la frontera con Rusia y Bielorrusia, dos potencias que han desempeñado un papel clave en la configuración de su historia y sus políticas de defensa. Desde su independencia en 1990 tras la disolución de la Unión Soviética, Lituania ha trabajado arduamente para construir un sistema de defensa que garantice su soberanía y la seguridad de su población frente a posibles amenazas armadas extranjeras.
La ubicación de Lituania la convierte en un punto crucial para la estabilidad de Europa del Este. Comparte una frontera con el enclave ruso de Kaliningrado y con Bielorrusia, aliada de Rusia, lo que la sitúa en una posición vulnerable frente a tensiones geopolíticas. Estas condiciones se han agravado desde la anexión de Crimea por parte de Rusia en 2014 y la posterior guerra en Ucrania.
El temor a posibles agresiones extranjeras ha llevado a Lituania a reforzar sus capacidades de defensa. Además, el corredor de Suwalki, una estrecha franja de tierra que conecta Lituania con Polonia, se considera un posible objetivo estratégico en caso de un conflicto, ya que separa Kaliningrado de Bielorrusia.
Lituania ha incrementado consistentemente su gasto militar, superando el 2% del PIB recomendado por la OTAN. Este presupuesto se destina a la modernización de su ejército, la compra de armamento avanzado y la mejora de infraestructuras militares.
Lituania se unió a la OTAN en 2004, lo que marcó un hito en su estrategia de defensa. Esta membresía garantiza la protección bajo el artículo 5 del Tratado de Washington, que establece que un ataque contra un miembro es considerado un ataque contra todos. Además, el país participa activamente en ejercicios militares conjuntos, como «Defender Europa» y «Baltops», fortaleciendo la interoperabilidad con las fuerzas aliadas.
En respuesta a las tensiones con Rusia, la OTAN ha desplegado fuerzas multinacionales en los Estados bálticos. En Lituania, un batallón liderado por Alemania opera como parte del despliegue avanzado de la Alianza, ofreciendo disuasión contra posibles agresiones.
En 2015, Lituania reintrodujo el servicio militar obligatorio como respuesta directa a las amenazas percibidas en la región. Este programa ha fortalecido la reserva de soldados entrenados y ha fomentado el compromiso cívico con la defensa nacional.
Además de las amenazas físicas, Lituania enfrenta riesgos en el ciberespacio, especialmente ataques dirigidos a infraestructuras críticas y campañas de desinformación. En consecuencia, ha desarrollado capacidades avanzadas de ciberseguridad y trabaja estrechamente con socios internacionales para fortalecer su resiliencia en este ámbito.
La defensa del Estado lituano no recae exclusivamente en sus fuerzas armadas, sino también en la sociedad. El gobierno ha promovido programas de educación cívica y defensa, alentando a los ciudadanos a participar en ejercicios de preparación para emergencias y formar parte de organizaciones como la Unión de Fusileros de Lituania, una fuerza de defensa voluntaria.
A pesar de los avances, Lituania enfrenta desafíos significativos, incluyendo la dependencia de equipos militares importados, la proximidad a actores hostiles y la necesidad de mantener la cohesión interna en un contexto de amenazas híbridas. No obstante, su enfoque en la cooperación internacional, la modernización de sus fuerzas armadas y la movilización social refuerzan su capacidad para disuadir y responder a posibles ataques.
En conclusión, la defensa del Estado lituano es una prioridad nacional que combina una estrategia integral de preparación militar, alianzas internacionales y movilización ciudadana. A medida que las tensiones en Europa del Este persistan, Lituania seguirá fortaleciendo su posición como un bastión de estabilidad y resistencia en la región.";;;
Lituania;2025;Regiones etnográficas lituanas: Pequeña Lituania;;"El diseño del lado nacional ha sido creado por Rolandas Rimk?nas, inspirado en el escudo de armas de la región elaborado por Arvydas Každailis. En el centro de la moneda aparece un alce sosteniendo una lanza con sus patas delanteras y, sobre él, un faro brillante, símbolo de luz y orientación. A ambos lados figuran kurenkahns, barcos tradicionales de pesca del mar Báltico. Bajo el escudo se incluye una cita del filósofo Vyd?nas: “Spindulys esmi begalin?s šviesos” (“Un rayo es la esencia de la luz infinita”).
La composición se completa con las inscripciones “Lietuva”, “Mažoji Lietuva”, el año 2025 y la marca de ceca de la Casa de la Moneda de Lituania, todo ello rodeado por las 12 estrellas de la bandera de la Unión Europea. El canto de la moneda, como todas las emitidas por Lituania en este valor, cuenta con las leyendas: LAISV? * VIENYB? * GEROV? * (LIBERTAD * UNIDAD * BIENESTAR *).";Noviembre de 2025;500.000;"Lituania Menor, es una región histórica en el oeste de Lituania y el noreste de Polonia, cerca del mar Báltico. Históricamente, la región ha sido una encrucijada cultural debido a su ubicación y ha visto influencias de varias culturas y gobernantes.
En tiempos medievales, fue una parte importante del Estado Monástico de los Caballeros Teutónicos, antes de pasar a ser parte del Reino de Prusia y, más tarde, del Imperio Alemán. Tras la Primera Guerra Mundial, algunas áreas de Lituania Menor se incorporaron a Lituania.
La región es conocida por su rica historia y patrimonio cultural, con numerosas iglesias, castillos y otros sitios históricos. También es un área con una notable biodiversidad, incluyendo bosques y lagos, lo que la convierte en un destino atractivo tanto para los amantes de la historia como de la naturaleza.
En 2019 comenzó la emisión de una serie de monedas conmemorativas de 2 euros dedicadas a las regiones etnográficas históricas de Lituania: Samogitia, Aukštaitija, Dz?kija y Suvalkija (Sudovia). Faltaba una última pieza para completar la colección: la correspondiente a la Pequeña Lituania (Mažoji Lietuva), cuya emisión se había previsto inicialmente para 2023 pero fue cancelada por motivos desconocidos.
Esta moneda no solo culmina una serie que celebra la diversidad regional de Lituania, sino que también representa un reconocimiento simbólico a una zona con un pasado histórico complejo, marcada por la influencia germánica y la actual división territorial con el enclave ruso de Kaliningrado.";;;
Lituania;2026;Ciudad de Kaunas;;"El diseño muestra varios de los edificios más representativos de la ciudad integrados en una única panorámica urbana. En la parte izquierda aparece la Iglesia de la Asunción de la Virgen María, conocida también como Iglesia Vytautas el Grande, uno de los templos más antiguos de Kaunas y un símbolo inseparable de su casco histórico. Junto a ella se reconocen las torres de la Basílica de San Pedro y San Pablo y la histórica Casa de Perk?nas, uno de los mejores ejemplos de arquitectura gótica tardía de Lituania.
En el centro de la composición se alza el Ayuntamiento de Kaunas, uno de los edificios más reconocibles de la ciudad gracias a su elegante torre blanca, mientras que al fondo emerge el Castillo de Kaunas, fortaleza medieval ligada a la defensa histórica del territorio lituano. La moneda también incorpora elementos de la Kaunas más moderna, como la Oficina Central de Correos y la Basílica de la Resurrección de Cristo, un templo monumental convertido en uno de los iconos visuales de la ciudad.
Uno de los detalles más interesantes del diseño es la forma orgánica situada en la parte izquierda inferior de la moneda. Frente a las líneas rectas de los edificios, este elemento introduce una sensación más natural y fluida que parece representar el paisaje y los ríos que rodean la ciudad, creando un equilibrio visual muy particular entre naturaleza y urbanismo.
La moneda incluye las inscripciones “KAUNAS” y “LIETUVA”, además del año 2026, la marca de ceca lituana y las iniciales del diseñador Tomas Drag?nas. El anillo exterior mantiene las doce estrellas de la Unión Europea.";noviembre de 2026;500.000;Situada en la confluencia de los ríos Nemunas y Neris, Kaunas es uno de los grandes centros culturales e históricos de Lituania. Durante siglos ha desempeñado un papel fundamental en la identidad del país y hoy destaca tanto por su patrimonio medieval como por su arquitectura modernista, declarada Patrimonio de la Humanidad por la UNESCO en 2023. Esa mezcla entre tradición, espiritualidad y modernidad es precisamente la que intenta reflejar esta nueva moneda de 2 euros.;;;
Lituania;2026;Independencia energética de Lituania;;"La cara nacional de la moneda presenta un diseño simbólico que representa la energía, la libertad y la determinación de Lituania para asegurar su futuro energético. En el centro aparece una figura estilizada que evoca un pájaro en vuelo, símbolo universal de libertad y progreso. Sus alas se transforman en rayos dinámicos que representan la energía, mientras que la cabeza del ave adopta la forma estilizada de las Columnas de Gediminas, uno de los símbolos históricos más reconocibles del país. El conjunto transmite la idea de impulso hacia el futuro y de conexión entre tradición e innovación. A la izquierda figura la inscripción “LIETUVA”, mientras que a la derecha se indican el año de emisión 2026 y la marca de la ceca. Como es habitual en las monedas de euro, el anillo exterior incluye las doce estrellas de la Unión Europea. 
El canto de la moneda, como todas las emitidas por Lituania en este valor, cuenta con las leyendas: LAISV? * VIENYB? * GEROV? * (LIBERTAD * UNIDAD * BIENESTAR *).";18 de marzo de 2026;500.000;"Independencia energética: un símbolo de seguridad y libertad
Durante décadas, numerosos países europeos dependieron en gran medida de importaciones energéticas externas, especialmente de gas y petróleo. Esta dependencia se convirtió en un tema crítico tras acontecimientos como la invasión rusa de Ucrania en 2022, que desencadenó una crisis energética en Europa y obligó a muchos estados a replantear sus políticas energéticas.
Para un país báltico como Lituania, la cuestión es aún más sensible. Históricamente integrado en las infraestructuras energéticas heredadas de la época soviética, el país emprendió en las últimas décadas un profundo proceso para desvincularse de sistemas energéticos dependientes y construir una red moderna, interconectada con Europa.
Este camino hacia la autonomía energética incluye proyectos estratégicos como: la diversificación de suministros de gas natural, la conexión eléctrica con países europeos vecinos, el desarrollo de energías renovables y la modernización de las redes energéticas nacionales.
La independencia energética se entiende hoy como un elemento esencial de la soberanía nacional, ya que garantiza estabilidad económica, seguridad estratégica y capacidad de decisión política.
En un momento en el que la guerra y la tensión geopolítica siguen afectando a Europa, esta moneda recuerda que la energía no es solo una cuestión técnica o económica, sino también un factor clave de libertad y resiliencia nacional.";;;
Lituania;2027;Ciudad de Klaip?da;;;septiembre de 2027;1.000.000;"Klaip?da, situada en la costa occidental de Lituania, es la ciudad portuaria más importante del país y uno de los núcleos urbanos con mayor diversidad histórica. A lo largo de los siglos, la ciudad —conocida históricamente como Memel— ha estado bajo distintas administraciones, entre ellas la prusiana y la alemana, antes de integrarse definitivamente en el Estado lituano.
Esta trayectoria ha dado lugar a una identidad cultural única, donde convergen influencias bálticas, germánicas y centroeuropeas. Su arquitectura, su urbanismo y su patrimonio reflejan ese pasado multicultural, convirtiéndola en un referente histórico dentro del país.
En la actualidad, Klaip?da desempeña un papel clave en la economía nacional gracias a su puerto marítimo, el más grande y activo de Lituania. 
Además, la ciudad actúa como un nodo de conexión entre Europa del Norte, Europa Central y la región báltica, reforzando la posición geoeconómica de Lituania en el contexto europeo.";;;
Lituania;2015;Cara Nacional 2€;;Las monedas en euros lituanas muestran el escudo de armas de la República de Lituania (conocido como Vytis), el nombre del país de emisión «LIETUVA» y el año de emisión «2015». También figuran las doce estrellas de la bandera europea. El diseño es obra del escultor Antanas Žukauskas. Grabado del canto (virola) de la moneda de 2€: LAISV? * VIENYB? * GEROV? * (Libertad * Unidad * Bienestar *);01 de enero de 2015;Indefinido;;;;
Luxemburgo;2004;Efigie y monograma del gran duque Enrique;;La moneda representa, en el lado izquierdo de su parte interior, la efigie de Su Alteza Real el gran duque Enrique mirando hacia la derecha y, en el lado derecho, su monograma (una «H» especial cubierta por una corona). Las doce estrellas están dispuestas en semicírculo a la derecha del monograma. En la parte superior del anillo figuran en forma circular el año 2004, rodeado por la marca de la Fábrica de la Moneda y las iniciales del grabador, y la palabra LËTZEBUERG. La leyenda «HENRI — Grand-Duc de Luxembourg» figura en la parte inferior del anillo.;Junio de 2004;2.490.000;;;;
Luxemburgo;2005;Quincuagésimo aniversario del gran duque Enrique, quinto aniversario de su entronización y centenario del fallecimiento del gran duque Adolfo;;En el centro de la moneda aparece la efigie de Su Alteza Real el gran duque Enrique mirando hacia la derecha, superpuesta sobre la efigie del gran duque Adolfo. Encima de las efigies figura, en semicírculo, la inscripción «GRANDS-DUCS DE LUXEMBOURG». Debajo de cada efigie está inscrito el texto respectivo «HENRI *1955» y «ADOLPHE †1905». En la parte exterior de la moneda, las doce estrellas que rodean la imagen se intercalan con el texto «LËTZEBUERG», y debajo aparece inscrita la fecha «2005» flanqueada por la marca de la fábrica de la moneda y la letra «S».;Enero de 2005;2.800.000;;;;
Luxemburgo;2006;Vigésimo quinto cumpleaños del heredero al trono, el gran duque Guillermo;;En el centro de la moneda está representada la efigie de Su Alteza Real el gran duque Enrique superpuesta sobre la efigie del gran duque heredero Guillermo. El año de emisión, «2006», aparece debajo de ambas efigies, flanqueado por la letra «S» y la marca de la Fábrica de la Moneda. La palabra «LËTZEBUERG» figura sobre las dos efigies. Las doce estrellas de la Unión Europea aparecen en la corona circular de la moneda.;Enero de 2006;1.100.000;;;;
Luxemburgo;2007;Conmemoración del Palacio Gran Ducal;;La moneda reproduce la efigie de Su Alteza Real el gran duque Enrique superpuesta sobre una imagen del Palacio Gran Ducal. A la izquierda aparece el año de acuñación, «2007», flanqueado en su extremo superior por la marca del grabador, y en el inferior, por la marca de la Fábrica de la Moneda. La inscripción «LËTZEBUERG» figura en la base de la imagen. En el anillo exterior de la moneda están representadas las doce estrellas de la Unión Europea.;Febrero de 2007;1.100.000;;;;
Luxemburgo;2007;Quincuagésimo aniversario del Tratado de Roma (Diseño común Eurozona);;En el centro de la moneda se representa el documento del Tratado firmado por los seis países fundadores, sobre un fondo que imita el pavimento diseñado por Miguel Ángel para la Piazza del Campidoglio de Roma, en la que tuvo lugar la firma el 25 de marzo de 1957. El nombre del país emisor y las leyendas «TRATADO DE ROMA 50 AÑOS» y «EUROPA» aparecen en latín o en el idioma o idiomas de dicho país de la zona del euro. Así pues, la inscripción varía según el país, aunque la imagen es la misma. El Tratado de Roma estableció la Comunidad Económica Europea, iniciando así un proceso que condujo a la introducción del euro en 1999 y de los billetes y monedas en euros en el 2002. Para celebrar el aniversario del Tratado, el 25 de marzo de 2007, los países miembros de la zona del euro han decidido emitir de forma conjunta esta moneda, cuyo diseño resultó elegido en un concurso organizado por las fábricas de moneda europeas. En el anillo exterior de la moneda están representadas las doce estrellas de la Unión Europea.;Marzo de 2007;2.000.000;Luxemburgo (LËTZEBUERG);;;
Luxemburgo;2008;Residencia oficial: Castillo de Berg (El gran duque Enrique y el Château de Berg);;La moneda reproduce la efigie del gran duque Enrique y su residencia oficial, el Château de Berg. El año de emisión «2008», flanqueado por la marca de la Fábrica de la Moneda y la marca del taller de grabado, figura en la parte superior. La inscripción «LËTZEBUERG» aparece en la parte inferior del diseño. En la corona circular se representan las doce estrellas de la Unión Europea.;Febrero de 2008;1.300.000;;;;
Luxemburgo;2009;90º aniversario de la ascensión al trono de la Gran Duquesa Carlota (El gran duque Enrique y la gran duquesa Carlota);;La moneda reproduce las efigies del gran duque Enrique y la gran duquesa Carlota. A la derecha, alineados verticalmente, figuran la leyenda «LËTZEBUERG» y el año «2009», flanqueado por la marca del grabador y por la marca de la Fábrica de la Moneda. En la corona circular aparecen las doce estrellas de la Unión Europea.;15 de enero de 2009;1.400.000;;;;
Luxemburgo;2009;Décimo aniversario de la Unión Económica y Monetaria (Diseño común Eurozona);;En la moneda puede verse una figura de diseño primitivo que se funde con el símbolo del €. La idea que se desea transmitir es que la moneda única y, por extensión, la Unión Económica y Monetaria (UEM) constituyen el último eslabón de la larga historia de la integración económica y comercial europea. Esta moneda la emiten todos los países de la zona del euro, figurando en cada caso el nombre del país emisor y la leyenda «UEM 1999-2009» en la lengua o lenguas respectivas. El diseño, elegido entre los cinco preseleccionados por ciudadanos de la Unión Europea mediante votación por Internet, es creación de George Stamatopoulos, escultor del departamento de acuñación del Banco de Grecia. En la corona circular se representan las doce estrellas de la Unión Europea.;Enero de 2009;825.000;Luxemburgo (LËTZEBUERG);;;
Luxemburgo;2010;Escudo de armas del Gran Duque;;La parte interior de la moneda representa, a la izquierda, la efigie del Gran Duque mirando hacia la derecha y, al lado, el escudo de armas del Gran Duque, encima del cual figura el año de acuñación, «2010», rodeado de las marcas de la Fábrica de la Moneda, que rebasan ligeramente los límites de la corona circular. En la parte inferior, el nombre del país emisor, «LËTZEBUERG», rebasa ligeramente los límites de la corona circular. En la corona circular figuran las doce estrellas de la Unión Europea.;14 de enero de 2010;1.000.000;;;;
Luxemburgo;2011;Quinto centenario del nombramiento de su hijo Juan como «Lieutenant-Représentant» por la gran duquesa Carlota;;La moneda reproduce, en el lado derecho de la parte interior, la efigie de Su Alteza Real el gran duque Enrique mirando hacia la izquierda, superpuesta sobre las efigies del gran duque Juan y de la gran duquesa Carlota. Por encima de las tres efigies figura la leyenda «LËTZEBUERG». El año de emisión, «2011», flanqueado por la marca de la Fábrica de la Moneda y la marca del grabador, puede verse sobre la leyenda. Los nombres de Sus Altezas Reales aparecen bajo la efigie respectiva. En la corona circular figuran las doce estrellas de la Unión Europea.;28 de enero de 2011;1.400.000;;;;
Luxemburgo;2012;Diez años de billetes y monedas en euros (Diseño común: Eurozona);;La parte central de la moneda, diseñada por Helmut Andexlinger, de la Fábrica de Moneda de Austria, y escogida por los ciudadanos y residentes de la zona del euro como moneda conmemorativa común de 2012, muestra el mundo en forma de símbolo del euro en el centro, aludiendo a cómo el euro se ha convertido en un verdadero actor mundial a lo largo de la última década. Los elementos que rodean al euro simbolizan su importancia para la gente corriente (representada por una familia de cuatro miembros), para el mundo de las finanzas (la Eurotower), para el comercio (un buque), para la industria (una fábrica) y la energía, para la investigación y el desarrollo (dos turbinas eólicas). Las iniciales del diseñador «A.H.» se aprecian (si se observa con mucha atención) entre el buque y la Eurotower. En los bordes superior e inferior de la parte central de la moneda figuran, respectivamente, el país emisor y los años «2002 – 2012». La moneda la emitirán todos los países de la zona del euro. En la corona circular figuran las doce estrellas de la Unión Europea.;enero de 2012;535.000;Luxemburgo (LËTZEBUERG);;;
Luxemburgo;2012;El gran duque Enrique y el gran duque Guillermo IV, de la serie «dinastía gran ducal»;;"La moneda muestra, en el lado izquierdo de su parte central, la efigie de Su Alteza Real el gran duque Enrique, superpuesta a la del gran duque Guillermo IV, su bisabuelo, ambos mirando a la derecha; sus nombres «HENRI» y «GUILLAUME IV», y la inscripción «† 1912» referida al segundo, aparecen debajo de las efigies. En la parte superior figura el año «2012», flanqueado a izquierda y derecha, respectivamente, por la marca de ceca (la vara de Mercurio) y por la marca de su director (un barco de vela). Debajo del año aparece el texto «GRANDS-DUCS DE LUXEMBOURG» y, al fondo, la ciudad de Luxemburgo. En la corona circular figuran las doce estrellas de la Unión Europea.";31 de enero de 2012;700.000;;;;
Luxemburgo;2012;Boda del príncipe Guillermo, Gran Duque heredero, con la condesa Estefanía de Lannoy;;La moneda muestra, en el lado izquierdo de su parte central, la efigie de Su Alteza Real el gran duque Enrique y, en el lado derecho, la efigie del príncipe Guillermo, Gran Duque heredero, superpuesta a la de la condesa Estefanía. Las inscripciones «PRËNZENHOCHZAÏT» y «LËTZEBUERG» y el año «2012», con la marca de ceca y las iniciales del maestro grabador, aparecen en la parte inferior del interior de la moneda. En la corona circular figuran las doce estrellas de la Unión Europea.;19 de diciembre de 2012;500.000;;;;
Luxemburgo;2013;Himno Nacional del Gran Ducado de Luxemburgo;;El centro de la moneda muestra, a la derecha, la efigie de Su Alteza Real el gran duque Enrique, mirando a la izquierda, y a la izquierda, la notación musical y el texto del himno nacional. En la parte superior de la parte central figura el texto «Ons Heemecht» y en la parte inferior, el nombre del país emisor «LËTZEBUERG» y el año «2013», este último entre la marca de ceca y las iniciales del maestro grabador. En la corona circular de la moneda figuran las doce estrellas de la Unión Europea.;28 de octubre de 2013;1.400.000;;;;
Luxemburgo;2014;175º aniversario de la independencia del Gran Ducado de Luxemburgo;;En el centro de la moneda, a la derecha, aparece la efigie de su alteza real el gran duque Enrique mirando a la derecha y, a la izquierda, en vertical, los años «1839» y «2014» y el nombre del país emisor «LËTZEBUERG». Las inscripciones «ONOFHÄNGEGKEET» y «175 Joër» aparecen en la parte inferior del centro de la moneda. En la corona circular figuran las doce estrellas de la Unión Europea.;15 de enero de 2014;1.400.000;;;;
Luxemburgo;2014;Cincuentenario del ascenso al trono del gran duque Juan;;El centro de la moneda muestra las efigies de sus altezas reales el gran duque Enrique y el gran duque Juan, mirando hacia la izquierda. En la parte superior aparecen el año «1964» sobre la efigie del gran duque Juan y una corona. En la parte inferior, los nombres «Jean» (Juan) y «Henri» (Enrique) figuran bajo las efigies correspondientes, junto con el año «2014». La inscripción «50e ANNIVERSAIRE DE L’ACCESSION AU TRÔNE DU GRAND-DUC JEAN» bordea la parte interior superior de la moneda. En la corona circular figuran las doce estrellas de la Unión Europea.;06 de noviembre de 2014;1.400.000;;;;
Luxemburgo;2015;Trigésimo aniversario de la bandera de la UE (Diseño común Eurozona);;El motivo representa la bandera de la UE como símbolo que une pueblos y culturas con visiones e ideales comunes de un futuro mejor. Doce estrellas que se transforman en figuras humanas representan el nacimiento de una nueva Europa. En la parte superior derecha, en semicírculo, figura la mención del país emisor «LËTZEBUERG» y los años «1985-2015». En la parte inferior derecha aparecen las iniciales del artista (Georgios Stamatopoulos). En la corona circular de la moneda figuran las doce estrellas de la Unión Europea.;02 de diciembre de 2015;500.000;Luxemburgo (LËTZEBUERG);;;
Luxemburgo;2015;15º aniversario del ascenso al trono de S.A.R el Gran Duque Enrique;;La moneda muestra las efigies de SS.AA.RR. el gran duque Enrique y la Gran Duquesa, sobre las que figura el año del ascenso al trono «2000», el país emisor «Luxembourg», y el año de emisión «2015». Debajo aparece la inscripción «15e anniversaire de l’accession au trône de S.A.R. le Grand-Duc». En la corona circular de la moneda figuran las doce estrellas de la Unión Europea.;09 de junio de 2015;1.400.000;;;;
Luxemburgo;2015;125° aniversario de la dinastía Nassau-Weilbourg;;La moneda muestra, a la izquierda, la efigie de su alteza real el gran duque Enrique y, a la derecha, en forma circular y en orden cronológico de su ascenso al trono, los retratos de sus altezas reales los grandes duques Adolfo y Guillermo IV, las grandes duquesas María Adelaida y Carlota y el gran duque Juan. A la derecha, también en forma circular, figura la inscripción «1890 - Dynastie Nassau-Weilbourg». El nombre del país emisor «Luxembourg» y el año «2015» aparecen en el centro en posición vertical. En la corona circular de la moneda figuran las doce estrellas de la Unión Europea.;02 de octubre de 2015;1.400.000;;;;
Luxemburgo;2016;50º aniversario del puente «Gran Duquesa Carlota»;;El motivo muestra el puente de la Gran Duquesa Carlota, que es la ruta principal que conecta el centro urbano de Luxemburgo con el barrio de Kirchberg, donde están situadas las instituciones de la Unión Europea con sede en la ciudad. El texto «Pont Grande-Duchesse Charlotte» (puente de la Gran Duquesa Carlota) y, debajo, el año «1966» aparecen sobre la imagen del puente. En la parte superior del motivo figura la efigie del Gran Duque Enrique de Luxemburgo y, a su izquierda, el año de emisión «2016». En la parte inferior aparece el nombre del país emisor, «LUXEMBOURG». En la corona circular de la moneda figuran las doce estrellas de la Unión Europea.;12 de mayo de 2016;1.000.000;;;;
Luxemburgo;2017;50º aniversario de la voluntariedad del servicio militar luxemburgués;;El motivo muestra, a la derecha, la efigie de Su Alteza Real el Gran Duque Enrique, mirando a la derecha, y, a la izquierda, el texto «50 Joer Fräiwëllegen-Arméi» en forma de logotipo. En la parte superior del motivo figura el año «2017», con la marca de ceca y las iniciales del maestro de ceca a cada lado. En la parte inferior aparece el nombre del país de emisión, «LËTZEBUERG». En la corona circular de la moneda figuran las doce estrellas de la Unión Europea.;09 de enero de 2017;500.000;;;;
Luxemburgo;2017;200º aniversario del Gran Duque Guillermo III;;El diseño muestra, en el lado izquierdo, la efigie de Su Alteza Real, el Gran Duque Enrique, mirando hacia la izquierda y, en el lado derecho, la efigie de S.A.R. el Gran Duque Guillermo III. En la parte superior del motivo figura la fecha «2017», y, en la parte inferior, el texto «GRANDS-DUCS DE LUXEMBOURG». Por encima de su respectiva efigie aparece el nombre «GUILLAUME III» seguido de la indicación de su fecha de nacimiento «*1817». En la corona circular de la moneda figuran las doce estrellas de la Unión Europea.;25 de octubre de 2017;500.000;;;;
Luxemburgo;2018;150º aniversario de la Constitución luxemburguesa;;"El motivo muestra, en la mitad superior izquierda, el busto de Su Alteza Real, el Gran Duque Enrique, mirando hacia la derecha y, en la mitad superior derecha, los años «1868-2018» y, justo debajo, el texto «150 ans» (150 años); en la mitad inferior del motivo, figuran el texto «Constitution du Grand-Duché de Luxembourg» (Constitución del Gran Ducado de Luxemburgo) y, entre líneas, una imagen de plano secante lateral de la parte inferior de un cuaderno abierto. En la corona circular de la moneda figuran las doce estrellas de la Unión Europea.";21 de junio de 2018;500.000;;;;
Luxemburgo;2018;El 175º aniversario de la muerte del Gran Duque de Luxemburgo Guillermo I;;"El motivo de la moneda muestra, en el lado derecho, la efigie de Su Alteza Real, el Gran Duque Enrique, mirando hacia la izquierda; y, en el lado izquierdo, la efigie de S.A.R. el Gran Duque Guillermo I. Entre las dos efigies aparecen, en vertical, los años «1772-1843», así como el nombre de «Guillaume Ier». En la parte inferior aparece el texto «LUXEMBOURG» y el año «2018». En la corona circular de la moneda figuran las doce estrellas de la bandera europea.";03 de diciembre de 2018;500.000;;;;
Luxemburgo;2019;Centenario de la ascensión al trono de la Gran Duquesa Carlota;;El motivo muestra, a la izquierda, la efigie de Su Alteza Real, el Gran Duque Enrique y, a la derecha, la efigie de la Gran Duquesa Carlota. En la parte inferior figura el nombre del país emisor, «LUXEMBURGO», y, debajo, el año de emisión «2019». En la parte superior, en semicírculo en torno a las efigies, figura la inscripción «Centenaire de l’accession au trône de la Grande-Duchesse Charlotte» (centenario de la ascensión al trono de la Gran Duquesa Carlota). En la corona circular de la moneda figuran las doce estrellas de la bandera europea.;25 de junio de 2019;500.000;;;;
Luxemburgo;2019;Primer centenario del sufragio universal;;l diseño muestra, a la izquierda, a Su Alteza Real el gran duque Henri y, a la derecha, aparece una mano introduciendo un voto en una urna. En la parte inferior aparece el nombre del Estado emisor, «LUXEMBOURG». En la parte superior, se lee la inscripción «Centenaire du suffrage universel» (centenario del sufragio universal) y, debajo, los años «1919-2019», el último de los cuales hace referencia al año de emisión. En la corona circular de la moneda figuran las doce estrellas de la bandera europea.;05 de diciembre de 2019;500.000;;;;
Luxemburgo;2020;200º aniversario del nacimiento del príncipe Henri;;El motivo de la moneda muestra, a la derecha, el busto de Su Alteza Real el gran duque Henri y, a la izquierda, el busto del príncipe Henri. En la parte inferior, figura el nombre del país emisor «LUXEMBOURG» y el año «2020». A la izquierda, en semicírculo, aparece la leyenda «Prince Henri d’Orange-Nassau» y, bajo su busto, la leyenda «1820-1879». En la corona circular de la moneda figuran las doce estrellas de la bandera europea.;21 de septiembre de 2020;500.000;;;;
Luxemburgo;2020;El nacimiento del príncipe heredero Carlos;;El motivo muestra en el centro al príncipe Carlos, bajo las efigies de sus padres, sus altezas reales el gran duque heredero Guillermo y la gran duquesa heredera Estefanía. En la parte inferior, el texto «S.A.R. de Prënz Charles» (su alteza real el príncipe Carlos) va seguido de la fecha de nacimiento «10 de mayo de 2020». En el lado izquierdo, figura en vertical la palabra «LËTZEBUERG», como designación del Estado emisor. El monograma (letra «H» con copa) es una representación del gran duque Henri. En la corona circular de la moneda figuran las doce estrellas de la bandera europea.;14 de diciembre de 2020;500.000;;;;
Luxemburgo;2021;Centenario del nacimiento del Gran Duque Jean;;El diseño representa, a la izquierda, la efigie del Gran Duque Jean y, a la derecha, la efigie del Gran Duque Henri. Los nombres respectivos de los dos Grandes Duques aparecen al lado de cada efigie, así como el año de nacimiento, «1921», del Gran Duque Jean. Debajo de las efigies, está representado un esbozo de la ciudad de Luxemburgo. A la izquierda, el texto «GROUSSHERZOGE VU LËTZEBUERG», que designa también al país emisor, está inscrito en forma circular. El año de emisión, «2021», figura en la parte inferior derecha. En la corona circular de la moneda figuran las doce estrellas de la bandera europea.;19 de abril de 2021;160.000;;;;
Luxemburgo;2021;Cuadragésimo aniversario del matrimonio del Gran Duque Henri y la Gran Duquesa María Teresa;;El diseño muestra las efigies del Gran Duque Henri y de la Gran Duquesa María Teresa. Debajo de las efigies, dos alianzas precedidas por la fecha de la boda «14. FEBRUAR 1981» y seguidas del año de emisión «2021». La palabra «LETZEBUERG» que alude al país emisor está inscrita debajo. En la corona circular de la moneda figuran las doce estrellas de la bandera europea.;19 de abril de 2021;160.000;;;;
Luxemburgo;2022;35 años del programa Erasmus (Diseño común Eurozona);;El diseño es una combinación de dos elementos fundamentales del programa Erasmus: la inspiración intelectual original, el propio Erasmus, y la alegoría de su influencia en Europa. El primero se simboliza por una de las representaciones más conocidas de Erasmus. El segundo se simboliza por un haz de enlaces que cruzan la moneda de una baliza a otra, en representación de los numerosos intercambios intelectuales y humanos entre los estudiantes europeos. Como referencia a Europa, algunos de estos enlaces forman otras estrellas, derivadas de la sinergia entre los países. El número 35, por el 35.º aniversario, surge de las estrellas en un estilo gráfico moderno. En la corona circular de la moneda figuran las doce estrellas de la bandera europea.;1 de Julio de 2022;260.000;;;;
Luxemburgo;2022;50º aniversario de la protección jurídica de la bandera luxemburguesa;;El motivo muestra a la izquierda la efigie del Gran Duque Henri y, a la derecha, la bandera tricolor luxemburguesa. El año «1972» figura por encima de la bandera y, debajo, el año de emisión «2022». En el centro de la parte inferior aparece el nombre del país de emisión «LËTZEBUERG». En la corona circular de la moneda figuran las doce estrellas de la bandera europea.;01 de julio de 2022;263.500;;;;
Luxemburgo;2022;Décimo aniversario de la boda del gran duque heredero Guillermo y la gran duquesa heredera Estefanía;;El motivo representa las efigies del gran duque heredero Guillermo y de la gran duquesa heredera Estefanía. Junto a las efigies, aparecen los nombres respectivos en forma semicircular. A la izquierda del año 2022 pueden verse dos anillos de boda. En la parte inferior del motivo, aparece la palabra «LËTZEBUERG» que designa el país emisor, así como la fecha de la boda «20.Oktober 2012». El monograma (la letra «H» con una corona) hace referencia al gran duque Henri. En la corona circular de la moneda figuran las doce estrellas de la bandera europea.;01 de julio de 2022;263.500;;;;
Luxemburgo;2023;25º aniversario de la admisión del Gran Duque Enrique como miembro del Comité Olímpico Internacional;;El motivo de la moneda es la efigie del Gran Duque Enrique mirando hacia la derecha y hacia la cifra «25». Junto a su efigie aparecen diversos pictogramas de disciplinas olímpicas. Debajo, tres círculos interseccionados embellecen el diseño. En la parte inferior derecha puede leerse el texto «MEMBER VUM INTERNATIONALEN OLYMPESCHE KOMMITEE». A la izquierda figuran el nombre del país «LËTZEBUERG» y las palabras «GROUSSHERZOG HENRI». En la corona circular de la moneda figuran las doce estrellas de la bandera europea. ;24 de abril de 2023;500.000;;;;
Luxemburgo;2023;175º aniversario de la Cámara de Diputados y primera Constitución de Luxemburgo;;El diseño presenta la efigie del Gran Duque Enrique a la izquierda y el edificio de la Cámara de Diputados a la derecha. Encima del edificio figura el año «1848», y a su derecha el texto «Chambre des députés». En la parte inferior, en el centro, pueden leerse el nombre del país emisor «LUXEMBOURG» y el año de emisión «2023». En la corona circular de la moneda figuran las doce estrellas de la bandera europea.;24 de abril de 2023;500.000;;;;
Luxemburgo;2024;175 Aniversario de la Muerte del Gran Duque Guillermo II;;El diseño representa, en el lado izquierdo, la estatua ecuestre del gran duque Guillaume II y, en el lado derecho, la efigie del gran duque Henri mirando hacia la izquierda. Los textos «GROUSSHERZOGE VU LÉTZEBUERG» y «GUILLAUME II 1792-1849» se presentan en forma semicircular en la parte superior izquierda del dibujo o modelo. El año «2024» y la cifra «175» como indicación del aniversario aparecen debajo de la efigie del gran duque Henri. Dado que aún no se conoce la ceca productora, las marcas de ceca podrán adaptarse dentro del espacio asignado. En la corona circular de la moneda figuran las doce estrellas de la bandera europea.;Enero de 2024;200.000;"Guillermo Federico Jorge Luis, conocido como Guillermo II de los Países Bajos, nació en La Haya, Países Bajos, el 6 de diciembre de 1792, falleciendo, el 17 de marzo de 1849 en Tilburg. A lo largo de su vida ostentó varios títulos importantes, puesto que desde la abdicación de su padre en 1840, ascendió al trono convirtiéndose en rey de los Países Bajos y Gran Duque de Luxemburgo. Además también fue nombrado príncipe de Orange, como heredero presuntivo al trono, entre los años 1815 y 1840.
Guillermo II fue un monarca menos intervencionista en la política nacional, a diferencia de su padre, teniendo una ideología, quizás, algo conservadurista, pero ante la demanda popular acabó actuando de manera mucho más moderada durante su reinado. Pocos meses antes de su muerte, el monarca juró el primer gobierno parlamentario neerlandés.";;;
Luxemburgo;2024;Centenario de la firma por parte de la gran duquesa Charlotte del Decreto granducal relativo a la emisión de la moneda fraccionaria acuñada en níquel, comúnmente denominada «Feierstëppler»;;El diseño representa en el centro la moneda luxemburguesa emitida en 1924, en la que figura un trabajador de la industria siderúrgica, que se integra en la cifra «100» como indicación del aniversario de la primera emisión de una de las monedas luxemburguesas que más tiempo se ha mantenido en circulación. El nombre del país emisor, LÉTZEBUERG, así como el año 2024 figuran en la parte superior del dibujo o modelo. La parte inferior del dibujo o modelo se inscribe la palabra «FEIERSTÉPPLER», la denominación común y popular de esta moneda. El monograma (la letra «H» con una corona) hace referencia al gran duque Henri. Dado que aún no se conoce la ceca productora, las marcas de ceca podrán adaptarse dentro del espacio asignado. En la corona circular de la moneda figuran las doce estrellas de la bandera europea.;Enero de 2024;200.000;"En el anverso de los francos luxemburgueses de entre 1924 y 1991, aparecía, sobre un fondo con altos hornos, un pudelador (Feierstëppler) trabajando.
El Feierstüppeler es la figura de un trabajador de la fundición, motivo que fue representado por el pintor y escultor luxemburgués Auguste Trémont cuando fue contratado por la dirección de Diddelenger Schmelz para pintar escenas del proceso de trabajo, así fue cuando, al visitar la fundición, retrató a Mathias Gaasch, personaje que aparece en las monedas.";;;
Luxemburgo;2025;25º Aniversario de la Ascensión al Trono del Gran Duque Enrique;;En el centro de la moneda se encuentra un retrato detallado del Gran Duque Enrique, que domina el diseño y simboliza su liderazgo y papel en la historia moderna de Luxemburgo. Detrás del retrato, se aprecia un edificio emblemático de Luxemburgo, el Palacio Gran Ducal, que representa la tradición y la continuidad histórica de la monarquía luxemburguesa. En la parte superior de la moneda se lee la inscripción en luxemburgués: «25. TROUNJUBILÄUM VUM GROUSSHERZOG HENRI», que significa «25º Aniversario de la ascensión al trono del Gran Duque Enrique». En la parte inferior de la moneda aparece el nombre del país, «LËTZEBUERG» (Luxemburgo en luxemburgués), junto con el año de emisión, 2025.;febrero de 2025;136.000;El Gran Duque Enrique ascendió al trono de Luxemburgo el 7 de octubre del año 2000, sucediendo a su padre, el Gran Duque Juan. Este 25º aniversario marca un cuarto de siglo de liderazgo y servicio del Gran Duque al país, destacándose por su compromiso con la democracia, la unidad nacional y el desarrollo sostenible.;;;
Luxemburgo;2025;75º Aniversario de la Declaración Schuman;;En el lado izquierdo de la moneda, se destaca un gran «75», que simboliza los años transcurridos desde la Declaración Schuman (1950-2025). En el centro de la moneda, aparece una mano sosteniendo una pluma en forma de una rama de olivo que representa el momento de la firma. Esto representa el espíritu reconciliador de la Declaración Schuman y su impacto en la construcción de una Europa unida. Sobre la mano, se encuentran estrellas y palomas en vuelo, que simbolizan la Unión Europea y la paz alcanzada entre los países europeos tras la Segunda Guerra Mundial. En la parte superior, aparece la inscripción «DECLARATION SCHUMAN 09.05.1950», que conmemora la fecha en que Robert Schuman presentó su plan histórico. A la derecha, se encuentra la inscripción «LUXEMBOURG 2025», indicando el país emisor y el año de emisión de la moneda. En la parte inferior izquierda, aparece una pequeña corona con la letra «H», haciendo referencia al Gran Duque Enrique, lo que refuerza la conexión entre Luxemburgo y el proyecto europeo.;febrero de 2025;136.000;La segunda moneda conmemorativa celebra el 75º aniversario de la Declaración Schuman, un hito fundamental en la historia de Europa. El 9 de mayo de 1950, Robert Schuman, entonces ministro de Asuntos Exteriores de Francia, presentó un plan para la creación de una Comunidad Europea del Carbón y del Acero (CECA), que sentó las bases para la Unión Europea. Esta declaración simboliza la reconciliación y la cooperación entre las naciones europeas tras la Segunda Guerra Mundial.;;;
Luxemburgo;2026;Accesión al trono del Gran Duque Guillaume y su 45º aniversario;;El diseño presenta un retrato de perfil hacia la izquierda del Gran Duque Guillaume, tratado con un estilo realista y sobrio, muy en la línea de las emisiones luxemburguesas contemporáneas. El busto ocupa la zona central y está rodeado por la inscripción circular “GROUSSHERZOG GUILLAUME VU LËTZEBUERG”, que identifica tanto al soberano como al país en lengua luxemburguesa. A la derecha del retrato se dispone en vertical el año “2026”, perfectamente integrado en la composición. En la parte inferior aparecen dos fechas clave que estructuran el significado de la moneda: “11.11.1981”, correspondiente al nacimiento del Gran Duque, y “3.10.2025”, que marca su acceso al trono. Junto a estas fechas se sitúan las marcas de ceca y los signos de grabador, discretamente insertados en el diseño. El conjunto queda enmarcado por el anillo exterior con las doce estrellas de la Unión Europea.;?;131.000;"Conmemora la subida al trono de Guillaume en 2025 y su 45.º aniversario en 2026, marcando el inicio de una nueva etapa en la monarquía luxemburguesa. 
Esta moneda tiene un fuerte peso simbólico al marcar el inicio del reinado de Guillaume. No obstante, desde el punto de vista numismático, el diseño sigue una línea continuista: retrato oficial, composición limpia y protagonismo absoluto del monarca.";;;
Luxemburgo;2026;40º aniversario del Premio Internacional Carlomagno al pueblo luxemburgués;;El anverso presenta una composición mucho más elaborada y simbólica, centrada en la figura entronizada de Carlomagno, representado frontalmente con atributos imperiales que evocan la iconografía medieval. La figura se sitúa en el centro del diseño, dentro de una estructura arquitectónica que recuerda a un trono o baldaquino. Alrededor se distribuyen varias inscripciones que aportan contexto histórico: “PREIS VUN DER STAD OCHEN” hace referencia al Premio de la ciudad de Aquisgrán, mientras que “PRÄIS KARL DE GROSSE” identifica explícitamente el galardón dedicado a Carlomagno. También aparecen las fechas “1986”, año en que el premio fue concedido al pueblo luxemburgués, y “2026”, correspondiente a la emisión. La leyenda “PEUPLE LUXEMBOURGEOIS” destaca el carácter colectivo del reconocimiento. El diseño combina diferentes tipografías y elementos decorativos, creando una escena más narrativa y densa que la de la moneda anterior. Como es habitual, el anillo exterior incluye las doce estrellas de la Unión Europea.;?;131.000;"Recuerda la concesión en 1986 del Premio Carlomagno al pueblo luxemburgués, en reconocimiento a su papel en la construcción europea.
A diferencia de la moneda dedicada a Guillaume, esta pieza destaca por su riqueza iconográfica. Es una moneda más “europea” en su concepción, menos centrada en la figura del jefe de Estado y más en la identidad histórica del continente.";;;
Luxemburgo;2002;Cara Nacional 2€;;Todas las monedas de Luxemburgo muestran el perfil de su alteza real el gran duque Enrique, e incluyen el año de emisión y el nombre «Luxemburgo» escrito en luxemburgués («Lëtzebuerg»).;01 de enero de 2002;Indefinido;Yvette Gastauer-Claire recibió el encargo de diseñar las monedas tras un acuerdo entre la casa ducal reinante y el Gobierno de Luxemburgo.;;;
Luxemburgo;2026;Cara Nacional 2€;;En la segunda serie aparece el retrato del gran duque Guillermo —Guillaume—, que accedió al trono el 3 de octubre de 2025.;01 de julio de 2026;Indefinido;La nueva serie, diseñada por Chiara Principe, comenzó a ponerse en circulación el 13 de julio de 2026.;;;
Malta;2009;Décimo aniversario de la Unión Económica y Monetaria (Diseño común Eurozona);;En la moneda puede verse una figura de diseño primitivo que se funde con el símbolo del €. La idea que se desea transmitir es que la moneda única y, por extensión, la Unión Económica y Monetaria (UEM) constituyen el último eslabón de la larga historia de la integración económica y comercial europea. Esta moneda la emiten todos los países de la zona del euro, figurando en cada caso el nombre del país emisor y la leyenda «UEM 1999-2009» en la lengua o lenguas respectivas. El diseño, elegido entre los cinco preseleccionados por ciudadanos de la Unión Europea mediante votación por Internet, es creación de George Stamatopoulos, escultor del departamento de acuñación del Banco de Grecia. En la corona circular se representan las doce estrellas de la Unión Europea.;Enero de 2009;700.000;Malta (MALTA);;;
Malta;2011;Historia constitucional: Primera elección de representantes en 1849;;En el centro de la moneda, la primera de una serie de cinco que se emitirán en un período de cinco años para conmemorar grandes hitos de la historia constitucional de Malta, aparece una mano que introduce una papeleta en una urna. La imagen hace referencia a la elección en 1849 de los primeros representantes malteses al Consejo de Gobierno que asesoraba al gobernador británico de Malta, país que había sido colonia británica desde el Tratado de París de 1814. En el borde superior derecho del centro de la moneda aparecen las siguientes palabras: «MALTA – First elected representatives 1849». En la corona circular figuran las doce estrellas de la Unión Europea.;28 de octubre de 2011;430.000;;;;
Malta;2012;Diez años de billetes y monedas en euros (Diseño común: Eurozona);;La parte central de la moneda, diseñada por Helmut Andexlinger, de la Fábrica de Moneda de Austria, y escogida por los ciudadanos y residentes de la zona del euro como moneda conmemorativa común de 2012, muestra el mundo en forma de símbolo del euro en el centro, aludiendo a cómo el euro se ha convertido en un verdadero actor mundial a lo largo de la última década. Los elementos que rodean al euro simbolizan su importancia para la gente corriente (representada por una familia de cuatro miembros), para el mundo de las finanzas (la Eurotower), para el comercio (un buque), para la industria (una fábrica) y la energía, para la investigación y el desarrollo (dos turbinas eólicas). Las iniciales del diseñador «A.H.» se aprecian (si se observa con mucha atención) entre el buque y la Eurotower. En los bordes superior e inferior de la parte central de la moneda figuran, respectivamente, el país emisor y los años «2002 – 2012». La moneda la emitirán todos los países de la zona del euro. En la corona circular figuran las doce estrellas de la Unión Europea.;enero de 2012;500.000;Malta (MALTA);;;
Malta;2012;Historia constitucional: Representación mayoritaria, 1887;;El diseño de la parte central de la moneda, creado por el artista maltés Gianni Bonnici, muestra una multitud jubilosa, con el palacio del Gobernador, en la Valetta, en segundo plano. La inscripción «MALTA – Majority representation 1887» figura en el borde superior del interior de la moneda, y el año de emisión «2012», en el borde inferior. En la corona circular figuran las doce estrellas de la Unión Europea.;15 de octubre de 2012;400.000;;;;
Malta;2013;Historia constitucional: Constitución del autogobierno de 1921;;"El motivo es un mapa de las islas maltesas y una representación de la población. En la parte inferior del motivo, aparece el año «2013»; en la parte superior, en semicírculo, las palabras «MALTA - Self- government 1921». En la corona circular de la moneda figuran las doce estrellas de la Unión Europea.";25 de octubre de 2013;500.000;;;;
Malta;2014;Segundo centenario de la Fuerza Policial de Malta;;La moneda conmemora el segundo centenario de la Policía de Malta, que se creó mediante la proclamación XXII de 1814. Así pues, la Policía de Malta es una de las más antiguas de Europa. La cara nacional de la moneda muestra la insignia de la Policía de Malta con la leyenda «200 Years Malta Police Force» y las fechas «1814-2014». En la corona circular figuran las doce estrellas de la Unión Europea.;16 dejulio de 2014;300.000;;;;
Malta;2014;Historia constitucional: Independencia de Malta en 1964;;La moneda que conmemora la Constitución de la Independencia de Malta de 1964 es la cuarta de una serie de cinco monedas conmemorativas de los hitos constitucionales de la historia maltesa. Mediante la Constitución de 1964, Malta se convirtió en una nación independiente por primera vez tras siglos de dominación extranjera. La cara nacional de la moneda muestra una parte del monumento de bronce conmemorativo de la independencia, diseñado por el artista Gianni Bonnici en 1989. Aparece una joven, que representa a Malta, ondeando una bandera maltesa. A la derecha, en semicírculo, figura la inscripción «MALTA — Independence 1964» y debajo, el año de emisión «2014». En la corona circular figuran las doce estrellas de la Unión Europea.;29 de octubre de 2014;400.000;;;;
Malta;2015;Trigésimo aniversario de la bandera de la UE (Diseño común Eurozona);;El motivo representa la bandera de la UE como símbolo que une pueblos y culturas con visiones e ideales comunes de un futuro mejor. Doce estrellas que se transforman en figuras humanas representan el nacimiento de una nueva Europa. En la parte superior derecha, en semicírculo, figura la mención del país emisor «MALTA» y los años «1985-2015». En la parte inferior derecha aparecen las iniciales del artista (Georgios Stamatopoulos). En la corona circular de la moneda figuran las doce estrellas de la Unión Europea.;18 de diciembre de 2015;300.000;Malta (MALTA);;;
Malta;2015;Centenario del primer vuelo desde Malta;;La moneda conmemora un importante hito de la historia de la aviación maltesa: el centenario del primer vuelo desde Malta, que tuvo lugar el 13 de febrero de 1915, cuando el capitán Kilmer despegó del Gran Puerto en un hidroavión transportado por el HMS Ark Royal. El avión amerizó en el puerto tras volar 55 minutos. La moneda muestra el hidroavión del capitán Kilmer con el cabo Senglea, un elemento destacado del Gran Puerto, al fondo. En la parte superior figura la inscripción «FIRST FLIGHT FROM MALTA» en semicírculo. A la derecha aparecen los años «1915-2015». En la parte inferior izquierda, aparece la inscripción «100TH ANNIVERSARY» y, abajo, las iniciales del diseñador «NGB» (Noel Galea Bason). En la corona circular de la moneda figuran las doce estrellas de la Unión Europea.;22 de mayo de 2015;300.000;;;;
Malta;2015;Historia Consitucional: República de Malta 1974;;La moneda conmemora el último de una serie de cinco hitos constitucionales en la historia de Malta. La República fue proclamada el 13 de diciembre de 1974 mediante un acuerdo que obtuvo el voto mayoritario del Parlamento. El diseño reproduce una placa de mármol fijada en la fachada del palacio presidencial de La Valeta para celebrar el paso de la monarquía a la república. En el lado superior derecho, en semicírculo, aparece la inscripción «MALTA — Republic 1974». En la parte inferior, el año «2015». En la corona circular de la moneda figuran las doce estrellas de la Unión Europea.;02 de octubre de 2015;400.000;;;;
Malta;2016;Patrimonio Mundial de la Unesco: Templos de ?gantija;;En la moneda se representan los templos de ?gantija, situados en la isla de Gozo. ?gantija es un complejo de templos megalíticos construidos en el período neolítico. Es una de las estructuras autoportantes más antiguas del mundo y figura entre las construcciones religiosas más antiguas. Al haber sido construido en el siglo XXXVI antes de Cristo, el complejo de ?gantija es anterior a Stonehenge y a las pirámides egipcias. En la parte superior figura la inscripción «?GANTIJA TEMPLES» y, debajo, los años «3600-3200 BC». En la parte inferior, a la izquierda, aparece el nombre del país emisor «MALTA» y, debajo, el año de emisión «2016», flanqueado por la marca del maestro de ceca y la marca de ceca. En la corona circular de la moneda figuran las doce estrellas de la bandera europea.;22 de septiembre de 2016;350.000;;;;
Malta;2016;Los Niños y la Solidaridad: El amor;;Esta moneda conmemora el papel de la «Malta Community Chest Fund» en la sociedad mediante un programa para estudiantes de enseñanza secundaria titulado «From Children in Solidarity». El programa identifica el papel social de los niños en cinco ámbitos distintos y el primer tema es «Solidaridad a través del amor». El motivo de la moneda fue creado por Sarah Cilia, estudiante de secundaria, que ha expresado el tema citado mediante dos manos que forman un corazón en el que aparece una representación de la bandera maltesa. En la parte inferior del motivo, figura la inscripción «MALTA 2016». En cada muñeca aparecen dos representaciones estilizadas de cuerpos humanos. En la corona circular de la moneda figuran las doce estrellas de la Unión Europea.;05 de diciembre de 2016;380.000;;;;
Malta;2017;Patrimonio Mundial de la Unesco: Templos prehistóricos malteses de Hagar Qim;;La moneda presenta los templos prehistóricos de Hagar Qim. En la parte superior derecha figuran las inscripciones «HAGAR QIM», «TEMPLES» y los años «3600-3200 BC», una debajo de la otra. En la parte inferior izquierda, el nombre del país emisor, «MALTA», y debajo el año de acuñación, «2017». En la parte inferior derecha, las iniciales «NGB», que corresponden al artista Noel Galea Bason. En la corona circular de la moneda figuran las doce estrellas de la Unión Europea.;27 de junio de 2017;405.000;;;;
Malta;2017;Los Niños y la Solidaridad: Paz;;El tema de la moneda se centra en el concepto de solidaridad y de paz. El motivo es obra de un estudiante y representa a dos niños enarbolando la bandera maltesa con la paloma de la paz sobrevolándolos. En la parte inferior figura el nombre del país emisor, «Malta», y en la parte derecha, el año de emisión, «2017». En la corona circular de la moneda figuran las doce estrellas de la Unión Europea.;13 de noviembre de 2017;380.000;;;;
Malta;2018;Patrimonio Mundial de la Unesco: Templos de Mnajdra;;El motivo muestra los templos prehistóricos malteses de Mnajdra, Patrimonio Mundial de la Unesco. Mnajdra es un yacimiento prehistórico que consta de tres templos dispuestos en torno a un patio ovalado. Está situado en la costa meridional de Malta, a unos 500 metros de Hagar Qim. Mnajdra es conocido por sus alineaciones astronómicas y, al parecer, el templo sur fue construido para señalar la salida del sol durante los equinoccios y los solsticios. Las partes más antiguas de este complejo datan del 3 600 al 3 200 a. C. En la parte superior derecha figuran las inscripciones «MNAJDRA», «TEMPLES» (en inglés) y las fechas «3 600-2 500 a. C.», unas debajo de las otras. En la parte inferior izquierda se encuentra el nombre del Estado emisor «MALTA» y debajo, el año de emisión «2018». En la corona circular de la moneda figuran las doce estrellas de la Unión Europea.;20 de julio de 2018;320.000;;;;
Malta;2018;Los Niños y la Solidaridad: Patrimonio Cultural;;El diseño fue creado por un escolar y muestra una variedad de temas característicos del patrimonio maltés, concretamente: una alusión a los templos prehistóricos, que son las estructuras independientes más antiguas del mundo, la cúpula y el campanario de una iglesia, que son un rasgo característico del perfil de las ciudades y los pueblos malteses, y una representación de un bote tradicional maltés que lleva una bandera del país. El nombre del Estado emisor «Malta» se encuentra en la parte superior del círculo central y el año «2018» en su parte inferior. En la corona circular de la moneda figuran las doce estrellas de la bandera europea.;07 de noviembre de 2018;320.000;;;;
Malta;2019;Patrimonio de la Humanidad por la Unesco: Templos prehistóricos de Ta’ Ha?rat;;El diseño representa Ta’ Ha?rat, un templo prehistórico situado en M?arr, un pequeño pueblo del noroeste de Malta. El templo está compuesto por dos estructuras, y la más grande data de entre los años 3600 y 3200 a. C. La puerta monumental del templo se considera su característica más distintiva. En la parte superior del diseño aparece la inscripción «TA’HA?RAT TEMPLES 3600-3000 BC». En la parte inferior puede leerse el nombre del Estado emisor, «MALTA», y el año de emisión, «2019». En la corona circular de la moneda figuran las doce estrellas de la bandera europea.;22 de julio de 2019;320.000;;;;
Malta;2019;Los Niños y la Solidaridad: Naturaleza y medioambiente;;El diseño, elaborado por un estudiante de Malta, muestra un árbol frutal y una representación estilizada del Sol. En la parte inferior izquierda aparece el nombre del Estado emisor, «MALTA», y, debajo, el año de emisión «2019». En la corona circular de la moneda figuran las doce estrellas de la bandera europea.;21 de Octubre de 2019;320.000;;;;
Malta;2020;Patrimonio Mundial de la Unesco: Templos prehistóricos de Skorba;;Representa el templo prehistórico de Skorba, ubicado cerca de la aldea de Zebbiegh, en el noroeste de Malta. El complejo consta de dos templos adyacentes construidos sobre unas ruinas mucho más antiguas descubiertas fuera del recinto de los templos. Skorba carece de la monumentalidad de otros templos de las islas maltesas. Sin embargo, el lugar es de suma importancia al haber permitido a los arqueólogos fijar la secuencia cultural prehistórica de Malta y confirma que esta fue habitada por primera vez en torno al año 5 000 AEC. En la parte superior del diseño aparece la inscripción «SKORBA TEMPLES 3600-2500 BC». En la parte inferior se puede leer el nombre del Estado emisor, «MALTA», y el año de emisión, «2020». En la corona circular de la moneda figuran las doce estrellas de la bandera europea.;27 de julio de 2020;170.000;;;;
Malta;2020;Los Niños y la Solidaridad: Juegos infantiles;;El motivo representa un conjunto de juegos populares tradicionales de los niños malteses, como las canicas, la peonza y la cometa clásica. También se muestra una versión maltesa de la rayuela, conocida como passju. Las tres abejas que sobrevuelan en círculo aluden a una cancioncilla popular que cantan los niños malteses mientras juegan. Figuran en el motivo el nombre del Estado emisor, «Malta», y el año de emisión, «2020». En la corona circular de la moneda figuran las doce estrellas de la bandera europea.;14 de diciembre de 2020;220.000;;;;
Malta;2021;Héroes de la pandemia;;El motivo, creado por Maria Anna Frisone, representa a dos trabajadoras sanitarias abrazándose frente a lo desconocido. Su objetivo es ensalzar los servicios de estas personas independientes que han estado en la primera línea de la lucha contra la pandemia de COVID-19. En la parte superior, en un semicírculo, aparece la inscripción «HEROES OF THE PANDEMIC». En la parte inferior, en un semicírculo, aparece la inscripción «MALTA – 2021». En la corona circular de la moneda figuran las doce estrellas de la bandera europea.;02 de agosto de 2021;72.500;;;;
Malta;2021;Patrimonio Mundial de la Unesco: Templos prehistóricos malteses de Tarxien;;El motivo muestra un detalle de la estructura prehistórica. En la parte superior figura la inscripción «TARXIEN TEMPLES 3600-2500 BC». En la parte inferior figura el nombre del país emisor, «MALTA», y debajo el año de emisión, «2021». En la corona circular de la moneda figuran las doce estrellas de la bandera europea.;26 de octubre de 2021;181.000;;;;
Malta;2022;35 años del programa Erasmus (Diseño común Eurozona);;El diseño es una combinación de dos elementos fundamentales del programa Erasmus: la inspiración intelectual original, el propio Erasmus, y la alegoría de su influencia en Europa. El primero se simboliza por una de las representaciones más conocidas de Erasmus. El segundo se simboliza por un haz de enlaces que cruzan la moneda de una baliza a otra, en representación de los numerosos intercambios intelectuales y humanos entre los estudiantes europeos. Como referencia a Europa, algunos de estos enlaces forman otras estrellas, derivadas de la sinergia entre los países. El número 35, por el 35.º aniversario, surge de las estrellas en un estilo gráfico moderno. En la corona circular de la moneda figuran las doce estrellas de la bandera europea.;17 de noviembre de 2022;82.500;;;;
Malta;2022;Patrimonio Mundial de la Unesco: Hipogeo de ?al Saflieni;;El motivo representa un detalle del yacimiento prehistórico. En la parte superior izquierda figura el nombre del país emisor, «MALTA», y debajo el año de emisión, «2022». En la parte inferior figura la leyenda «?AL – SAFLIENI HYPOGEUM» y debajo la leyenda «4000 - 2500 BC». En la parte inferior derecha figuran las iniciales del creador del motivo Noel Galea Bason «NGB». En la corona circular de la moneda figuran las doce estrellas de la bandera europea.;17 de noviembre de 2022;192.000;;;;
Malta;2022;Vigesimosegundo aniversario de la Resolución 1325 del Consejo de Seguridad de las Naciones Unidas sobre mujeres, paz y seguridad;;El motivo muestra tres rostros femeninos de perfil. Desde la parte superior izquierda hasta la parte inferior izquierda figuran las leyendas «WOMEN», «PEACE», «SECURITY», el año de emisión «2022» y el nombre del país emisor «MALTA». En el centro, debajo de los rostros, figuran las leyendas «UNSCR» y «1325». En la corona circular de la moneda figuran las doce estrellas de la bandera europea.;17 de noviembre de 2022;65.500;;;;
Malta;2023;550° Aniversario del nacimiento de Nicolás Copérnico;;El motivo está configurado por un retrato de Copérnico de perfil, junto con una representación heliocéntrica estilizada del universo, tal como lo propuso Copérnico. En la parte superior izquierda figura la inscripción «NICOLAUS COPERNICUS 1473 – 1543» y en la parte inferior izquierda el nombre del país emisor «MALTA» seguido del año de emisión «2023». En la parte inferior figura también la firma de la artista Daniela Fusco «FUSCO». En la corona circular de la moneda figuran las doce estrellas de la bandera europea.;18 de septiembre de 2023;90.500;"Nicolás Copérnico nació en Toru? el 19 de febrero de 1473 en el seno de una familia adinerada. Fue un destacado astrónomo, creador de la teoría heliocéntrica, médico, economista y fiel súbdito de los reyes polacos.
La obra más importante de Copérnico fue «De Revolutionibus Orbium Coelestium» (Sobre los Giros de los Cuerpos Celestes). Se cree que comenzó a escribirla en 1514 y la finalizó hacia 1530. Su publicación se retrasó durante bastante tiempo, hasta que en 1543 se publicó gracias a los esfuerzos de los alemanes.
Poco después, el 24 de mayo de 1543, Copérnico murió. Sin embargo, tras su muerte, fue cuando Copérnico se hizo famoso en toda Europa. Sin embargo, pasó mucho tiempo antes de que la teoría heliocéntrica copernicana fuera ampliamente aceptada. En 1588, Tycho Brahe propuso un sistema alternativo en el que los demás planetas orbitaban alrededor del Sol y éste, a su vez, alrededor de la Tierra. Sin embargo, a mediados del siglo XVII, la teoría copernicana gozaba de aceptación general.";;;
Malta;2023;225 Aniversario de la llegada de los franceses a Malta en 1798;;En junio de 1798, Napoleón Bonaparte puso fin al gobierno de la Orden de San Juan en Malta. Durante su breve estancia en Malta, Napoleón estableció un gobierno republicano y llevó a cabo una profunda reforma de las leyes e instituciones del país. Entre otras cosas, se abolieron la esclavitud y los privilegios nobiliarios. Se estableció un estado laico y se clausuró el tribunal de la inquisición. En aquella época, estas reformas de gran calado no fueron universalmente aceptadas por los malteses, que no tardaron mucho en rebelarse. El motivo representa una personificación de la República Francesa, tal como se utilizaba en los membretes oficiales en la época. En el lado izquierdo, figura la inscripción «225th ANNIVERSARY» seguida en la parte superior derecha, formando un semicírculo, por la inscripción «ARRIVAL OF THE FRENCH IN MALTA». En la parte inferior, figura el año de emisión «2023». A la izquierda y la derecha de la imagen, aparecen, respectivamente, las inscripciones «Liberté» (Libertad) y «Égalité» (Igualdad). En la parte superior izquierda de la inscripción «Égalité» figuran los años «1798-2023». En la corona circular de la moneda figuran las doce estrellas de la bandera europea.;18 de septiembre de 2023;80.500;"La dominación francesa de las islas maltesas fue breve y turbulenta. Su llegada en 1798 prometía otra cosa, ya que Napoleón y sus tropas fueron inicialmente bien recibidos por los malteses. Sin embargo, esto se debió más a una creciente aversión hacia los gobernantes en ejercicio, la Orden de San Juan, que a un verdadero afecto por los ideales revolucionarios de Francia.
La invasión de Malta por Napoleón Bonaparte formaba parte de un plan estratégico para conquistar Egipto y luego la India y las colonias del Imperio Británico en Extremo Oriente. Deseoso de controlar las enormes fortificaciones y puertos de Malta, Napoleón consiguió poner de su lado a varios caballeros y malteses.
Transmitían información y estaban dispuestos a ayudar a promover un movimiento popular contra la Orden de San Juan y su estilo aristocrático de gobierno. La falta de material, los capitanes traidores y la confusión general, llevaron a la capitulación de la Orden en pocos días. Las Islas Maltesas se convirtieron en otra joya de la corona de Napoleón.
Las radicales reformas introducidas por los nuevos gobernantes resultaron excesivas a los ojos de los lugareños, que seguían dominados en gran medida por dos instituciones, la aristocracia y la Iglesia, y leales a ambas. Tanto los nobles como la población en general empezaron a ver las leyes napoleónicas como un ataque a su amada Iglesia y una amenaza a su modo de vida tradicional.
A los tres meses de la toma del poder por los franceses, los malteses se rebelaron y obligaron a los ocupantes a retirarse tras las fortificaciones de La Valeta y las Tres Ciudades. Permanecieron allí hasta septiembre de 1800, cuando capitularon ante las fuerzas británicas que habían sido llamadas para ayudar a los malteses a conseguir su libertad. La flota británica entró en Grand Harbour, marcando el comienzo de siglo y medio de dominio británico.";;;
Malta;2024;La abeja melífera maltesa;;El diseño muestra una representación de la abeja con una flor y un panal que llena el fondo. La moneda sensibiliza a los ciudadanos sobre una de las especies endémicas de Malta y representa gráficamente el trabajo de la abeja, que poliniza flores y elabora miel. En la parte izquierda figura el nombre del país emisor, «MALTA», mientras que en la parte derecha se encuentra el año de emisión, «2024». En la corona circular de la moneda figuran las doce estrellas de la bandera europea.;Junio de 2024;85.500;"El diseño fue creado por Maria Anna Frisone y representa la abeja melífera maltesa (Apis Mellifera Ruttneri), una de las especies endémicas de flora y fauna que se encuentran en las islas maltesas.
La abeja de la miel (Apis mellifera) es autóctona de Malta, ya que no se encuentra únicamente en Malta. Mientras tanto, la subespecie de la abeja de la miel maltesa (Apis mellifera ruttneri) se encuentra exclusivamente en Malta, por lo que es endémica del archipiélago maltés.";;;
Malta;2024;Ciudades Amuralladas de Malta: Ciudadela de Goz (I?-?ittadella);;El diseño representa la ciudad con sus murallas fortificadas. En la parte inferior izquierda figura el nombre del país emisor, «MALTA», y en la parte inferior derecha se encuentra el año de emisión, «2024». En la parte superior se halla la leyenda «?ITTADELLA» y debajo, «GOZO». Esta moneda forma parte de una serie dedicada a las ciudades maltesas amuralladas, como Medina y La Valeta, que son una parte intrínseca del patrimonio cultural maltés y europeo. En la corona circular de la moneda figuran las doce estrellas de la bandera europea.;Junio de 2024;85.500;"El diseño ha sido creado por Noel Galea Bason y representa la ciudad amurallada conocida localmente como «I?-?ittadella» (La Ciudadela) en la isla de Gozo, que es la segunda más grande del archipiélago maltés. En su forma actual, las fortificaciones que rodean la «?ittadella» fueron construidas y modificadas por la Orden de San Juan.
Goz era un privilegiado municipio romano, independiente de Malta, y la Ciudadela era el centro de su vida administrativa, así como militar y religiosa; un importante templo a la diosa Juno se alzaba donde ahora está la Catedral. El lado norte de la Ciudadela data de la época de los aragoneses, mientras que el flanco sur, con vistas a Ir-Rabat (Victoria), fue reconstruido por los Caballeros de San Juan entre 1599 y 1603. Esta reconstrucción se produjo hacia el final del periodo más oscuro de Gozo, cuando durante dos siglos los turcos merodeadores y los corsarios berberiscos hostigaron y saquearon las islas maltesas. Por esta razón, hasta 1637, toda la población de Gozo estaba obligada por ley a pasar la noche dentro de la Ciudadela por su propia seguridad.
El punto culminante de las incursiones turcas en Gozo llegó en 1551. Una fuerza naval otomana, tras un infructuoso ataque a Malta, dirigió su atención a la menos protegida Gozo. Tras un breve asedio, las ruinosas murallas medievales de la Ciudadela fueron arrasadas y los defensores suplicaron una capitulación honorable. Trágicamente para la población (que por entonces rondaba los 5.000 habitantes), las condiciones de rendición distaron mucho de ser honorables. Con la excepción de 40 ancianos y discapacitados, toda la población de Gozo fue encadenada y esclavizada. Hicieron falta casi 50 años para repoblar la isla y reconstruir la Ciudadela en su configuración actual.";;;
Malta;2025;Ciudades Amuralladas de Malta: Ciudad de Mdina;;En el centro de la moneda aparece una representación detallada de la ciudad de Mdina, destacando sus murallas, edificios históricos y las cúpulas de sus iglesias, elementos que simbolizan su rica historia y arquitectura. En la parte superior izquierda se encuentra la inscripción «MDINA». En la parte inferior central se lee «MALTA», junto con el año de emisión, «2025».;junio de 2025;152.000;"Mdina, conocida como «La Ciudad del Silencio», es una histórica ciudad amurallada situada en el centro de Malta. Fue la antigua capital de la isla y tiene orígenes que se remontan a más de 4,000 años, con influencias fenicias, romanas, árabes y normandas.
Mdina destaca por su arquitectura medieval y barroca, calles estrechas y tranquilas, y vistas panorámicas desde sus murallas. Entre sus principales atracciones se encuentran la Catedral de San Pablo, el Palacio Vilhena y sus puertas majestuosas, que han sido escenario de producciones cinematográficas.";;;
Malta;2025;Buey Maltés;;En el centro de la moneda aparece la figura de un buey maltés, representado de perfil, con un estilo detallado que resalta sus características físicas robustas. Encima de la figura está inscrito el texto «IL-?ENDUS MALTI», que significa «El Buey Maltés» en maltés. Debajo del buey aparece la palabra «MALTA» y el año de emisión, «2025». En la parte inferior derecha figuran las iniciales de la diseñadora, «MAF» (Maria Anna Frisone). En la corona circular de la moneda figuran las doce estrellas de la bandera europea.;junio de 2025;145.000;"El Buey Maltés, también conocido como Il-Baqra Maltija en maltés, es una raza bovina autóctona de Malta, valorada por su importancia histórica, cultural y agrícola en el archipiélago. Este animal, de tamaño mediano y coloración generalmente marrón clara, ha sido criado durante siglos en la isla, adaptándose perfectamente a las condiciones locales.
Antiguamente, el Buey Maltés era utilizado principalmente para el trabajo agrícola y como fuente de carne y leche, desempeñando un papel crucial en la economía rural de Malta. Sin embargo, con el tiempo y la modernización de la agricultura, su población ha disminuido drásticamente, lo que lo convierte en una especie en peligro de extinción.
En los últimos años, el Buey Maltés ha ganado atención como símbolo de la herencia natural de Malta. Es un emblema de sostenibilidad y biodiversidad, y su conservación se ha convertido en una prioridad para preservar el patrimonio cultural y biológico del país.";;;
Malta;2026;Ciudades Amuralladas de Malta: La Valeta;;El diseño muestra una vista panorámica de La Valeta, destacando su perfil fortificado, sus murallas y su estructura urbana histórica. La composición resalta la monumentalidad de las defensas y la complejidad del conjunto arquitectónico.;?;138.000;"Fundada en el siglo XVI tras el Gran Asedio de Malta, La Valeta fue planificada desde su origen como una ciudad-fortaleza moderna, diseñada para resistir ataques y proyectar poder militar y político.
Entre sus rasgos más destacados figuran: Sus imponentes murallas y bastiones defensivos, una traza urbana racional y avanzada para su época, monumentos emblemáticos como la Catedral de San Juan, el Palacio del Gran Maestre y numerosos fuertes, y su declaración como Patrimonio Mundial de la UNESCO, debido a la extraordinaria concentración de bienes históricos en un área reducida. 
La Valeta representa no solo una obra maestra de la ingeniería militar, sino también un símbolo del poder político, cultural y comercial de Malta a lo largo de los siglos.";;;
Malta;2008;Cara Nacional 2€;;En las monedas de 1€ y 2€ figura el emblema utilizado por la Soberana Orden de Malta. En el período comprendido entre 1530 y 1798, durante el que Malta permaneció bajo el dominio de la Orden, la cruz de ocho puntas se asoció a la isla y, en la actualidad, se denomina habitualmente Cruz de Malta.;01 de enero de 2008;Indefinido;;;;
Mónaco;2007;Vigésimo quinto aniversario del fallecimiento de la princesa Gracia;;La moneda reproduce la efigie de la princesa Gracia. A la derecha aparece la leyenda «MONACO», la marca de la Fábrica de la Moneda, el año «2007», y la marca del grabador. El nombre del artista «R.B.BARON» está grabado debajo de la cabellera de la Princesa. En la corona circular figuran las doce estrellas de la Unión Europea.;Julio de 2007;20.000;;;;
Mónaco;2011;Boda del príncipe Alberto y Charlene;;La parte interior de la moneda presenta, en el centro, las efigies del príncipe Alberto y de Charlene. Debajo, el nombre del país emisor, «MONACO», y el año de emisión, «2011». La inscripción «MONACO 2011» es precedida por la marca de ceca y seguida por la marca del grabador. En la corona circular figuran las doce estrellas de la Unión Europea.;04 de julio de 2011;148.000;;;;
Mónaco;2012;Quinto centenario de la soberanía de Mónaco, obtenida por Lucien I Grimaldi;;La parte central de la moneda muestra un retrato de Lucien I Grimaldi de perfil, mirando a la izquierda. En el borde, la inscripción «1512 SOUVERAINETE DE MONACO 2012» forma un arco alrededor del retrato, con un diamante ornamental a cada lado, y con el cuerno de la abundancia (marca de ceca de la Monnaie de Paris) y la «fleurette» (distintivo del taller de grabado) a izquierda y derecha respectivamente, en la parte inferior. El nombre del fundador, «Lucien 1er», figura sobre la marca de ceca. En la corona circular figuran las doce estrellas de la Unión Europea.;01 de julio de 2012;100.000;;;;
Mónaco;2013;20º aniversario de la adhesión de Mónaco a las Naciones Unidas;;La moneda muestra una paloma con una rama de olivo: en medio del arco, en la parte izquierda, hay una cornucopia y, en la parte derecha, un punzón, como marca de la fábrica de la moneda de París. En la parte superior, en semicírculo, aparece el nombre del país emisor «MONACO» y, en la parte inferior, también en semicírculo, la inscripción «1993 ADMISSION À L'ONU 2013». En la corona circular de la moneda figuran las doce estrellas de la Unión Europea.;05 de septiembre de 2013;1.200.000;;;;
Mónaco;2015;800° aniversario de la construcción del primer castillo en la roca;;El motivo muestra una torre en lo alto de una roca. En la parte superior, aparece el nombre del país emisor «MONACO» y, a su lado, la marca de la ceca de París y la marca del maestro grabador. En la parte inferior, se lee la inscripción «FONDATION DE LA FORTERESSE» (Fundación de la fortaleza), acompañada de los años «1215» y «2015». En la corona circular de la moneda figuran las doce estrellas de la Unión Europea.;14 de noviembre de 2015;10.000;;;;
Mónaco;2016;150º aniversario de la fundación de Monte Carlo por Carlos III;;El motivo muestra a CARLOS III con MONTE CARLO al fondo. En la parte superior figura el nombre del país emisor «MONACO», flanqueado por la marca de ceca y la marca del maestro de ceca. En la parte inferior, en semicírculo de izquierda a derecha, aparece la leyenda «1866 CHARLES III FONDE MONTE CARLO 2016». En la corona circular figuran las doce estrellas de la bandera europea.;01 de junio de 2016;15.000;;;;
Mónaco;2017; 200 años de la Compañía «Carabineros» del Príncipe (Carabiniers du Prince);;El motivo muestra a un CARABINERO con el Palacio de Mónaco al fondo. En la parte superior figura la inscripción «MONACO», flanqueada por la marca de ceca y la marca del maestro de ceca. En la parte inferior figuran los años «1817-2017» y, debajo, la inscripción «CARABINIERS DU PRINCE». En la corona circular de la moneda figuran las doce estrellas de la Unión Europea.;13 de noviembre de 2017;15.000;;;;
Mónaco;2018;François Joseph Bosio;;El diseño muestra al Sr. BOSIO y una estatua como imagen de fondo. La inscripción «MONACO» se muestra en semicírculo en la parte alta de la imagen. En la parte baja, también en semicírculo, figuran dos inscripciones: «FRANÇOIS-JOSEPH BOSIO» y debajo «1768 – SCULPTEUR-2018». En los lados izquierdo y derecho de esas dos inscripciones aparecen la marca de ceca y la marca del maestro de ceca. En la corona circular de la moneda figuran las doce estrellas de la bandera europea.;25 de junio de 2018;16.000;;;;
Mónaco;2019;200º aniversario de la llegada al trono del príncipe Honorato V;;El motivo muestra la efigie del príncipe Honorato V. En la parte izquierda, figura la inscripción «HONORÉ V», y, en la derecha, el nombre del Estado emisor, «MONACO». En la parte inferior, en semicírculo, se muestra la inscripción «1819 – Avènement – 2019». En la corona circular de la moneda figuran las doce estrellas de la bandera europea.;12 de septiembre de 2019;15.000;;;;
Mónaco;2020;300º aniversario del nacimiento del Príncipe Honoré III;;El motivo muestra la efigie del príncipe Honoré III. A la izquierda figura la inscripción «HONORÉ III» y, a la derecha, el nombre del país emisor «MONACO». En la parte inferior, en semicírculo, se muestra la inscripción «1720 -Naissance-2020». En la corona circular de la moneda figuran las doce estrellas de la bandera europea.;20 de octubre de 2020;15.000;;;;
Mónaco;2021;Décimo aniversario de la boda del Príncipe Alberto II y la Princesa Charlène;;El motivo muestra las efigies de perfil del Príncipe Alberto II y de la Princesa Charlène. En la parte superior aparece el nombre del país emisor «MONACO». En la parte inferior, en un semicírculo, figura la inscripción «2011 MARIAGE PRINCIER 2021». En la corona circular de la moneda figuran las doce estrellas de la bandera europea.;06 de octubre de 2021;15.000;;;;
Mónaco;2022;Centenario del fallecimiento del príncipe Alberto I;;El motivo muestra el retrato del príncipe Alberto I. A la izquierda, figura el nombre del país emisor «MÓNACO» y, a la derecha, el año de emisión «2022». En la parte inferior, figura la inscripción «ALBERT Ier» seguida de los años «1848-1922». En la corona circular de la moneda figuran las doce estrellas de la bandera europea.;07 de septiembre de 2022;15.000;;;;
Mónaco;2023;Centenario del Nacimiento del Príncipe Rainiero III;;El motivo muestra el retrato del Príncipe Rainiero III. En la parte superior, en semicircunferencia, figura el nombre del país emisor, «MONACO», y, a continuación, el año de emisión, «2023». En la parte inferior figura la inscripción «RAINIER III» y, a continuación, la fecha «31 MAI 1923». En la corona circular de la moneda figuran las doce estrellas de la bandera europea.;01 de junio de 2023;25.000;"Rainiero III de Mónaco, nacido en Montecarlo el 31 de mayo de 1923 como Raniero Luis Enrique Majencio Beltrán Grimaldi, sería el segundo hijo de la princesa Carlota de Mónaco y el príncipe Pedro (Conde de Polignac). Y fallecería un 6 de abril de 2005.
Tras su ascenso al trono de Mónaco, se encargó de convertir el Principado en un centro turístico y empresarial, logrando su integración en la ONU, OSCE y COE.
Fue príncipe soberano de Mónaco desde 1949 hasta su muerte en 2005.
En plena Segunda Guerra Mundial, Rainiero se alistó en el Ejército de la Francia Libre, viviendo la acción durante la contraofensiva en Alsacia. Fue condecorado con la Cruz de Guerra con la estrella de bronce y se le otorgó el rango de Chevalier.
En 1956 se casa con la actriz estadounidense Grace Kelly, pero debido a un trágico accidente de tráfico, la princesa fallece el 14 de septiembre de 1982.
Rainiero III murió a los 81 años y fue sucedido por su hijo el príncipe Alberto II de Mónaco.";;;
Mónaco;2024;500 Aniversario de la firma del Tratado con Carlos V, para la creación del Principado de Mónaco;;El diseño muestra la efigie de Carlos V. En la parte superior, en semicírculo, figura el nombre del país emisor «MONACO» (Mónaco). En la parte inferior se halla la leyenda «1524 – TRAITE AVEC CHARLES QUINT» (1524 – Tratado con Carlos V) y «2024». En la corona circular de la moneda figuran las doce estrellas de la bandera europea.;Junio de 2024;15.000;"La moneda lleva la imagen de Carlos V, el soberano del Sacro Imperio Romano Germánico que aseguró la independencia del principado poniéndolo bajo su protección en 1524.
Los Grimaldi, aunque convertidos por fuerza de las circunstancias en incansables guerreros, no olvidan sus dotes de hábiles negociantes y políticos. Por esa razón, AGUSTÍN I de Mónaco (1523-1532), decide, hábilmente, zafarse de sus enemigos más encarnizados a través de la protección de los poderosos reyes españoles que dominan Europa. Consecuencia de esta estratagema serán los tratados de Burgos y Tordesillas que otorgarán, en 1524, la autonomía a este pequeño estado con el consiguiente disgusto de italianos y franceses. Nace así un diminuto país que tiene un protector de excepción: el Emperador Carlos V que reconoce la soberanía de los Grimaldi sobre Mónaco.";;;
Mónaco;2025;Antiguos Feudos de la Casa Grimaldi: Condado de Carladès;;La moneda conmemora el título de conde de Carladès, atribuido, por tradición histórica, al segundo de la línea sucesoria y que actualmente pertenece a la princesa Gabriella. El dibujo muestra la fachada de la casa señorial que perteneció a la familia Grimaldi hasta la Revolución. En la parte superior consta el nombre del país emisor, «MONACO». En la parte inferior, en sentido semicircular, consta la inscripción «COMTÉ DE CARLADÈS». En la corona circular de la moneda figuran las doce estrellas de la bandera europea.;16 de Junio de 2025;15.000;El Condado de Carladès, situado en la región francesa de Auvernia, fue concedido a los Grimaldi en el siglo XVII por el rey Luis XIII. Aunque ya no forma parte del principado, el título de Conde de Carladès sigue vigente en la familia principesca, y actualmente lo ostenta la princesa Gabriella, hija del príncipe Alberto II.;;;
Mónaco;2025;Antiguos Feudos de la Casa Grimaldi: Marquesado de Les?Baux;;El diseño representa la roca y la zona circundante de la localidad de Les Baux en Provenza. En la parte superior consta el nombre del país emisor, «MONACO». En la parte inferior, en sentido semicircular, consta la inscripción «MARQUISAT DES BAUX». En la corona circular de la moneda figuran las doce estrellas de la bandera europea.;04 de Noviembre de 2025;15.000;La moneda conmemora el feudo del marquesado de los Baux. Este título fue ostentado por primera vez en 1642 por Hércules Grimaldi, hijo de Honorato II. En la actualidad, por tradición histórica, pertenece a SAR el príncipe heredero Jaime.;;;
Mónaco;2026;Antiguos Feudos de la Casa Grimaldi: Ducado de Valentinois;;;;;"El motivo principal está protagonizado por el campanario de la colegiata de Santa Cruz de Montélimar, principal ciudad del antiguo ducado y lugar donde Honoré II fue recibido solemnemente en 1646.
La composición presenta una perspectiva ascendente del edificio, otorgando un gran protagonismo a la arquitectura y a las líneas verticales del campanario. A la derecha aparece la inscripción “MONACO”, mientras que en la parte inferior puede leerse claramente “DUCHÉ DE VALENTINOIS”.
Uno de los detalles más interesantes del diseño es la inclusión del orbe crucígero procedente del escudo de armas de Montélimar, visible en la zona derecha del núcleo de la moneda. También aparecen el escudo fuselado de los Grimaldi, el año 2026 y las marcas de ceca.";;;
Mónaco;2002;Cara Nacional 2€;;"La primera serie reproduce en su moneda de 2€ la efigie de S. A. S. el príncipe Rainiero III. 
Grabado del canto (virola) de la moneda de 2€: «2**», repetido seis veces y orientado alternativamente de abajo arriba y de arriba abajo.";01 de enero de 2002;Indefinido;;;;
Mónaco;2006;Cara Nacional 2€;;"La segunda serie reproduce en sus monedas de 1€ y 2€ la efigie de S. A. S. el príncipe Alberto II. 
Grabado del canto (virola) de la moneda de 2€: «2**», repetido seis veces y orientado alternativamente de abajo arriba y de arriba abajo.";01 de enero de 2006;Indefinido;;;;
Mónaco;2025;Cara Nacional 2€;;La tercera serie, introducida en 2025, muestra en sus monedas de 1€ y 2€ un retrato frontal del príncipe Alberto II.;01 de enero de 2025;Indefinido;;;;
Países Bajos;2007;Quincuagésimo aniversario del Tratado de Roma (Diseño común Eurozona);;En el centro de la moneda se representa el documento del Tratado firmado por los seis países fundadores, sobre un fondo que imita el pavimento diseñado por Miguel Ángel para la Piazza del Campidoglio de Roma, en la que tuvo lugar la firma el 25 de marzo de 1957. El nombre del país emisor y las leyendas «TRATADO DE ROMA 50 AÑOS» y «EUROPA» aparecen en latín o en el idioma o idiomas de dicho país de la zona del euro. Así pues, la inscripción varía según el país, aunque la imagen es la misma. El Tratado de Roma estableció la Comunidad Económica Europea, iniciando así un proceso que condujo a la introducción del euro en 1999 y de los billetes y monedas en euros en el 2002. Para celebrar el aniversario del Tratado, el 25 de marzo de 2007, los países miembros de la zona del euro han decidido emitir de forma conjunta esta moneda, cuyo diseño resultó elegido en un concurso organizado por las fábricas de moneda europeas. En el anillo exterior de la moneda están representadas las doce estrellas de la Unión Europea.;Marzo de 2007;6.000.000;Paises Bajos (KONINKRIJK DER NEDERLANDEN);;;
Países Bajos;2009;Décimo aniversario de la Unión Económica y Monetaria (Diseño común Eurozona);;En la moneda puede verse una figura de diseño primitivo que se funde con el símbolo del €. La idea que se desea transmitir es que la moneda única y, por extensión, la Unión Económica y Monetaria (UEM) constituyen el último eslabón de la larga historia de la integración económica y comercial europea. Esta moneda la emiten todos los países de la zona del euro, figurando en cada caso el nombre del país emisor y la leyenda «UEM 1999-2009» en la lengua o lenguas respectivas. El diseño, elegido entre los cinco preseleccionados por ciudadanos de la Unión Europea mediante votación por Internet, es creación de George Stamatopoulos, escultor del departamento de acuñación del Banco de Grecia. En la corona circular se representan las doce estrellas de la Unión Europea.;Enero de 2009;5.000.000;Paises Bajos (NEDERLAND);;;
Países Bajos;2011;Quinto centenario de la publicación del Elogio de la locura (Laus Stultitiae), célebre obra del filósofo, humanista y teólogo holandés Erasmo de Róterdam;;En la parte interior de la moneda se representa a Erasmo escribiendo su libro, a la derecha, y la efigie de la reina Beatriz, a la izquierda. Estas dos imágenes se encuentran separadas por la inscripción vertical «Beatrix Koningin der Nederlanden». El año «2011», la marca del maestro grabador y la marca de la Fábrica de la Moneda aparecen dispuestas horizontalmente cerca del centro de la moneda. En la corona circular figuran las doce estrellas de la Unión Europea.;24 de enero de 2011;4.000.000;;;;
Países Bajos;2012;Diez años de billetes y monedas en euros (Diseño común: Eurozona);;La parte central de la moneda, diseñada por Helmut Andexlinger, de la Fábrica de Moneda de Austria, y escogida por los ciudadanos y residentes de la zona del euro como moneda conmemorativa común de 2012, muestra el mundo en forma de símbolo del euro en el centro, aludiendo a cómo el euro se ha convertido en un verdadero actor mundial a lo largo de la última década. Los elementos que rodean al euro simbolizan su importancia para la gente corriente (representada por una familia de cuatro miembros), para el mundo de las finanzas (la Eurotower), para el comercio (un buque), para la industria (una fábrica) y la energía, para la investigación y el desarrollo (dos turbinas eólicas). Las iniciales del diseñador «A.H.» se aprecian (si se observa con mucha atención) entre el buque y la Eurotower. En los bordes superior e inferior de la parte central de la moneda figuran, respectivamente, el país emisor y los años «2002 – 2012». La moneda la emitirán todos los países de la zona del euro. En la corona circular figuran las doce estrellas de la Unión Europea.;enero de 2012;3.500.000;Paises Bajos (NEDERLAND);;;
Países Bajos;2013;Anuncio de la abdicación de Su Majestad la reina Beatriz;;En el motivo figura en primer plano la efigie de la reina Beatriz y, al fondo, cubierta en parte por la efigie de la Reina, la efigie del príncipe de Orange. Rodeando ambas efigies aparece la leyenda siguiente: WILLEM-ALEXANDER PRINS VAN ORANJE (símbolo de una corona) BEATRIX KONINGIN DER NEDERLANDEN (marca de ceca) 28 januari 2013 (marca del maestro grabador). En la corona circular de la moneda figuran las doce estrellas de la Unión Europea.;06 de febrero de 2013;20.000.000;;;;
Países Bajos;2013;200 años del Reino de los Países Bajos;;En la parte interior del motivo aparece una cinta ininterrumpida que dibuja, empezando por fuera, la efigie del rey Guillermo-Alejandro, seguida de las de sus seis predecesores: la reina Beatriz, la reina Juliana, la reina Guillermina, el rey Guillermo III, el rey Guillermo II y el rey Guillermo I. Rodea a las efigies la inscripción «Willem-Alexander Koning der Nederlanden» seguida por la marca de la ceca real de los Países Bajos, la marca del maestro grabador, el año «2013», las iniciales del diseñador y, a la izquierda, la inscripción «200 jaar Koninkrijk der Nederlanden». En la corona circular de la moneda figuran las doce estrellas de la Unión Europea.;25 de noviembre de 2013;3.500.000;;;;
Países Bajos;2014;Despedida oficial a la antigua reina Beatriz;;El centro de la moneda muestra las efigies del rey Guillermo-Alejandro y de la antigua reina Beatriz. A la izquierda, en semicírculo, se observa la inscripción «WILLEM-ALEXANDER KONING DER NEDERLANDEN» y, a la derecha, en semicírculo, la inscripción «BEATRIX PRINSES DER NEDERLANDEN». Entre ambas inscripciones aparecen, en la parte superior, el símbolo de la corona y, en la parte inferior, la marca del maestro grabador, la marca de ceca y, entre ambas, el año de emisión «2014». En la corona circular figuran las doce estrellas de la Unión Europea.;22 de mayo de 2014;1.000.000;;;;
Países Bajos;2015;Trigésimo aniversario de la bandera de la UE (Diseño común Eurozona);;El motivo representa la bandera de la UE como símbolo que une pueblos y culturas con visiones e ideales comunes de un futuro mejor. Doce estrellas que se transforman en figuras humanas representan el nacimiento de una nueva Europa. En la parte superior derecha, en semicírculo, figura la mención del país emisor «NEDERLAND» y los años «1985-2015». En la parte inferior derecha aparecen las iniciales del artista (Georgios Stamatopoulos). En la corona circular de la moneda figuran las doce estrellas de la Unión Europea.;19 de octubre de 2015;1.000.000;Paises Bajos (NEDERLAND);;;
Países Bajos;2022;35 años del programa Erasmus (Diseño común Eurozona);;El diseño es una combinación de dos elementos fundamentales del programa Erasmus: la inspiración intelectual original, el propio Erasmus, y la alegoría de su influencia en Europa. El primero se simboliza por una de las representaciones más conocidas de Erasmus. El segundo se simboliza por un haz de enlaces que cruzan la moneda de una baliza a otra, en representación de los numerosos intercambios intelectuales y humanos entre los estudiantes europeos. Como referencia a Europa, algunos de estos enlaces forman otras estrellas, derivadas de la sinergia entre los países. El número 35, por el 35.º aniversario, surge de las estrellas en un estilo gráfico moderno. En la corona circular de la moneda figuran las doce estrellas de la bandera europea.;1 de Julio de 2022;570.000;;;;
Países Bajos;2002;Cara Nacional 2€;;"Primera serie: muestran a la reina Beatriz con la leyenda «Beatrix Koningin der Nederlanden» (reina de los Países Bajos). 
Grabado del canto (virola) de la moneda de 2€: GOD * ZIJ * MET * ONS * (Dios sea con nosotros).";01 de enero de 2002;Indefinido;Las caras nacionales de la primera serie de monedas de los Países Bajos muestran dos imágenes diferentes de la reina Beatriz, diseñadas por Bruno Ninaber van Eyben;;;
Países Bajos;2014;Cara Nacional 2€;;Segunda serie: muestran al rey Guillermo Alejandro con la leyenda «Willem-Alexander Koning der Nederlanden» (rey de los Países Bajos). Las marcas de la Fábrica de la Moneda figuran a ambos lados del año de emisión. Grabado del canto (virola) de la moneda de 2€: GOD * ZIJ * MET * ONS * (Dios sea con nosotros).;01 de enero de 2014;Indefinido;La segunda serie, introducida en 2014, muestra la imagen del rey Guillermo Alejandro y la inscripción «Willem-Alexander Koning der Nederlanden» (rey de los Países Bajos).;;;
Portugal;2007;Quincuagésimo aniversario del Tratado de Roma (Diseño común Eurozona);;En el centro de la moneda se representa el documento del Tratado firmado por los seis países fundadores, sobre un fondo que imita el pavimento diseñado por Miguel Ángel para la Piazza del Campidoglio de Roma, en la que tuvo lugar la firma el 25 de marzo de 1957. El nombre del país emisor y las leyendas «TRATADO DE ROMA 50 AÑOS» y «EUROPA» aparecen en latín o en el idioma o idiomas de dicho país de la zona del euro. Así pues, la inscripción varía según el país, aunque la imagen es la misma. El Tratado de Roma estableció la Comunidad Económica Europea, iniciando así un proceso que condujo a la introducción del euro en 1999 y de los billetes y monedas en euros en el 2002. Para celebrar el aniversario del Tratado, el 25 de marzo de 2007, los países miembros de la zona del euro han decidido emitir de forma conjunta esta moneda, cuyo diseño resultó elegido en un concurso organizado por las fábricas de moneda europeas. En el anillo exterior de la moneda están representadas las doce estrellas de la Unión Europea.;Marzo de 2007;1.520.000;Portugal (PORTUGAL);;;
Portugal;2007;Presidencia portuguesa de la Unión Europea;;En el centro de la moneda figura una encina (Quercus suber). Bajo las ramas, a la izquierda del tronco, aparece el escudo de armas portugués y, a la derecha, la inscripción «POR TU GAL» en tres líneas. La firma de la artista «I. Vilar», el año de emisión «2007», la marca de la Fábrica de la Moneda «INCM» y la leyenda «PRESIDÊNCIA DO CONSELHO DA UE» forman una semicircunferencia en la parte inferior del centro de la moneda. En la corona circular se representan las doce estrellas de la Unión Europea.;Julio de 2007;2.000.000;;;;
Portugal;2008;Sexagésimo aniversario de la Declaración Universal de Derechos Humanos;;La moneda reproduce el escudo de armas portugués en la parte superior. El nombre del país emisor, «PORTUGAL», y el año de emisión, «2008», figuran debajo. En la mitad inferior aparece un motivo geométrico y la leyenda «60 ANOS DA DECLARAÇÃO UNIVERSAL DOS DIREITOS HUMANOS», seguida de la inscripción «Esc. J. Duarte INCM» en caracteres muy pequeños. En la corona circular se representan las doce estrellas de la Unión Europea.;Septiembre de 2008;1.000.000;;;;
Portugal;2009;Décimo aniversario de la Unión Económica y Monetaria (Diseño común Eurozona);;En la moneda puede verse una figura de diseño primitivo que se funde con el símbolo del €. La idea que se desea transmitir es que la moneda única y, por extensión, la Unión Económica y Monetaria (UEM) constituyen el último eslabón de la larga historia de la integración económica y comercial europea. Esta moneda la emiten todos los países de la zona del euro, figurando en cada caso el nombre del país emisor y la leyenda «UEM 1999-2009» en la lengua o lenguas respectivas. El diseño, elegido entre los cinco preseleccionados por ciudadanos de la Unión Europea mediante votación por Internet, es creación de George Stamatopoulos, escultor del departamento de acuñación del Banco de Grecia. En la corona circular se representan las doce estrellas de la Unión Europea.;Enero de 2009;1.200.000;Portugal (PORTUGAL);;;
Portugal;2009;Segundos Juegos de la Lusofonía;;Emitida para conmemorar los juegos de los países de habla portuguesa, la moneda representa un gimnasta con una cinta. El escudo de Portugal aparece arriba sobre el nombre del país emisor, «PORTUGAL». La inscripción «2.os JOGOS DA LUSOFONIA LISBOA» figura abajo, entre las iniciales «INCM», a la izquierda, y el nombre del artista «J. AURÉLIO», a la derecha. El año de emisión, «2009», aparece sobre el gimnasta. En la corona circular figuran las doce estrellas de la Unión Europea sobre un fondo de líneas concéntricas.;09 de junio de 2009;1.250.000;;;;
Portugal;2010;Centenario de la República Portuguesa;;La moneda conmemora el centenario del final de la monarquía constitucional del rey Manuel II y de la instauración de la República Portuguesa tras la revolución del 5 de octubre de 1910. En la corona circular figuran las doce estrellas de la Unión Europea.;06 de septiembre de 2010;2.000.000;;;;
Portugal;2011;Quinto centenario del nacimiento de Fernão Mendes Pinto;;La moneda conmemora el quinto centenario del nacimiento de Fernão Mendes Pinto, explorador portugués cuyo libro sobre los descubrimientos y aventuras por los mares y países de Asia se publicó póstumamente con el título de Peregrinação (Peregrinación). En el centro aparece un navío flotando en un mar formado por una serie de leyendas onduladas que hacen referencia a Portugal, Lisboa, su libro y algunos destinos de sus viajes. Debajo, en el centro, figura el nombre del país, «Portugal». El nombre del explorador, flanqueado por los años «1511» y «2011», forma un semicírculo a lo largo del borde interior de la moneda. En la corona circular figuran las doce estrellas de la Unión Europea.;08 de septiembre de 2011;520.000;;;;
Portugal;2012;Diez años de billetes y monedas en euros (Diseño común: Eurozona);;La parte central de la moneda, diseñada por Helmut Andexlinger, de la Fábrica de Moneda de Austria, y escogida por los ciudadanos y residentes de la zona del euro como moneda conmemorativa común de 2012, muestra el mundo en forma de símbolo del euro en el centro, aludiendo a cómo el euro se ha convertido en un verdadero actor mundial a lo largo de la última década. Los elementos que rodean al euro simbolizan su importancia para la gente corriente (representada por una familia de cuatro miembros), para el mundo de las finanzas (la Eurotower), para el comercio (un buque), para la industria (una fábrica) y la energía, para la investigación y el desarrollo (dos turbinas eólicas). Las iniciales del diseñador «A.H.» se aprecian (si se observa con mucha atención) entre el buque y la Eurotower. En los bordes superior e inferior de la parte central de la moneda figuran, respectivamente, el país emisor y los años «2002 – 2012». La moneda la emitirán todos los países de la zona del euro. En la corona circular figuran las doce estrellas de la Unión Europea.;enero de 2012;520.000;Portugal (PORTUGAL);;;
Portugal;2012;Capital Europea de la Cultura 2012: Ciudad de Guimarães, norte de Portugal;;La parte central de la moneda muestra una imagen estilizada de Afonso Henriques, primer rey de Portugal, junto a su espada y el castillo de Guimarães, que se considera el lugar donde Portugal se erigió como nación independiente en el siglo XII. A la izquierda de la imagen aparece el escudo portugués encima de la palabra «PORTUGAL». En la parte inferior derecha aparece la leyenda «GUIMARÃES 2012» con el logotipo de Guimarães Capital Europea de la Cultura 2012. En el borde inferior de la parte central figuran la marca de ceca «INCM» y el nombre del diseñador «JOSÉ DE GUIMARÃES». En la corona circular figuran las doce estrellas de la Unión Europea.;21 de junio de 2012;520.000;;;;
Portugal;2013;250° aniversario de la construcción de «Torre dos Clérigos»;;"La torre aparece tal y como se ve desde la calle, al acercarse a ella, junto a una vista panorámica de Oporto desde la orilla meridional del río Duero. En la parte superior, en semicírculo, aparece la inscripción «250 ANOS TORRE DOS CLÉRIGOS — 2013»; en la parte inferior derecha, el escudo portugués y, debajo, el nombre del país emisor «PORTUGAL»; a la izquierda, la marca de ceca y el nombre del artista «INCM — HUGO MACIEL». En la corona circular de la moneda figuran las doce estrellas de la Unión Europea.";20 de junio de 2013;525.000;;;;
Portugal;2014;40º aniversario de la revolución del 25 de abril;;Las dos curvas representan la forma genérica de un clavel, flor que simboliza el movimiento y que dio nombre a la revolución. El nombre del país emisor, «PORTUGAL», y el escudo nacional aparecen encima de la flor. El centro de la imagen muestra la fecha del acontecimiento, «25 DE ABRIL», y en la parte inferior se indica el número de años transcurridos desde la revolución, «40 ANOS», y el año de emisión «2014». El formato de las letras y números se inspira en los utilizados en los carteles y demás materiales de información política hace 40 años, como símbolo del período de euforia que se vivió inmediatamente después del acontecimiento. En la corona circular figuran las doce estrellas de la Unión Europea.;23 de abril de 2014;500.000;;;;
Portugal;2014;Año Internacional de la Agricultura Familiar;;El centro de la moneda muestra diversos utensilios típicos de la agricultura tradicional, junto con algunos productos agrarios: en el centro un pollo y, alrededor, calabazas, una cesta con patatas y otras hortalizas y flores. A la izquierda, en semicírculo, se indica el tema de la conmemoración, «AGRICULTURA FAMILIAR», y a la derecha, también en semicírculo, el nombre del país emisor «PORTUGAL», seguido del año de emisión «2014». En la parte inferior izquierda aparece la marca de ceca «INCM». En la corona circular figuran las doce estrellas de la Unión Europea.;31 de octubre de 2014;500.000;;;;
Portugal;2015;Trigésimo aniversario de la bandera de la UE (Diseño común Eurozona);;El motivo representa la bandera de la UE como símbolo que une pueblos y culturas con visiones e ideales comunes de un futuro mejor. Doce estrellas que se transforman en figuras humanas representan el nacimiento de una nueva Europa. En la parte superior derecha, en semicírculo, figura la mención del país emisor «PORTUGAL» y los años «1985-2015». En la parte inferior derecha aparecen las iniciales del artista (Georgios Stamatopoulos). En la corona circular de la moneda figuran las doce estrellas de la Unión Europea.;30 de noviembre de 2015;520.000;Portugal (PORTUGAL);;;
Portugal;2015;150º aniversario de la Cruz Roja portuguesa;;"La imagen muestra una composición visual basada en la famosa cruz, símbolo de la organización, reproducida varias veces para representar la expansión de la acción humanitaria en Portugal y en el extranjero. Al fondo, el contorno de una mano simboliza los diferentes tipos de ayuda que presta la organización, la mayoría de carácter médico, pero también de cooperación, construcción y apoyo, entre otros. En la parte izquierda, en semicírculo, figura la leyenda «CRUZ VERMELHA PORTUGUESA»; en la parte superior, el escudo y el nombre del país emisor «PORTUGAL» y en la parte inferior, los años «1865» y «2015». En la corona circular de la moneda figuran las doce estrellas de la Unión Europea.";15 de abril de 2015;520.000;;;;
Portugal;2015;500 años de los primeros contactos con Timor, en la actualidad un país independiente de lengua portuguesa (Timor Oriental);;"La imagen muestra una carabela del siglo XVI, en representación de la llegada de los navegantes portugueses a la isla, y el tejado de paja de una casa del lugar, con las típicas esculturas de madera, recuerdos indelebles de mitos y leyendas. Esta imagen narra la historia de los primeros habitantes, que llegaron en barco desde otros lugares del continente asiático, y refleja asimismo la importancia del caballo para viajar por las abruptas montañas que cubren la mayor parte de la isla. En la parte superior derecha, aparece el año «1515» y el nombre del país emisor «Portugal»; en la parte inferior izquierda, la inscripción «TIMOR» y el año «2015»; y en la parte inferior, la firma del artista Fernando Fonseca. En la corona circular de la moneda figuran las doce estrellas de la Unión Europea.";15 de julio de 2015;520.000;;;;
Portugal;2016;Equipo portugués participante en los juegos olímpicos de Río 2016;;El motivo muestra una imagen basada en la famosa obra de arte firmada por la artista Joanna Vasconcelos, el «corazón de Viana», inspirada por la joyería tradicional del norte de Portugal (la zona en torno a la ciudad de Viana do Castelo). Simboliza el apoyo del pueblo portugués al equipo nacional con ocasión de las olimpíadas. A izquierda y derecha, formando una semicircunferencia, figuran las leyendas «JOANA VASCONCELOS» y «EQUIPA OLÍMPICA DE PORTUGAL 2016», respectivamente. En la parte inferior se encuentra la marca de ceca «INCM». En la corona circular de la moneda figuran las doce estrellas de la Unión Europea.;03 de mayo de 2016;650.000;;;;
Portugal;2016;50º aniversario del primer puente entre las dos riberas del río Tajo;;El motivo representa la imagen del puente. En la parte superior derecha figura la leyenda «PORTUGAL». En la parte inferior derecha se encuentran las leyendas «PONTE», «25 DE ABRIL», «1966» y «2016», una debajo de otra. En la parte inferior izquierda aparece la marca de ceca «INCM» y, en el centro de la parte inferior, el nombre del diseñador «JOSÉ AURÉLIO». En la corona circular figuran las doce estrellas de la bandera europea.;19 de julio de 2016;500.000;;;;
Portugal;2017;150 años de seguridad pública;;"El motivo muestra figuras humanas y edificios, representaciones simbólicas de ciudadanos y ciudades, donde la seguridad ciudadana está en general garantizada, y el distintivo simplificado de las fuerzas policiales. Las leyendas incluyen el año «1867» y el año de acuñación, «2017»; el país emisor, «PORTUGAL»; el motivo de la conmemoración, «SEGURANÇA PÚBLICA» (Seguridad Pública); los tres temas principales relacionados con la ciudadanía, «DIREITOS», «LIBERDADES» y «GARANTIAS» (Derechos, Libertades y Garantías), y el nombre del autor, JOSÉ DE GUIMARÃES. En la corona circular de la moneda figuran las doce estrellas de la Unión Europea.";14 de julio de 2017;520.000;;;;
Portugal;2017;150 años del nacimiento del escritor Raul Brandão;;El motivo muestra el rostro de Raul Brandão. En el lado izquierdo figura la inscripción RAUL BRANDÃO y, debajo, los años «1867» y «2017». En la parte inferior derecha aparece la inscripción del país de emisión «PORTUGAL», y en la parte superior derecha figura el nombre del autor «LUIS FILIPE DE ABREU» seguido de la marca de ceca «INCM». En la corona circular de la moneda figuran las doce estrellas de la Unión Europea.;21 de noviembre de 2017;520.000;;;;
Portugal;2018;250 años de la Imprenta Nacional («Imprensa Nacional»);;El motivo muestra la leyenda «1768-2018 IMPRENSA NACIONAL DUZENTOS E CINQUENTA 250 ANOS PORTUGAL MMXVIII» como si las letras y los números fueran los libros de una biblioteca. En la parte inferior del anillo interior figura el nombre del artista, «Eduardo Aires», a la izquierda, y la marca de ceca «INCM», a la derecha. La Imprenta Nacional publica el Diario Oficial portugués, que recoge toda la actividad legislativa del país, y libros de la máxima importancia cultural, además de dedicarse a otras actividades culturales. En la corona circular de la moneda figuran las doce estrellas de la bandera europea.;22 de mayo de 2018;520.000;;;;
Portugal;2018;250 años del Jardín Botánico de Ajuda («Jardim Botânico da Ajuda»);;El motivo muestra un drago (Dracaena) muy viejo que se encuentra en el Jardín Botánico de Ajuda y que es un símbolo de este jardín. El Jardín Botánico de Ajuda es una unidad de apoyo tecnológico de la Universidad de Agronomía. Funciona como infraestructura educativa y de investigación, pero también está abierto al público. Fue el primer jardín botánico de Portugal, concebido para preservar, estudiar y recoger el mayor número posible de especies vegetales. En la parte superior del motivo, de izquierda a derecha, en semicírculo, figura la leyenda «250 ANOS JARDIM BOTÂNICO DA AJUDA». En la parte inferior, de izquierda a derecha, en semicírculo, figura la leyenda «PORTUGAL 2018». Justo debajo de la imagen del árbol, a la izquierda, figuran las iniciales del artista «J. FAZENDA» y, a la derecha, la marca de ceca «INCM». En la corona circular de la moneda figuran las doce estrellas de la bandera europea.;25 de julio de 2018;520.000;;;;
Portugal;2019;Se cumplen 500 años de la primera circunnavegación, organizada y capitaneada por el explorador y navegante portugués Fernando de Magallanes;;La expedición española a las Indias Orientales, que empezó en 1519 y terminó en 1522, fue la primera circunnavegación de la Tierra. El diseño representa la efigie de Fernando de Magallanes. En el lado derecho, en forma semicircular, aparece la inscripción «CIRCUM NAVEGAÇÃO» (circunnavegación) y, debajo de esta, puede leerse «1519 FERNÃO DE MAGALHÃES». En el lado izquierdo, en forma semicircular, se indica el año de emisión, «2019», y el nombre del Estado emisor, «PORTUGAL». En la corona circular de la moneda figuran las doce estrellas de la bandera europea.;08 de mayo de 2019;750.000;;;;
Portugal;2019;VI Centenario del descubrimiento del archipiélago de Madeira por los navegantes portugueses Bartolomeu Perestrelo y Tristão Vaz;;El evento, famoso por ser el primer descubrimiento territorial portugués, marcó un hito histórico en la consolidación de Portugal como potencia marítima y dio lugar a la época de los descubrimientos portugueses (1418-1522). El diseño representa el archipiélago de Madeira y la isla de Porto Santo. Pueden leerse, en semicírculo, las inscripciones «600 anos do Descobrimento da Madeira e do Porto Santo» y «PORTUGAL 2019». En la corona circular de la moneda figuran las doce estrellas de la bandera europea.;06 de junio de 2019;750.000;;;;
Portugal;2020;75º aniversario de las Naciones Unidas;;En el diseño figura el logotipo de las Naciones Unidas. En la parte superior aparece el año de emisión «2020», el nombre del país emisor «PORTUGAL» y la inscripción «UN 75 YEARS». Bajo las palabras «UN» y «YEARS», su traducción al portugués: «ONU» y «ANOS». En el lado izquierdo figura la marca de ceca «CASA DA MOEDA» y, en el derecho, el nombre del grabador «ANDRÉ LETRIA». En la corona circular de la moneda figuran las doce estrellas de la bandera europea.;07 de octubre de 2020;510.000;;;;
Portugal;2020;730º aniversario de la fundación de la Universidad de Coímbra;;El motivo muestra la torre de la Universidad de Coímbra y una composición visual de triángulos que representan los tejados del edificio de la institución, de los cuales el más alto es el de la biblioteca de Joanina, entreverados con la leyenda «UNIVERSIDADE DE COIMBRA 730 ANOS PORTUGAL 2020». En la corona circular de la moneda figuran las doce estrellas de la bandera europea.;01 de septiembre de 2020;360.000;;;;
Portugal;2021;Presidencia portuguesa del Consejo de la Unión Europea;;El motivo representa un mapa dibujado por líneas que unen la capital de Portugal con las demás capitales europeas bajo la leyenda «PRESIDÊNCIA DO CONSELHO DA UNIÃO EUROPEIA PORTUGAL 2021». En la corona circular de la moneda figuran las doce estrellas de la bandera europea.;04 de enero de 2021;510.000;;;;
Portugal;2021;Participación de Portugal en los Juegos Olímpicos de Tokio 2020;;En el centro de la moneda figura una representación estilizada del símbolo del Comité Olímpico de Portugal, rodeada por la leyenda «Portugal nos Jogos Olímpicos de Tóquio’20» y el año de emisión «2021».;18 de mayo de 2021;500.000;;;;
Portugal;2022;35 años del programa Erasmus (Diseño común Eurozona);;El diseño es una combinación de dos elementos fundamentales del programa Erasmus: la inspiración intelectual original, el propio Erasmus, y la alegoría de su influencia en Europa. El primero se simboliza por una de las representaciones más conocidas de Erasmus. El segundo se simboliza por un haz de enlaces que cruzan la moneda de una baliza a otra, en representación de los numerosos intercambios intelectuales y humanos entre los estudiantes europeos. Como referencia a Europa, algunos de estos enlaces forman otras estrellas, derivadas de la sinergia entre los países. El número 35, por el 35.º aniversario, surge de las estrellas en un estilo gráfico moderno. En la corona circular de la moneda figuran las doce estrellas de la bandera europea.;1 de Julio de 2022;512.000;;;;
Portugal;2022;Centenario de la travesía aérea del Atlántico sur, completada en 1922 por Gago Coutinho y Sacadura Cabral;;Esta travesía se completó utilizando únicamente medios de navegación internos: un sextante modificado y un corrector de rumbo. El motivo muestra la representación de uno de los tres biplanos Fairey III utilizados para realizar el vuelo entre Lisboa y Río de Janeiro. En el borde interior figura la leyenda «TRAVESSIA DO ATLÂNTICO SUL» (TRAVESÍA DEL ATLÁNTICO SUR). Debajo del avión, la leyenda «PORTUGAL 1922-2022» y la marca de ceca de la «CASA DA MOEDA», el nombre portugués de la Fábrica de Moneda. En la corona circular de la moneda figuran las doce estrellas de la bandera europea.;30 de marzo de 2022;1.000.000;;;;
Portugal;2023;Paz entre las Naciones;;"El motivo muestra la palabra «PAZ» dispuesta como los radios de una circunferencia en las dieciséis lenguas oficiales habladas en los veinte países de la zona del euro en enero de 2023. En la parte superior de la moneda, figura la inscripción «PORTUGAL», seguida del año de emisión, «2023», a la derecha; en la parte superior izquierda figura el nombre del diseñador «José S. Teixeira» y, a la izquierda, la marca de ceca «CASA DA MOEDA», nombre de la Fábrica de la Moneda de Portugal. En la corona circular de la moneda figuran las doce estrellas de la bandera europea.";15 de noviembre de 2023;515.000;La moneda está dedicada a la paz entre las naciones y a la coexistencia amistosa y mutuamente beneficiosa. La búsqueda de la paz debe guiarse por un esfuerzo colectivo encaminado a alcanzar un objetivo común. En el actual contexto geopolítico, muy polarizado, esta moneda recuerda que es esencial proteger el tesoro inestimable que es la paz.;;;
Portugal;2023;Jornada Mundial de la Juventud: Lisboa 2023;;El motivo representa la Cruz de los Peregrinos, un conjunto de figuras humanas de diferentes tamaños y texturas que se muestran como en un globo. En la parte inferior, dos manos envuelven el conjunto en un gesto acogedor que simboliza la inclusión y la universalidad que implica este encuentro. En la parte superior, en semicircunferencia, figuran las inscripciones «JORNADA MUNDIAL DA JUVENTUDE» (Jornada Mundial de la Juventud) y «LISBOA 2023». En la parte inferior, figuran el escudo de Portugal, la inscripción «PORTUGAL», la marca de ceca «CASA DA MOEDA» (nombre de la Fábrica de la Moneda de Portugal) y el nombre del diseñador, «JOÃO DUARTE». En la corona circular de la moneda figuran las doce estrellas de la bandera europea.;19 de julio de 2023;1.015.000;La Jornada Mundial de la Juventud se celebró en Lisboa en agosto de 2023. La Jornada Mundial de la Juventud es un encuentro mundial de jóvenes que quieren participar en una reunión festiva con el Papa y con cientos de miles de jóvenes que comparten los mismos principios universales de paz, unión y fraternidad en todo el mundo.;;;
Portugal;2024;Equipo portugués participante en los 33º juegos olímpicos de París 2024;;"El diseño muestra un conjunto de elementos dispuestos en forma de corazón, que representan un abrazo colectivo; en torno al corazón hay 15 círculos en referencia simbólica a los anillos olímpicos y a los continentes que representan, mientras que sobre el vértice de la forma del corazón figura el escudo de Portugal; en el centro del «abrazo» se halla el logotipo del Comité Olímpico portugués, lo que transmite la idea de que los corazones de los portugueses latirán colectivamente por el equipo olímpico nacional en los Juegos Olímpicos de París de 2024. Debajo de la forma de corazón pueden verse la leyenda «Equipa Olímpica Portugal» (Equipo Olímpico Portugal) y el año «2024»; a la izquierda, la marca de ceca «Casa da Moeda»; y, a la derecha, el nombre de la diseñadora. En la corona circular de la moneda figuran las doce estrellas de la bandera europea.";Julio de 2024;520.000;"En la cara nacional de la moneda aparece un conjunto de elementos dispuestos en forma de corazón, representando un abrazo colectivo; alrededor del corazón hay 15 círculos en referencia simbólica a los anillos olímpicos y a los continentes que representan, la punta de la forma del corazón está coronada por el escudo de armas de Portugal; el centro del «abrazo» sostiene el logo del Comité Olímpico Portugués, transmitiendo la idea de que los corazones de los portugueses latirán colectivamente por el equipo olímpico portugués en los Juegos Olímpicos de París 2024. Debajo figura la denominación «Equipa Olímpica Portugal», y el año «2024»; a la izquierda la marca de ceca de la «Casa da Moeda» y a la derecha el nombre de la diseñadora. 
La tirada será de 520.000 unidades. 500.000 se distribuirán en rollos de 25 monedas a su valor facial. Se pondrán a la venta 10.000 unidades en calidad BU y otras 10.000 en calidad Proof con unas notas de color.";;;
Portugal;2024;50 Años del 25 de abril de 1974;;"En el centro del diseño, un clavel, que simboliza la revolución, aparece rodeado de múltiples círculos excéntricos que sugieren que las acciones y convicciones de las personas pueden cambiar a lo largo de los años, pero que siguen siendo esencialmente fieles a los principios de la revolución. En el borde, a la derecha, se hallan el verso «Esta é a madrugada que eu esperava» (Esta es la madrugada que yo esperaba) y el nombre de su autora, la poetisa «Sophia de Mello Breyner Andresen»; y a la izquierda del escudo nacional, pueden verse las leyendas «Portugal» y «25 de abril de 1974_2024», seguidas del nombre del diseñador y de la marca de ceca «Casa da Moeda», nombre de la ceca portuguesa. En la corona circular de la moneda figuran las doce estrellas de la bandera europea.";Abril de 2024;515.000;"El 25 de abril de 2024 se celebra el 50 aniversario de un acontecimiento que se conoció como la «Revolución de los Claveles», dando origen a la actual democracia portuguesa y al consiguiente reconocimiento de los derechos y las libertades fundamentales en el país.
En el centro de la cara nacional de la moneda, un clavel simboliza la revolución, rodeado por múltiples círculos excéntricos que sugieren que las acciones y creencias de las personas pueden cambiar a lo largo de los años, pero permanecen esencialmente fieles a los principios de la revolución. En el margen, a la derecha el verso «Esta é a madrugada que eu esperava», y el nombre de su autora, la poeta «Sophia de Mello Breyner Andresen»; y a la izquierda el nombre del diseñador y la marca de ceca de la «Casa da Moeda», nombre de la Casa de la Moneda de Portugal. 
La tirada será de 515.000 unidades. 500.000 se distribuirán en rollos de 25 monedas a su valor facial. Se pondrán a la venta 7.500 unidades en calidad BU y otras 7.500 en calidad Proof.";;;
Portugal;2025;Desarrllo Sostenible;;"En el centro del reverso nacional de la moneda, una representación del planeta Tierra está rodeada por la leyenda «Desenvolvimento Sustentável [Desarrollo Sostenible]»: en los bordes izquierdo y superior, una fila de 17 conjuntos de hojas dispuestas en un triángulo que sugiere el símbolo universal de reciclaje, en referencia a los 17 Objetivos de la Agenda 2030 para el Desarrollo Sostenible; en los bordes inferior y derecho, la leyenda «Portugal», el escudo nacional de armas de Portugal, el año y la marca de ceca “Casa da Moeda” y el nombre de la diseñadora (Carolina Ladeira). En la corona circular de la moneda figuran las doce estrellas de la bandera europea.";Junio de 2025;515.000;Conmemora el Desarrollo Sostenible y los 17 Objetivos, en el 10.º aniversario de la Agenda 2030 para el Desarrollo Sostenible, y el esfuerzo conjunto de los gobiernos y ciudadanos de todo el mundo para crear un nuevo modelo global para erradicar la pobreza, promover la prosperidad y el bienestar para todos, proteger el medio ambiente y combatir el cambio climático.;;;
Portugal;2025;Movimiento escultista mundial;;En el reverso nacional de esta moneda figura una flor de lis, el símbolo más universal del escultismo. Este motivo central está rodeado por varias inscripciones: en la parte superior, la frase “Sempre alerta. Sempre pronto” (Siempre alerta. Siempre listo), que son las dos traducciones portuguesas del lema de Baden-Powell “Be Prepared”. Estas frases son utilizadas por las principales organizaciones scouts en Portugal. A la izquierda se encuentra el nombre del diseñador (Pedro Carvalho), en la parte inferior el año de emisión y el país emisor “Portugal”, y a la derecha el escudo nacional de armas de Portugal, seguido de la marca de ceca “Casa da Moeda”. En la corona circular de la moneda figuran las doce estrellas de la bandera europea.;Junio de 2025;515.000;"Rinde homenaje al Movimiento Scout y a los movimientos juveniles que promueven el intercambio cultural, la comprensión mutua y la amistad. En 2025, Portugal será la sede del 16.º Moot Scout Mundial, que reunirá a scouts de entre 18 y 25 años de todo el mundo para aprender unos de otros y desarrollar nuevas habilidades.
La moneda honra los movimientos escultista mundial y de juventud que promueven el intercambio cultural, el entendimiento mutuo y la amistad, ya que en 2025 se celebrará en Portugal la 16ª asamblea mundial escultista, reuniendo a escoltas de 18 a 25 años de todo el mundo para aprender unos de otros y desarrollar nuevas capacidades.";;;
Portugal;2026;Centenario de la presencia de la acción Rotary en Portugal;;"El diseño de la moneda apuesta por un lenguaje simbólico. En el centro aparecen figuras humanas estilizadas rodeando una esfera, que representa el planeta Tierra y la unión entre personas. Las manos superpuestas evocan cooperación y ayuda mutua, mientras que el engranaje, símbolo tradicional de Rotary, refuerza la idea de trabajo conjunto y compromiso social.
Completan el diseño las inscripciones con el nombre de la organización, el país emisor y el año de emisión, junto a las doce estrellas de la Unión Europea en la corona exterior.";Abril de 2026;500.000;Rotary es una organización internacional de carácter humanitario y social que, desde su llegada a Portugal, ha desarrollado una intensa labor en ámbitos como la educación, la salud, la cooperación internacional y la ayuda a colectivos desfavorecidos. A lo largo de estos cien años, su actividad ha tenido un impacto significativo en numerosas comunidades del país.;;;
Portugal;2026;70 aniversario de la Fundación Calouste Gulbenkian;;"El motivo central de la moneda reproduce la cuadriga de cuatro caballos, emblema histórico de la fundación. Este símbolo representa dinamismo, progreso y visión de futuro. Junto a él aparecen las fechas del aniversario y el nombre de la institución.
En el diseño también se incluyen las palabras arte, beneficencia, ciencia y educación, que resumen los cuatro pilares fundamentales sobre los que se asienta la actividad de la fundación desde su creación.";Septiembre de 2026;100.000;"La segunda moneda conmemorativa estará dedicada al 70 aniversario de la Fundación Calouste Gulbenkian, una de las instituciones culturales y filantrópicas más importantes de Portugal y de Europa.
Fundada en 1956, la fundación ha sido clave en la promoción del arte, la ciencia, la educación y la beneficencia, apoyando museos, proyectos culturales, investigación científica y programas educativos que han trascendido las fronteras portuguesas.";;;
Portugal;2002;Cara Nacional 2€;;Las monedas de 1€ y 2€ exhiben castillos y escudos de armas del país, rodeados de las estrellas europeas como símbolo del diálogo, el intercambio de valores y la dinámica de la construcción europea. En el centro figura el sello real de 1144. Grabado del canto (virola) de la moneda de 2€: cinco escudos de armas y siete castillos dispuestos a intervalos regulares.;01 de enero de 2002;Indefinido;En este país se escogieron los diseños para la cara nacional de las monedas en euros entre las opciones presentadas en un concurso de ámbito nacional. El ganador fue el diseñador Vítor Manuel Fernandes dos Santos, que se inspiró en símbolos tomados de la historia de Portugal y en los sellos del primer rey, Don Afonso Henriques.;;;
San Marino;2004;Bartolomeo Borghesi, historiador y numismático;;Las doce estrellas de la Unión Europea, dispuestas en el anillo exterior de la moneda, y el año de emisión «2004», que aparece en el centro y abajo, rodean el busto de Bartolomeo Borghesi. A la izquierda del busto figura la inscripción «Bartolomeo Borghesi» y encima la letra «R» y las iniciales del grabador «E.L.F.». A la derecha del busto aparece la palabra «San Marino».;Diciembre de 2004;110.000;;;;
San Marino;2005;Año Mundial de la Física;;En el centro de la moneda aparece una interpretación libre de la pintura alegórica conocida como «La fisica antica o el estudio de los planetas», que representa a Galileo Galilei. El año de emisión se muestra en la ilustración debajo de un globo terráqueo colocado sobre un escritorio. A la izquierda se ha añadido la marca de ceca «R» y en el lado derecho, las iniciales del grabador, «LDS». Las palabras «San Marino» forman un semicírculo sobre la imagen y la expresión «ANNO MONDIALE DELLA FISICA» ocupa el borde inferior de la parte interna. En el anillo exterior figuran las doce estrellas de la Unión Europea, entre las que se aprecian los extremos de un átomo estilizado, que cubre toda la moneda.;Octubre de 2005;130.000;;;;
San Marino;2006;V centenario de la muerte de Cristóbal Colón;;En el centro de la moneda figura la imagen de Cristóbal Colón y de las tres carabelas. La inscripción «SAN MARINO» aparece sobre el retrato y, a la derecha, una rosa de los vientos y la marca de la Fábrica de la Moneda («R»). Un pergamino con las fechas «1506 - 2006» figura debajo del retrato. Las doce estrellas de la Unión Europea rodean el diseño.;Octubre de 2006;120.000;;;;
San Marino;2007;Bicentenario del nacimiento de Giuseppe Garibaldi;;En el centro de la moneda figura el grabado de un retrato de Giuseppe Garibaldi flanqueado por la inscripción «SAN MARINO» y el año de emisión «2007», a izquierda y a derecha respectivamente. A la izquierda del retrato aparece la marca de la Fábrica de la Moneda «R» y en la parte inferior izquierda del círculo interior de la moneda están inscritas las iniciales del artista Ettore Lorenzo Frapiccini «E.L.F.». En la corona circular se representan las doce estrellas de la Unión Europea.;Octubre de 2007;130.000;;;;
San Marino;2008;Año europeo del diálogo intercultural;;La moneda representa las diferentes culturas de las cinco regiones de Europa, simbolizadas por cinco siluetas humanas y por los textos sagrados de las distintas comunidades. La inscripción «ANNO EUROPEO DEL DIALOGO INTERCULTURALE» figura debajo de la imagen y, sobre ella, las palabras «SAN MARINO» y el año de emisión, «2008». A la derecha y a la izquierda del motivo aparecen, respectivamente, las iniciales del artista Ettore Lorenzo Frapiccini, «E.L.F.», y la marca de la Fábrica de la Moneda, «R». En la corona circular se representan las doce estrellas de la Unión Europea.;Abril de 2008;130.000;;;;
San Marino;2009;Año Europeo de la Creatividad y la Innovación;;La moneda representa objetos que evocan la investigación científica: un libro, un compás, una probeta y un matraz. A la izquierda figuran las tres plumas emblemáticas de la República de San Marino. A la derecha, el año de emisión, «2009», y la marca de la Fábrica de la Moneda, «R». La leyenda «CREATIVITÀ INNOVAZIONE» aparece arriba. Abajo, el nombre del país emisor, «SAN MARINO», y las iniciales del artista, «A.M.». En la corona circular figuran las doce estrellas de la Unión Europea.;05 de septiembre de 2009;130.000;;;;
San Marino;2010;Quinto centenario del fallecimiento de Sandro Botticelli;;La moneda conmemora el quinto centenario del fallecimiento de Alessandro di Mariano di Vanni Filipepi (1445-1510), pintor italiano de la escuela florentina más conocido como Sandro Botticelli o Il Botticello (El Barrilete). En la corona circular figuran las doce estrellas de la Unión Europea.;07 de septiembre de 2010;130.000;;;;
San Marino;2011;Quinto centenario del nacimiento de Giorgio Vasari;;La moneda conmemora el quinto centenario del nacimiento de Giorgio Vasari (30 de julio de 1511 – 27 de junio de 1574), pintor, escritor y arquitecto famoso por sus biografías de artistas italianos y actualmente considerado como el pionero de la historiografía del arte. En el centro de la moneda se muestra un detalle de su cuadro Giuditta decapitando a Oloferne. Centradas en la parte inferior se indican los años «1511-2011», con el nombre «G. VASARI» y la denominación del país emisor «SAN MARINO» a izquierda y derecha respectivamente, a lo largo del borde interior. La marca de la Fábrica de la Moneda «R», figura a la izquierda del motivo central, y las letras «CM», iniciales de la diseñadora Claudia Momoni, inmediatamente a la derecha. En la corona circular figuran las doce estrellas de la Unión Europea.;04 de junio de 2011;130.000;;;;
San Marino;2012;Diez años de billetes y monedas en euros (Diseño común: Eurozona);;La parte central de la moneda, diseñada por Helmut Andexlinger, de la Fábrica de Moneda de Austria, y escogida por los ciudadanos y residentes de la zona del euro como moneda conmemorativa común de 2012, muestra el mundo en forma de símbolo del euro en el centro, aludiendo a cómo el euro se ha convertido en un verdadero actor mundial a lo largo de la última década. Los elementos que rodean al euro simbolizan su importancia para la gente corriente (representada por una familia de cuatro miembros), para el mundo de las finanzas (la Eurotower), para el comercio (un buque), para la industria (una fábrica) y la energía, para la investigación y el desarrollo (dos turbinas eólicas). Las iniciales del diseñador «A.H.» se aprecian (si se observa con mucha atención) entre el buque y la Eurotower. En los bordes superior e inferior de la parte central de la moneda figuran, respectivamente, el país emisor y los años «2002 – 2012». La moneda la emitirán todos los países de la zona del euro. En la corona circular figuran las doce estrellas de la Unión Europea.;19 de junio de 2012;130.000;San Marino (SAN MARINO);;;
San Marino;2013;500º aniversario de la muerte del pintor italiano Pinturicchio;;"En primer plano aparece el fresco «Disputa de Jesús con los Doctores»; en la parte inferior, la inscripción «SAN MARINO», en semicírculo; a la izquierda, la marca de ceca «R»; debajo del fresco, el nombre del autor «MOMONI»; encima del fresco, la inscripción «PINTURICCHIO» en semicírculo, y debajo de esta, los años «1513» y «2013». En la corona circular de la moneda figuran las doce estrellas de la Unión Europea.";13 de septiembre de 2013;115.000;;;;
San Marino;2014;Quinto centenario de la muerte de Bramante Lazzari delle Penne di San Marino;;La moneda muestra un retrato de Bramante y parte del templete ubicado en el patio del convento de San Pietro in Montorio («Tempietto»), tumba conmemorativa construida por Donato Bramante posiblemente ya en 1502, considerado obra maestra de la arquitectura del Alto Renacimiento italiano. La inscripción «BRAMANTE LAZZARI DELLE PENNE DI SAN MARINO» rodea casi completamente el diseño. A la izquierda y a la derecha se indican los años «1514» y «2014», respectivamente. En la parte inferior, las iniciales «MCC» de la artista Maria Carmela Colaneri y la marca de ceca. En la corona circular figuran las doce estrellas de la Unión Europea.;23 de junio de 2014;110.000;;;;
San Marino;2014;90º aniversario de la muerte de Giacomo Puccini;;"La imagen muestra un retrato del compositor Giacomo Puccini. A la derecha, aparece el nombre del país emisor, «SAN MARINO», en semicírculo; a la izquierda, la inscripción «G. PUCCINI» y la marca de ceca; en la parte inferior, el año «2014». En la corona circular figuran las doce estrellas de la Unión Europea.";29 de septiembre de 2014;100.000;;;;
San Marino;2015;750º aniversario del nacimiento de Dante Alighieri;;"El diseño de Annalisa Masini muestra un retrato de Dante, extraído de un fresco de Botticelli. A la derecha del retrato, aparece la inscripción «Dante», en vertical; en el centro, a la derecha, el nombre del país emisor «SAN MARINO», en semicírculo; entre ambas inscripciones, la marca de ceca «R», los años «1265» y «2015» y las iniciales de la artista, «AM». El estilo tipográfico utilizado para identificar el motivo de la moneda y el país está inspirado en la tipografía de las primeras copias de la Divina Commedia de Dante. En la corona circular de la moneda figuran las doce estrellas de la Unión Europea.";08 de abril de 2015;104.000;;;;
San Marino;2015;25° aniversario de la reunificación alemana;;El motivo muestra la Puerta de Brandeburgo, que estaba situada en Berlín Oriental durante la Guerra Fría, en dos representaciones entrelazadas como dos manos, simbolizando la reunificación de las dos partes de Berlín. A la derecha, la marca de ceca «R» y, a la izquierda, las iniciales del artista «ES» (Erik Spiekermann). En círculo en torno al motivo aparecen la inscripción «25º ANNIVERSARIO DELLA RIUNIFICAZIONE DELLA GERMANIA 1990-2015» (25º aniversario de la reunificación alemana) y el país y el año de emisión «San Marino MMXV». En la corona circular de la moneda figuran las doce estrellas de la Unión Europea.;29 de septiembre de 2015;100.000;;;;
San Marino;2016;550º aniversario de la muerte de Donatello;;"El motivo representa, en primer plano a la izquierda, el retrato de David, detalle de la escultura de bronce creada por Donatello. En la parte superior, en el centro, figura la marca de ceca «R»; a la derecha, el nombre del país emisor «SAN MARINO»; en la parte inferior, a la derecha, la leyenda «DONATELLO», los años «1466-2016» y, en el centro, las iniciales del artista «MB». En la corona circular figuran las doce estrellas de la bandera europea.";05 de abril de 2016;85.000;;;;
San Marino;2016;Cuarto centenario de la muerte de William Shakespeare;;"El motivo reproduce un retrato del poeta. A la derecha y en semicírculo figuran los años «1616-2016» y el nombre del país emisor «San Marino»; abajo, a la derecha, las iniciales del artista «MB». A la izquierda y en semicírculo, la inscripción «William Shakespeare»; abajo, a la izquierda, la marca de ceca «R». En la corona circular figuran las doce estrellas de la bandera europea.";22 de septiembre de 2016;85.000;;;;
San Marino;2017;750º aniversario del nacimiento de Giotto;;"A la izquierda, un detalle de la torre campanario de Santa María del Fiore de Florencia, obra arquitectónica de Giotto; en vertical, las inscripciones «SAN MARINO», «GIOTTO» y las fechas «1267-2017»; a la derecha, un detalle del retrato de Giotto y las iniciales de la autora Luciana De Simoni, «LDS»; en la parte de abajo, la marca de ceca de la Casa de la Moneda de Roma, «R». En la corona circular de la moneda figuran las doce estrellas de la Unión Europea.";30 de marzo de 2017;70.500;;;;
San Marino;2017;Año Internacional del Turismo Sostenible para el Desarrollo;;El diseño muestra, en el centro, el planeta Tierra rodeado por olas y, entre estas a la derecha, un círculo con la letra A, símbolo del diseñador Andrew Lewis. En forma de arco, aparece, en la mitad superior, la inscripción «TURISMO SOSTENIBILE» y, en la mitad inferior, «SAN MARINO» y el año «2017». A la derecha se encuentran las iniciales de la grabadora Uliana Pernazza, «UP INC.», y a la izquierda, la letra «R», que representa la Fábrica de la Moneda italiana que se ocupó de la acuñación. En la corona circular de la moneda figuran las doce estrellas de la Unión Europea.;31 de agosto de 2017;70.500;La Asamblea General de las Naciones Unidas aprobó la adopción de 2017 como el Año Internacional del Turismo Sostenible para el Desarrollo. Por turismo sostenible se entiende un tipo de viajes que respetan el planeta, no modifican el entorno natural, social y artístico y no inhiben el desarrollo de actividades sociales y económicas. Se trata de un turismo opuesto al turismo de masas y suele promover las economías más débiles. La República de San Marino ha dedicado la moneda conmemorativa de 2 euros, diseñada por el artista canadiense Andrew Lewis, a este tema, con el objetivo de promover una nueva mentalidad y animar a los turistas a respetar el medio ambiente. ;;;
San Marino;2018;500º aniversario del nacimiento de Tintoretto;;En el centro de la moneda se reproduce un detalle del cuadro de Tintoretto «La Visitación» (el abrazo de la Virgen María e Isabel) y se indican las fechas «1518-2018». En el borde, se observa «SAN MARINO» en la parte superior y «Tintoretto» en la parte inferior, y a la izquierda se aprecian las iniciales de la autora Luciana de Simoni, «LDS», y la letra «R», que identifica a la Casa de la Moneda de Roma. En la corona circular de la moneda figuran las doce estrellas de la Unión Europea.;05 de abril de 2018;60.500;;;;
San Marino;2018;El 420º aniversario del nacimiento de Gian Lorenzo Bernini;;"La moneda reproduce en su centro un detalle de la obra de Bernini «Busto de Costanza Bonarelli» e incluye las fechas «1598-2018»; en el contorno aparecen, a la izquierda, la inscripción «SAN MARINO», a la derecha la inscripción «BERNINI», la letra «R», que identifica la ceca de Roma, y las iniciales de la autora Annalisa Masini, «A.M.». En la corona circular de la moneda figuran las doce estrellas de la bandera europea.";20 de septiembre de 2018;60.500;;;;
San Marino;2019;500º aniversario de la muerte de Leonardo da Vinci;;"El motivo muestra, en la parte central, un ángel pintado por Leonardo da Vinci en el cuadro «Bautismo de Cristo»; en la parte izquierda, en semicírculo de izquierda a derecha, figura la inscripción «SAN MARINO», y, en la parte derecha, la inscripción «1519 Leonardo 2019»; también se aprecian, en la parte izquierda, las siglas «UP», de la autora Uliana Pernazza, y, en la parte inferior derecha, la marca de ceca «R», de la Fábrica de la Moneda de Roma. En la corona circular de la moneda figuran las doce estrellas de la bandera europea.";04 de abril de 2019;60.500;;;;
San Marino;2019;550 aniversario de la muerte de Filippo Lippi;;El diseño representa, en el centro, a la Virgen con el Niño, detalle extraído de la obra del artista Filippo Lippi «La Virgen con el Niño y dos Ángeles». En la parte superior, aparecen las inscripciones «SAN MARINO» y «FILIPPO LIPPI» y, a la izquierda, el año «1469» y la letra «R» como abreviatura de Roma. En la parte inferior izquierda pueden leerse las iniciales de la autora Maria Angela Cassol, «M.A.C» y, en el centro, el año, «2019». En la corona circular de la moneda figuran las doce estrellas de la bandera europea.;29 de agosto de 2019;60.500;;;;
San Marino;2020;500º aniversario de la muerte de Rafael Sanzio (Raffaello);;El motivo reproduce el perfil de la Virgen, detalle del fresco «Madonna di Casa Santi», la primera obra maestra de un jovencísimo Rafael pintada en la casa familiar de Urbino, sede actual de la prestigiosa Academia Raffaello. La obra representa a la Virgen María con el niño Jesús dormido sobre sus rodillas y está impregnada de la tierna intimidad entre la madre y el hijo, un tema recurrente de su producción artística. En la parte superior derecha, el nombre del país emisor «SAN MARINO» y los años «1520» y «2020». En la parte inferior, la inscripción «RAFFAELLO», a la derecha las iniciales de la autora Annalisa Masini, «A.M.», y a la izquierda la marca de ceca «R», de la Fábrica de la Moneda de Roma. En la corona circular de la moneda figuran las doce estrellas de la bandera europea.;05 de marzo de 2020;54.000;;;;
San Marino;2020;250 aniversario de la muerte de Giambattista Tiepolo;;"En la parte izquierda de la moneda se reproduce el busto de un ángel, detalle del cuadro de Tiepolo «Agar e Ismael», que se conserva en la Escuela Grande de San Roque de Venecia, junto a las iniciales de la autora Claudia Momoni, «C.M.». En su parte superior figuran la inscripción «TIEPOLO» y la letra «R», que identifica a la Fábrica de Moneda de Roma; a la derecha, las fechas 1770 y 2020 y la inscripción «SAN MARINO». En la corona circular de la moneda figuran las doce estrellas de la bandera europea.";27 de agosto de 2020;54.000;;;;
San Marino;2021;450° aniversario del nacimiento de Caravaggio;;El motivo representa la «Magdalena penitente», detalle de la obra homónima de Caravaggio, conservada en la Galería Doria-Pamphili de Roma. En la parte superior izquierda figura la inscripción «SAN MARINO» y debajo las fechas «1571-2021». A la izquierda, las iniciales del autor Silvia Petrassi, «SP». En la parte superior derecha figuran la inscripción «CARAVAGGIO» y la marca de ceca. En la corona circular de la moneda figuran las doce estrellas de la bandera europea.;01 de marzo de 2021;54.000;;;;
San Marino;2021;550° aniversario del nacimiento de Alberto Durero;;El motivo muestra a la Virgen María con el niño Jesús, detalle de la pintura «Virgen con el Niño» de Alberto Durero, conservado en la Galería de los Uffizi de Florencia. A la izquierda figuran la inscripción «SAN MARINO» y la marca de ceca «R». En la parte superior derecha figura el monograma «AD», con las iniciales de Alberto Durero, y a la derecha la inscripción «DÜRER». En la parte inferior figuran las iniciales del autor Valerio De Seta, «VdS», y las fechas, «1471-2021». En la corona circular de la moneda figuran las doce estrellas de la bandera europea.;27 de agosto de 2021;54.000;;;;
San Marino;2022;Bicentenario de la muerte de Antonio Canova;;La diosa Hebe figura representada en el centro del anillo interior, según la escultura de Antonio Canova conservada en la galería de arte del Museo Cívico de San Domenico de Forlì. A su alrededor figuran las inscripciones «CANOVA» y «SAN MARINO». A la izquierda figura el año «1822» y las iniciales del autor Antonio Vecchio y, a la derecha, el año de emisión «2022» y la letra «R», que designa la ceca de Roma. En la corona circular de la moneda figuran las doce estrellas de la bandera europea.;04 de octubre de 2022;55.000;;;;
San Marino;2022;530º aniversario del fallecimiento de Piero della Francesca;;En el centro figura el perfil de Federico da Montefeltro, detalle de la pintura «Díptico de los duques de Urbino» de Piero della Francesca, conservada en las galerías de los Uffizi (Florencia). En la parte izquierda, en semicírculo, figura la inscripción «SAN MARINO». En la parte derecha, en semicírculo, figura la inscripción «PIERO DELLA FRANCESCA», los años «1492» y «2022», la letra «R», que designa la ceca de Roma, y las iniciales de la autora Claudia Momoni, «C.M.». En la corona circular de la moneda figuran las doce estrellas de la bandera europea.;28 de abril de 2022;55.000;;;;
San Marino;2023;500 aniversario de la muerte de Perugino;;El motivo muestra en el centro la Virgen María con el Niño Jesús, un detalle de la pintura «La Virgen con el Niño y los santos Juan Bautista y Sebastián» de Perugino, que se conserva en la Galería Uffizi (Florencia). En el lado izquierdo, figuran la inscripción «PERUGINO», las fechas «1523» y «2023» y la marca de ceca «R». En la parte derecha, figuran el nombre del país emisor «SAN MARINO» y, en la inferior derecha, las iniciales de la autora Maria Angela Cassol, MAC. En la corona circular de la moneda figuran las doce estrellas de la bandera europea.;27 de abril de 2023;56.000;"Pietro Vannucci, conocido como il Perugino, fue uno de los Maestros del Renacimiento italiano, un artista que influyó mucho en sus contemporáneos y cuyas obras aún enamoran a cualquiera que las observe hoy.
La imagen representada en la moneda está tomada de la obra «Virgen con el Niño entre San Juan Bautista y San Sebastián» realizada en 1493, es un óleo sobre tabla encargado por Cornelia Salviati, viuda del comerciante florentino Giovanni Martini, para la capilla de la iglesia del convento de San Domenico en Fiesole. Restaurada en 1995, el color, la luz y la perspectiva se consideran significativos.
El anverso de la moneda representa a la Virgen María con el Niño Jesús, detalle del cuadro «Virgen con el Niño entre San Juan Bautista y San Sebastián», conservado en las Galerías Uffizi (Florencia). La moneda se completa, a la izquierda, con la inscripción PERUGINO, las fechas 1523 y 2023 y, en la parte inferior, con la letra R, que identifica la Casa de la Moneda de Roma; a la derecha, con la inscripción SAN MARINO y, en la parte inferior, con las iniciales de la autora, Maria Angela Cassol, MAC. Alrededor, figuran las doce estrellas de la Unión Europea.";;;
San Marino;2023;El quinientos aniversario de la muerte de Luca Signorelli;;El motivo muestra un ángel en el centro, un detalle de la pintura «Il Paradiso» de Luca Signorelli, que se conserva en la Capilla de San Brizio en la catedral de Orvieto. En el lado izquierdo, figura la letra «R», que identifica la Fábrica de la Moneda de Roma. En semicírculo, en la parte inferior izquierda figura el nombre «SIGNORELLI». En el lado derecho, figura el nombre del país emisor «SAN MARINO», y en la superior, los años «1523-2023». En el centro de la parte de abajo, figuran las iniciales de la autora Marta Bonifacio, MB. En la corona circular de la moneda figuran las doce estrellas de la bandera europea.;05 de septiembre de 2023;56.000;"Luca Signorelli, seudónimo de Luca d’Egidio di Ventura, está considerado como uno de los más grandes intérpretes de la pintura renacentista italiana. Gracias a sus tempranas obras con temas del cristianismo, intervino en las decoraciones de la Sacristía del Santuario de la Santa Casa de Loreto y, a los treinta años, en la Capilla Sixtina, primero como ayudante de Perugino y después como artista titular. Famosos son los «tondi con Madonnas» que hoy se exponen en las galerías más prestigiosas del mundo.
En el centro de la moneda se representa un ángel, detalle del cuadro «Il Paradiso» de Luca Signorelli, conservado en la Capilla de San Brizio de la Catedral de Orvieto. El disño se completa a la izquierda con la letra R, que identifica a la Casa de la Moneda de Roma y alrededor de la parte inferior con la inscripción SIGNORELLI; a la derecha alrededor de la inscripción SAN MARINO, en el centro superior las fechas 1523 y 2023, en el centro inferior las iniciales de la autora Marta Bonifacio, MB. Alrededor de las doce estrellas de la Unión Europea.";;;
San Marino;2024;530º aniversario de la muerte de Ghirlandaio;;"En el centro figura la Virgen rezando, un detalle de la obra «La Adoración de los Pastores» de Domenico Ghirlandaio, que se conserva en la Capilla Sassetti de la iglesia de la Santa Trinidad (Florencia). A la izquierda, figuran la inscripción «SAN MARINO» y la letra «R» por la que se identifica la Casa de la Moneda de Roma; a la derecha, la inscripción «GHIRLANDAIO» y las fechas «1494» y «2024»; y en la parte inferior, las iniciales del artista, Valerio de Seta («VdS»). En la corona circular de la moneda figuran las doce estrellas de la bandera europea.";;;"Domenico Ghirlandaio ( 1448–1494) fue un pintor del Quattrocento. Su verdadero nombre era Domenico di Tommaso. Domenico fue el primero en idear y realizar los primeros adornos para las cabezas de las florentinas, llamados ghirlande en italiano. A partir de ese momento le pusieron el apodo Ghirlandaio.
Formó parte de lo que conocemos como generación del Renacimiento, coincidiendo con grandes artistas como Botticelli.
Poseía un taller en el que acogió a varios jóvenes para formarlos en el arte de la pintura. Su alumno más célebre fue sin duda Miguel Ángel, que entró en el taller de Ghirlandaio con tan sólo 13 años.
Sobre el año 1480, Domenico se convirtió en el retratista oficial de las familias florentinas más pudientes. El retrato era su género predilecto, tenía una técnica muy precisa que todos admiraban.
Algunos de sus obras más populares las podemos encontrar en la Basílica de Santa María Novella, en Florencia.";;;
San Marino;2024;50º aniversario de la Declaración de los derechos de los ciudadanos y de los principios fundamentales del ordenamiento jurídico de San Marino;;En el centro está representado un libro abierto con la leyenda «I DIRITTI DELLA PERSONA UMANA SONO INVIOLABILI» (Los derechos de la persona humana son inviolables), extraída del artículo 5 de la Ley n.º 59, de 8 de julio de 1974, «Declaración de los derechos de los ciudadanos y de los principios fundamentales del ordenamiento jurídico de San Marino». En la parte superior figuran las siluetas de la Estatua de la Libertad y el Palacio Público, así como el nombre del país emisor «SAN MARINO». A la izquierda, puede verse la letra «R», que identifica a la Casa de la Moneda de Roma. En la parte inferior se hallan el año de emisión «2024» y las iniciales del grabador Emanuele Ferretti («E.F. INC.»). En la corona circular de la moneda figuran las doce estrellas de la bandera europea.;Abril de 2024;56.000;"La Declaración de Derechos de los Ciudadanos y Principios Fundamentales del ordenamiento jurídico de San Marino es una Ley de la República de San Marino (Ley nº 59 de 8 de julio de 1974, modificada y completada por la Ley nº 36 de 26 de febrero de 2002), que sirve de texto constitucional. De hecho, San Marino no tiene una verdadera Constitución codificada.
La Declaración, en su preámbulo, reafirma las tradiciones de libertad y democracia de la República y repudia todo totalitarismo; a continuación, establece los órganos responsables de los poderes del Estado; por último, enuncia y sanciona, los derechos de libertad de los ciudadanos. La enmienda de 2002, entre otras cosas, interviene en el preámbulo, eliminando la referencia al fascismo como totalitarismo repudiado, afirma la prevalencia del derecho internacional de protección de las libertades y los derechos humanos sobre el derecho interno, detalla las funciones de los órganos del Estado, establece el Colegio Garante de la Constitucionalidad de las Normas y prevé el tipo de «derecho constitucional» para la aplicación de los principios fundamentales de la Declaración.";;;
San Marino;2025;Año Santo Jubilar 2025 - Peregrinos de la Esperanza;;"El diseño representa en el centro a una mujer con un ancla, una alegoría de la Esperanza, que lleva a un niño de la mano, símbolo de la humanidad. A la izquierda figura la inscripción «SAN MARINO», cuatro velas cuadras, la letra «R», que identifica la Casa de la Moneda de Roma, y el apellido del artista «DI MAULO» (Gabriele Di Maulo); en la parte superior derecha, una estrella de ocho puntas, la inscripción «IUBILAEUM 2025» y, en la parte inferior, la abreviatura de la grabadora «M.B.INC» (Marta Bonifacio). En la corona circular de la moneda figuran las doce estrellas de la bandera europea.";marzo de 2025;56.000;El Año Santo Jubilar 2025, con el lema «Peregrinos de la Esperanza», es un evento especial de la Iglesia Católica que invita a millones de fieles a peregrinar a Roma, participar en celebraciones espirituales y obtener indulgencias plenarias. Destaca la apertura de la Puerta Santa en la Basílica de San Pedro y actividades centradas en la esperanza, la paz y la renovación espiritual. Es un llamado a fortalecer la fe y promover la reconciliación.;;;
San Marino;2025;550 Aniversario del Nacimiento de Miguel Ángel Buonarroti;;El diseño representa, en el centro, a Cleopatra, detalle del dibujo de Michelangelo Buonarroti, conservado en la Fundación Casa Buonarroti (Florencia). A la izquierda, figuran la inscripción «MICHELANGELO», la letra «R» por la que se identifica la Casa de la Moneda de Roma y el año «1475», y a la derecha, el nombre del país emisor, «SAN MARINO», en forma de semicírculo y el año «2025». En la parte inferior figuran las iniciales de la autora «SP» (Silvia Petrassi). En la corona circular de la moneda figuran las doce estrellas de la bandera europea.;03 de Julio de 2025;56.000;En 2025 se celebra el 550 aniversario del nacimiento de Miguel Ángel Buonarroti (1475-1564), genio del Renacimiento. Esta conmemoración destaca su legado como escultor, pintor, arquitecto y poeta, autor de obras maestras como el David, la Capilla Sixtina y la Piedad. Habrá exposiciones, conferencias y eventos culturales en Italia y el mundo, resaltando su impacto en el arte y la cultura universal.;;;
San Marino;2026;450º aniversario de la muerte de Tiziano Vecellio;;"La moneda presenta una interpretación alegórica de la Sabiduría (Sapienza), inspirada en el célebre ciclo de frescos que Tiziano realizó para el techo de la Biblioteca Marciana de Venecia. La figura femenina aparece sentada sobre una nube y sostiene un pergamino enrollado, atributo tradicional del conocimiento y de la erudición.
El diseño no reproduce de manera literal el fresco original, sino que ofrece una reinterpretación numismática de su iconografía, evocando el pensamiento humanista y el ideal intelectual que caracterizan la obra tardía del maestro veneciano.
Completan el motivo las leyendas «TIZIANO», «SAN MARINO» y las fechas «1576 – 2026», junto a la marca de ceca, mientras que el anillo exterior presenta las doce estrellas de la Unión Europea.";?;?;"La primera moneda prevista en el programa está dedicada a Tiziano Vecellio (1490–1576), uno de los grandes maestros del Renacimiento italiano y figura esencial en la evolución de la pintura europea. Nacido en Pieve di Cadore y activo principalmente en Venecia, Tiziano revolucionó el arte de su tiempo mediante un uso innovador del color y de la luz, influyendo de manera decisiva en generaciones posteriores.
A lo largo de su carrera trabajó para importantes mecenas, como el emperador Carlos V y el papa Paulo III, y dejó obras maestras como La Asunción de la Virgen o Amor sacro y amor profano. Falleció en Venecia en 1576 durante una epidemia de peste, tras más de seis décadas de actividad artística.";;;
San Marino;2026;800º aniversario de la muerte de Francisco de Asís;;"La imagen muestra una escena de gran carga simbólica: San Francisco interactuando con un lobo, clara referencia al episodio del lobo de Gubbio, uno de los relatos más conocidos de su hagiografía. El santo aparece extendiendo la mano en un gesto de serenidad y conciliación, mientras el animal, representado en actitud dócil, simboliza la reconciliación entre el ser humano y la naturaleza.
La composición se completa con motivos florales y vegetales, que refuerzan el mensaje de armonía con la creación y remiten al Cántico de las criaturas. El cuidado tratamiento de los detalles confiere a la escena un marcado carácter narrativo y contemplativo.
En el campo de la moneda figuran las leyendas «FRANCESCO D’ASSISI», «SAN MARINO» y las fechas «1226 – 2026», junto a la marca de ceca, con las doce estrellas de la Unión Europea en el anillo exterior.";?;?;"La segunda moneda incluida en el programa numismático está dedicada a Francisco de Asís (1182–1226), fundador de la orden franciscana y una de las figuras espirituales más influyentes de la historia europea. Hijo de un rico comerciante, renunció a toda riqueza para abrazar una vida de pobreza, humildad y servicio, predicando el amor, la paz y el respeto por la naturaleza.
Autor del Cántico de las criaturas y primer santo en recibir los estigmas, fue canonizado en 1228. Su mensaje de fraternidad universal mantiene plena vigencia ocho siglos después de su muerte.";;;
San Marino;2010;Cara Nacional 2€;;Primera serie: en el motivo figura el edificio del Gobierno (Palazzo Pubblico). Grabado del canto (virola) de la moneda de 2€: «2*», repetido seis veces y orientado alternativamente de abajo arriba y de arriba abajo.;01 de enero de 2010;Indefinido;;;;
San Marino;2017;Cara Nacional 2€;;Segunda serie: en el motivo figura el retrato de San Marino, detalle de una pintura de Giovan Battista Urbinelli.;01 de enero de 2017;Indefinido;;;;
;;;;;;;;;;
;;;;;;;;;;
;;;;;;;;;;
;;;;;;;;;;
;;;;;;;;;;
;;;;;;;;;;
;;;;;;;;;;
;;;;;;;;;;
;;;;;;;;;;
;;;;;;;;;;
;;;;;;;;;;
;;;;;;;;;;
;;;;;;;;;;
;;;;;;;;;;
;;;;;;;;;;
;;;;;;;;;;
;;;;;;;;;;
;;;;;;;;;;
;;;;;;;;;;
;;;;;;;;;;
;;;;;;;;;;
;;;;;;;;;;
;;;;;;;;;;
;;;;;;;;;;
;;;;;;;;;;
;;;;;;;;;;
;;;;;;;;;;
;;;;;;;;;;
;;;;;;;;;;
;;;;;;;;;;
;;;;;;;;;;
;;;;;;;;;;
;;;;;;;;;;
;;;;;;;;;;
;;;;;;;;;;
;;;;;;;;;;
;;;;;;;;;;
;;;;;;;;;;
;;;;;;;;;;
;;;;;;;;;;
;;;;;;;;;;
;;;;;;;;;;
;;;;;;;;;;
;;;;;;;;;;
;;;;;;;;;;
;;;;;;;;;;
;;;;;;;;;;
;;;;;;;;;;
;;;;;;;;;;
;;;;;;;;;;
;;;;;;;;;;
;;;;;;;;;;
;;;;;;;;;;
;;;;;;;;;;
;;;;;;;;;;
;;;;;;;;;;
;;;;;;;;;;
;;;;;;;;;;
;;;;;;;;;;
;;;;;;;;;;
;;;;;;;;;;
;;;;;;;;;;
;;;;;;;;;;
;;;;;;;;;;
;;;;;;;;;;
;;;;;;;;;;
;;;;;;;;;;
;;;;;;;;;;
;;;;;;;;;;
;;;;;;;;;;
;;;;;;;;;;
;;;;;;;;;;
;;;;;;;;;;
;;;;;;;;;;
;;;;;;;;;;
;;;;;;;;;;
;;;;;;;;;;
;;;;;;;;;;
;;;;;;;;;;
;;;;;;;;;;
;;;;;;;;;;
;;;;;;;;;;
;;;;;;;;;;
;;;;;;;;;;
;;;;;;;;;;
;;;;;;;;;;
;;;;;;;;;;
;;;;;;;;;;
;;;;;;;;;;
;;;;;;;;;;
;;;;;;;;;;
;;;;;;;;;;
;;;;;;;;;;
;;;;;;;;;;
;;;;;;;;;;
;;;;;;;;;;
;;;;;;;;;;
;;;;;;;;;;
;;;;;;;;;;
;;;;;;;;;;
;;;;;;;;;;
;;;;;;;;;;
;;;;;;;;;;
;;;;;;;;;;
;;;;;;;;;;
;;;;;;;;;;
;;;;;;;;;;
;;;;;;;;;;
;;;;;;;;;;
;;;;;;;;;;
;;;;;;;;;;
;;;;;;;;;;
;;;;;;;;;;
;;;;;;;;;;
;;;;;;;;;;
;;;;;;;;;;
;;;;;;;;;;
;;;;;;;;;;
;;;;;;;;;;
;;;;;;;;;;
;;;;;;;;;;
;;;;;;;;;;
;;;;;;;;;;
;;;;;;;;;;
;;;;;;;;;;
;;;;;;;;;;
;;;;;;;;;;
;;;;;;;;;;
;;;;;;;;;;
;;;;;;;;;;
;;;;;;;;;;
;;;;;;;;;;
;;;;;;;;;;
;;;;;;;;;;
;;;;;;;;;;
;;;;;;;;;;
;;;;;;;;;;
;;;;;;;;;;
;;;;;;;;;;
;;;;;;;;;;
;;;;;;;;;;
;;;;;;;;;;
;;;;;;;;;;
;;;;;;;;;;
;;;;;;;;;;
;;;;;;;;;;
;;;;;;;;;;
;;;;;;;;;;
;;;;;;;;;;
;;;;;;;;;;
;;;;;;;;;;
;;;;;;;;;;
;;;;;;;;;;
;;;;;;;;;;
;;;;;;;;;;
;;;;;;;;;;
;;;;;;;;;;
;;;;;;;;;;
;;;;;;;;;;
;;;;;;;;;;
;;;;;;;;;;
;;;;;;;;;;
;;;;;;;;;;
;;;;;;;;;;
;;;;;;;;;;
;;;;;;;;;;
;;;;;;;;;;
;;;;;;;;;;
;;;;;;;;;;
;;;;;;;;;;
;;;;;;;;;;
;;;;;;;;;;
;;;;;;;;;;
;;;;;;;;;;
;;;;;;;;;;
;;;;;;;;;;
;;;;;;;;;;
;;;;;;;;;;
;;;;;;;;;;
;;;;;;;;;;
;;;;;;;;;;
;;;;;;;;;;
;;;;;;;;;;
;;;;;;;;;;
;;;;;;;;;;
;;;;;;;;;;
;;;;;;;;;;
;;;;;;;;;;
;;;;;;;;;;
;;;;;;;;;;
;;;;;;;;;;
;;;;;;;;;;
;;;;;;;;;;
;;;;;;;;;;
;;;;;;;;;;
;;;;;;;;;;
;;;;;;;;;;
;;;;;;;;;;
;;;;;;;;;;
;;;;;;;;;;
;;;;;;;;;;
;;;;;;;;;;
;;;;;;;;;;
;;;;;;;;;;
;;;;;;;;;;
;;;;;;;;;;
;;;;;;;;;;
;;;;;;;;;;
;;;;;;;;;;
;;;;;;;;;;
;;;;;;;;;;
;;;;;;;;;;
;;;;;;;;;;
;;;;;;;;;;
;;;;;;;;;;
;;;;;;;;;;
;;;;;;;;;;
;;;;;;;;;;
;;;;;;;;;;
;;;;;;;;;;
;;;;;;;;;;
;;;;;;;;;;
;;;;;;;;;;
;;;;;;;;;;
;;;;;;;;;;
;;;;;;;;;;
;;;;;;;;;;
;;;;;;;;;;
;;;;;;;;;;
;;;;;;;;;;
;;;;;;;;;;
;;;;;;;;;;
;;;;;;;;;;
;;;;;;;;;;
;;;;;;;;;;
;;;;;;;;;;
;;;;;;;;;;
;;;;;;;;;;
;;;;;;;;;;
;;;;;;;;;;
;;;;;;;;;;
;;;;;;;;;;
;;;;;;;;;;
;;;;;;;;;;
;;;;;;;;;;
;;;;;;;;;;
;;;;;;;;;;
;;;;;;;;;;
;;;;;;;;;;
;;;;;;;;;;
;;;;;;;;;;
;;;;;;;;;;
;;;;;;;;;;
;;;;;;;;;;
;;;;;;;;;;
;;;;;;;;;;
;;;;;;;;;;
;;;;;;;;;;
;;;;;;;;;;
;;;;;;;;;;
;;;;;;;;;;
;;;;;;;;;;
;;;;;;;;;;
;;;;;;;;;;
;;;;;;;;;;
;;;;;;;;;;
;;;;;;;;;;
;;;;;;;;;;
;;;;;;;;;;
;;;;;;;;;;
;;;;;;;;;;
;;;;;;;;;;
;;;;;;;;;;
;;;;;;;;;;
;;;;;;;;;;
;;;;;;;;;;
;;;;;;;;;;
;;;;;;;;;;
;;;;;;;;;;
;;;;;;;;;;
;;;;;;;;;;
;;;;;;;;;;
;;;;;;;;;;
;;;;;;;;;;
;;;;;;;;;;
;;;;;;;;;;
;;;;;;;;;;
;;;;;;;;;;
;;;;;;;;;;
;;;;;;;;;;
;;;;;;;;;;
;;;;;;;;;;
;;;;;;;;;;
;;;;;;;;;;
;;;;;;;;;;
;;;;;;;;;;
;;;;;;;;;;
;;;;;;;;;;
;;;;;;;;;;
;;;;;;;;;;
;;;;;;;;;;
;;;;;;;;;;
;;;;;;;;;;
;;;;;;;;;;
;;;;;;;;;;
;;;;;;;;;;
;;;;;;;;;;
;;;;;;;;;;
;;;;;;;;;;
;;;;;;;;;;
;;;;;;;;;;
;;;;;;;;;;
;;;;;;;;;;
;;;;;;;;;;
;;;;;;;;;;
;;;;;;;;;;
;;;;;;;;;;
;;;;;;;;;;
;;;;;;;;;;
;;;;;;;;;;
;;;;;;;;;;
;;;;;;;;;;
;;;;;;;;;;
;;;;;;;;;;
;;;;;;;;;;
;;;;;;;;;;
;;;;;;;;;;
;;;;;;;;;;
;;;;;;;;;;
;;;;;;;;;;
;;;;;;;;;;
;;;;;;;;;;
;;;;;;;;;;
;;;;;;;;;;
;;;;;;;;;;
;;;;;;;;;;
;;;;;;;;;;
;;;;;;;;;;
;;;;;;;;;;
;;;;;;;;;;
;;;;;;;;;;
;;;;;;;;;;
;;;;;;;;;;
;;;;;;;;;;
;;;;;;;;;;
;;;;;;;;;;
;;;;;;;;;;
;;;;;;;;;;
;;;;;;;;;;
;;;;;;;;;;
;;;;;;;;;;
;;;;;;;;;;
;;;;;;;;;;
;;;;;;;;;;
;;;;;;;;;;
;;;;;;;;;;
;;;;;;;;;;
;;;;;;;;;;
;;;;;;;;;;
;;;;;;;;;;
;;;;;;;;;;
;;;;;;;;;;
;;;;;;;;;;
;;;;;;;;;;
;;;;;;;;;;
;;;;;;;;;;
;;;;;;;;;;
;;;;;;;;;;
;;;;;;;;;;
;;;;;;;;;;
;;;;;;;;;;
;;;;;;;;;;
;;;;;;;;;;
;;;;;;;;;;
;;;;;;;;;;
;;;;;;;;;;
;;;;;;;;;;
;;;;;;;;;;
;;;;;;;;;;
;;;;;;;;;;
;;;;;;;;;;
;;;;;;;;;;
